arrival_time,priority_level,cpu_utilization,memory_utilization,num_threads,process_status,target_schedule,combined_load_score
0.0008,2,0.0,0.78,47,3,1,40.39
0.0101,2,0.0,0.99,17,3,1,40.495
0.0189,2,0.0,0.04,3,3,1,40.02
0.0257,2,1.1,1.61,19,3,1,42.125
0.0344,2,0.0,0.02,3,3,1,40.01
0.0438,3,0.0,0.14,6,3,1,60.07
0.0532,2,0.0,0.81,24,3,1,40.405
0.059,2,0.0,0.09,2,3,1,40.045
0.0657,2,0.0,0.01,2,3,1,40.005
0.0715,4,0.0,0.42,19,3,0,80.21
0.0778,2,0.0,0.13,10,3,1,40.065
0.0835,2,0.0,0.14,8,3,1,40.07
0.0896,2,0.0,0.01,2,3,1,40.005
0.0953,2,3.6,3.88,83,3,1,46.26
0.1001,2,0.0,0.22,23,3,1,40.11
0.1059,2,0.0,0.24,13,3,1,40.12
0.1111,2,0.0,0.05,6,3,1,40.025
0.115,2,0.0,0.03,1,3,1,40.015
0.1196,0,0.0,0.09,28,3,2,0.045
0.1266,2,0.0,0.01,2,3,1,40.005
0.1311,1,0.0,0.1,18,3,2,20.05
0.138,2,0.0,0.09,9,3,1,40.045
0.1448,2,0.0,0.05,9,3,1,40.025
0.1499,2,0.0,0.03,2,3,1,40.015
0.1546,2,0.0,0.3,5,3,1,40.15
0.1604,3,0.0,0.09,21,3,1,60.045
0.165,2,20.7,1.96,34,3,1,65.82000000000001
0.1706,2,0.0,0.34,24,3,1,40.17
0.1766,2,0.0,0.22,9,3,1,40.11
0.1809,2,0.0,0.03,2,3,1,40.015
0.1854,2,65.1,0.25,7,3,0,118.24499999999999
0.1928,2,0.0,0.63,61,3,1,40.315
0.1977,2,0.0,0.04,4,3,1,40.02
0.2022,2,0.0,0.73,31,1,1,40.365
0.2098,0,0.0,0.32,29,3,2,0.16
0.2163,2,0.0,0.26,31,3,1,40.13
0.2224,2,0.0,0.37,11,3,1,40.185
0.2275,2,0.0,0.0,38,1,1,40.0
0.2334,2,0.0,0.01,17,3,1,40.005
0.2381,2,0.0,0.13,11,3,1,40.065
0.2433,2,0.0,0.3,3,3,1,40.15
0.2486,2,0.0,0.43,50,3,1,40.215
0.2543,2,0.0,0.05,9,3,1,40.025
0.2612,2,0.0,0.05,9,3,1,40.025
0.2658,2,0.0,0.07,24,3,1,40.035
0.2723,2,0.0,0.11,7,3,1,40.055
0.2767,2,0.0,0.19,2,3,1,40.095
0.2811,0,0.0,0.39,12,3,2,0.195
0.2853,2,0.0,0.06,8,3,1,40.03
0.2908,2,0.0,0.01,17,3,1,40.005
0.2959,2,0.0,0.04,3,3,1,40.02
0.3006,0,0.0,1.41,29,3,2,0.705
0.3067,2,0.0,0.04,4,3,1,40.02
0.3131,0,0.0,0.16,29,3,2,0.08
0.3181,2,0.0,0.41,29,3,1,40.205
0.3247,2,0.0,0.01,2,3,1,40.005
0.3307,2,0.0,0.12,9,1,1,40.06
0.3366,2,0.0,0.32,20,3,1,40.16
0.3435,2,0.0,0.18,16,3,1,40.09
0.348,2,0.0,0.07,2,3,1,40.035
0.3523,4,0.0,0.2,14,3,0,80.1
0.3593,2,0.0,0.22,8,3,1,40.11
0.3641,2,0.0,0.07,3,3,1,40.035
0.3681,2,0.0,0.95,16,1,1,40.475
0.3746,2,0.0,1.14,46,3,1,40.57
0.379,2,0.0,2.49,27,3,1,41.245
0.3833,2,0.0,0.19,7,3,1,40.095
0.3884,2,0.0,0.03,4,3,1,40.015
0.3932,0,0.0,0.08,14,3,2,0.04
0.3962,2,0.0,0.07,8,3,1,40.035
0.4005,2,0.0,0.15,29,3,1,40.075
0.4062,4,0.0,0.07,3,3,0,80.035
0.4115,2,0.0,0.03,3,3,1,40.015
0.4155,2,0.0,0.3,14,3,1,40.15
0.4209,0,0.0,0.12,44,3,2,0.06
0.4268,2,0.0,0.14,11,3,1,40.07
0.4383,2,0.0,0.11,8,3,1,40.055
0.4485,2,0.0,0.19,26,3,1,40.095
0.4577,2,0.0,0.87,17,1,1,40.435
0.4626,2,0.0,0.04,5,3,1,40.02
0.4659,2,0.0,0.2,8,3,1,40.1
0.4721,2,0.0,0.03,2,3,1,40.015
0.477,3,0.0,0.2,24,3,1,60.1
0.481,2,0.0,0.05,9,3,1,40.025
0.4854,0,0.0,0.06,28,3,2,0.03
0.4906,2,0.0,0.08,5,3,1,40.04
0.4952,2,0.0,0.03,19,3,1,40.015
0.4993,2,0.0,0.11,10,3,1,40.055
0.5036,2,0.0,0.19,10,3,1,40.095
0.5083,2,0.0,0.44,5,3,1,40.22
0.513,3,0.0,0.14,20,3,1,60.07
0.5175,2,0.0,0.3,15,3,1,40.15
0.5233,2,0.0,0.26,8,3,1,40.13
0.5284,2,0.0,0.05,2,3,1,40.025
0.5323,2,0.0,0.11,11,3,1,40.055
0.5375,2,0.0,0.02,19,3,1,40.01
0.5423,2,0.0,0.15,53,3,1,40.075
0.5463,2,0.0,1.21,40,3,1,40.605
0.5512,2,42.0,3.08,29,3,1,91.94000000000001
0.5565,2,0.0,0.07,8,3,1,40.035
0.5612,2,0.0,0.19,11,3,1,40.095
0.5666,2,0.0,0.24,9,3,1,40.12
0.5724,2,0.0,0.38,7,3,1,40.19
0.5781,2,0.0,0.65,10,3,1,40.325
0.5834,2,0.0,0.12,8,3,1,40.06
0.5883,3,0.0,0.72,22,3,1,60.36
0.5929,2,0.0,3.12,11,3,1,41.56
0.5976,3,8.7,1.95,19,3,1,71.41499999999999
0.6025,2,0.0,0.09,6,3,1,40.045
0.608,2,0.0,0.12,7,3,1,40.06
0.6131,2,0.0,0.12,6,3,1,40.06
0.6185,2,0.0,0.3,11,3,1,40.15
0.6278,0,0.0,0.12,29,3,2,0.06
0.6348,2,0.0,1.71,13,3,1,40.855
0.6418,2,0.0,2.11,47,3,1,41.055
0.6462,2,0.0,0.0,10,3,1,40.0
0.6504,2,0.0,0.22,2,3,1,40.11
0.6569,2,98.1,0.43,23,3,0,157.93499999999997
0.6622,2,0.0,0.1,8,3,1,40.05
0.6671,0,0.0,0.66,26,3,2,0.33
0.6755,2,0.0,0.52,19,3,1,40.26
0.6812,2,0.0,0.05,8,3,1,40.025
0.6873,2,0.0,0.02,3,3,1,40.01
0.6962,0,0.0,1.69,28,3,2,0.845
0.7007,3,0.0,1.03,21,3,1,60.515
0.7061,2,0.0,0.31,25,3,1,40.155
0.7094,2,0.0,0.16,7,3,1,40.08
0.7158,0,0.0,1.92,32,3,2,0.96
0.7212,2,0.0,0.04,1,3,1,40.02
0.7273,2,0.0,0.1,15,3,1,40.05
0.7335,2,0.0,0.18,10,3,1,40.09
0.744,2,0.0,0.08,11,3,1,40.04
0.7495,2,0.0,0.13,8,3,1,40.065
0.7543,2,0.0,0.65,49,3,1,40.325
0.7593,2,0.0,0.13,8,3,1,40.065
0.7644,2,0.0,0.54,13,3,1,40.27
0.7679,2,0.0,0.52,30,3,1,40.26
1.7862,2,0.0,0.78,47,3,1,40.39
1.7937,2,0.0,0.99,17,3,1,40.495
1.8015,2,0.0,0.04,3,3,1,40.02
1.8063,2,0.9,1.61,19,3,1,41.885
1.8149,2,0.0,0.02,3,3,1,40.01
1.8225,3,0.0,0.14,6,3,1,60.07
1.8303,2,0.0,0.81,24,3,1,40.405
1.8371,2,0.0,0.09,2,3,1,40.045
1.8426,2,0.0,0.01,2,3,1,40.005
1.8492,4,0.0,0.42,19,3,0,80.21
1.856,2,0.0,0.13,10,3,1,40.065
1.8611,2,0.0,0.14,8,3,1,40.07
1.866,2,0.0,0.01,2,3,1,40.005
1.8714,2,0.0,3.88,83,3,1,41.94
1.8771,2,0.0,0.22,23,3,1,40.11
1.8828,2,0.0,0.24,13,3,1,40.12
1.8895,2,0.0,0.05,6,3,1,40.025
1.8946,2,0.0,0.03,1,3,1,40.015
1.8984,0,0.0,0.09,28,3,2,0.045
1.9037,2,0.0,0.01,2,3,1,40.005
1.9097,1,0.0,0.09,18,3,2,20.045
1.9147,2,0.0,0.09,9,3,1,40.045
1.9187,2,0.0,0.05,9,3,1,40.025
1.9253,2,0.0,0.03,2,3,1,40.015
1.9317,2,0.0,0.3,5,3,1,40.15
1.9376,3,0.0,0.09,21,3,1,60.045
1.9445,2,41.2,1.96,34,3,1,90.42
1.9491,2,0.0,0.34,24,3,1,40.17
1.9534,2,0.0,0.22,9,3,1,40.11
1.9589,2,0.0,0.03,2,3,1,40.015
1.9635,2,82.3,0.25,7,3,0,138.885
1.9676,2,0.0,0.63,61,3,1,40.315
1.973,2,0.0,0.04,4,3,1,40.02
1.9782,2,0.0,0.73,31,1,1,40.365
1.9837,0,0.0,0.32,29,3,2,0.16
1.9887,2,0.0,0.26,31,3,1,40.13
1.9939,2,0.0,0.37,11,3,1,40.185
1.9984,2,0.0,0.0,38,1,1,40.0
2.0036,2,0.0,0.01,17,3,1,40.005
2.009,2,0.0,0.13,11,3,1,40.065
2.0133,2,0.0,0.3,3,3,1,40.15
2.0174,2,0.0,0.43,50,3,1,40.215
2.0229,2,0.0,0.05,9,3,1,40.025
2.0284,2,0.0,0.05,9,3,1,40.025
2.0338,2,0.0,0.07,24,3,1,40.035
2.0393,2,0.0,0.11,7,3,1,40.055
2.0437,2,0.0,0.19,2,3,1,40.095
2.0491,0,0.0,0.39,12,3,2,0.195
2.0539,2,0.0,0.06,8,3,1,40.03
2.059,2,0.0,0.01,17,3,1,40.005
2.0639,2,0.0,0.04,3,3,1,40.02
2.0683,0,0.0,1.41,29,3,2,0.705
2.0737,2,0.0,0.04,4,3,1,40.02
2.0788,0,0.0,0.16,29,3,2,0.08
2.0837,2,0.0,0.41,29,3,1,40.205
2.0892,2,0.0,0.01,2,3,1,40.005
2.0945,2,0.0,0.12,9,1,1,40.06
2.1,2,0.0,0.32,20,3,1,40.16
2.1052,2,0.0,0.18,16,3,1,40.09
2.1092,2,0.0,0.07,2,3,1,40.035
2.1146,4,0.0,0.2,14,3,0,80.1
2.1223,2,0.0,0.22,8,3,1,40.11
2.1409,2,0.0,0.07,3,3,1,40.035
2.1514,2,0.0,0.95,16,1,1,40.475
2.1627,2,0.0,1.14,46,3,1,40.57
2.167,2,0.0,2.49,27,3,1,41.245
2.1728,2,0.0,0.19,7,3,1,40.095
2.1781,2,0.0,0.03,4,3,1,40.015
2.183,0,0.0,0.08,14,3,2,0.04
2.187,2,0.0,0.07,8,3,1,40.035
2.1928,2,0.0,0.15,29,3,1,40.075
2.197,4,0.0,0.07,3,3,0,80.035
2.2015,2,0.0,0.03,3,3,1,40.015
2.2071,2,0.0,0.3,14,3,1,40.15
2.2122,0,0.0,0.12,44,3,2,0.06
2.2166,2,0.0,0.14,11,3,1,40.07
2.222,2,0.0,0.11,8,3,1,40.055
2.2262,2,0.0,0.19,26,3,1,40.095
2.2305,2,0.0,0.87,17,1,1,40.435
2.2361,2,0.0,0.04,5,3,1,40.02
2.242,2,0.0,0.2,8,3,1,40.1
2.246,2,0.0,0.03,2,3,1,40.015
2.2505,3,0.0,0.2,24,3,1,60.1
2.2562,2,0.0,0.05,9,3,1,40.025
2.2634,0,0.0,0.06,28,3,2,0.03
2.2704,2,0.0,0.08,5,3,1,40.04
2.2772,2,0.0,0.03,19,3,1,40.015
2.2824,2,0.0,0.11,10,3,1,40.055
2.2867,2,0.0,0.19,10,3,1,40.095
2.2921,2,0.0,0.44,5,3,1,40.22
2.2955,3,0.0,0.14,20,3,1,60.07
2.3015,2,0.0,0.3,15,3,1,40.15
2.3063,2,0.0,0.26,8,3,1,40.13
2.3111,2,0.0,0.05,2,3,1,40.025
2.3152,2,0.0,0.11,11,3,1,40.055
2.3209,2,0.0,0.02,19,3,1,40.01
2.3261,2,0.0,0.15,53,3,1,40.075
2.3304,2,0.0,1.21,40,3,1,40.605
2.3348,2,40.4,3.1,29,3,1,90.02999999999999
2.34,2,0.0,0.07,8,3,1,40.035
2.3451,2,0.0,0.19,11,3,1,40.095
2.3516,2,0.0,0.24,9,3,1,40.12
2.3577,2,0.0,0.38,7,3,1,40.19
2.363,2,0.0,0.65,10,3,1,40.325
2.3693,2,0.0,0.12,8,3,1,40.06
2.3753,3,0.0,0.72,22,3,1,60.36
2.381,2,0.0,3.12,11,3,1,41.56
2.3846,3,12.3,1.93,19,3,1,75.72500000000001
2.3901,2,0.0,0.09,6,3,1,40.045
2.3947,2,0.0,0.12,7,3,1,40.06
2.3997,2,0.0,0.12,6,3,1,40.06
2.405,2,0.0,0.3,11,3,1,40.15
2.4096,0,0.0,0.12,29,3,2,0.06
2.4142,2,0.0,1.71,13,3,1,40.855
2.4213,2,0.0,2.11,47,3,1,41.055
2.4267,2,0.0,0.0,10,3,1,40.0
2.4325,2,0.0,0.22,2,3,1,40.11
2.4372,2,93.0,0.43,23,3,0,151.815
2.4426,2,0.0,0.1,8,3,1,40.05
2.4457,0,0.0,0.66,26,3,2,0.33
2.4506,2,0.0,0.52,19,3,1,40.26
2.4562,2,0.0,0.05,8,3,1,40.025
2.4609,2,0.0,0.02,3,3,1,40.01
2.4643,0,0.0,1.69,28,3,2,0.845
2.4702,3,0.0,1.03,21,3,1,60.515
2.4771,2,0.0,0.31,25,3,1,40.155
2.4821,2,0.0,0.16,7,3,1,40.08
2.4867,0,0.0,1.92,32,3,2,0.96
2.4925,2,0.0,0.04,1,3,1,40.02
2.4969,2,0.0,0.1,15,3,1,40.05
2.5009,2,0.0,0.18,10,3,1,40.09
2.5067,2,0.0,0.08,11,3,1,40.04
2.5111,2,0.0,0.13,8,3,1,40.065
2.5147,2,0.0,0.66,49,3,1,40.33
2.5234,2,0.0,0.13,8,3,1,40.065
2.5307,2,0.0,0.54,13,3,1,40.27
2.5373,2,0.0,0.52,30,3,1,40.26
3.5489,2,0.0,0.78,47,3,1,40.39
3.5594,2,0.0,0.99,17,3,1,40.495
3.5669,2,0.0,0.04,3,3,1,40.02
3.576,2,2.6,1.61,19,3,1,43.925
3.5834,2,0.0,0.02,3,3,1,40.01
3.5918,3,0.0,0.14,6,3,1,60.07
3.599,2,0.0,0.81,24,3,1,40.405
3.6108,2,0.0,0.09,2,3,1,40.045
3.6236,2,0.0,0.01,2,3,1,40.005
3.6297,4,0.0,0.42,19,3,0,80.21
3.6343,2,0.0,0.13,10,3,1,40.065
3.6393,2,0.0,0.14,8,3,1,40.07
3.6433,2,0.0,0.01,2,3,1,40.005
3.6482,2,0.0,3.88,83,3,1,41.94
3.6545,2,0.0,0.22,23,3,1,40.11
3.6593,2,0.0,0.24,13,3,1,40.12
3.6634,2,0.0,0.05,6,3,1,40.025
3.6684,2,0.0,0.03,1,3,1,40.015
3.6741,0,0.0,0.09,28,3,2,0.045
3.6777,2,0.0,0.01,2,3,1,40.005
3.6824,1,0.0,0.09,18,3,2,20.045
3.6875,2,0.0,0.09,9,3,1,40.045
3.6923,2,0.0,0.05,9,3,1,40.025
3.6963,2,0.0,0.03,2,3,1,40.015
3.7009,2,0.0,0.3,5,3,1,40.15
3.7058,3,0.0,0.09,21,3,1,60.045
3.7111,2,43.4,1.97,34,3,1,93.065
3.7161,2,0.0,0.34,24,3,1,40.17
3.722,2,0.0,0.22,9,3,1,40.11
3.7276,2,0.0,0.03,2,3,1,40.015
3.7325,2,74.6,0.25,7,3,0,129.64499999999998
3.7384,2,0.0,0.63,61,3,1,40.315
3.7431,2,0.0,0.04,4,3,1,40.02
3.7488,2,0.0,0.73,31,1,1,40.365
3.7553,0,0.0,0.32,29,3,2,0.16
3.7606,2,0.0,0.26,31,3,1,40.13
3.765,2,0.0,0.37,11,3,1,40.185
3.7715,2,0.0,0.0,38,1,1,40.0
3.7772,2,0.0,0.01,17,3,1,40.005
3.7819,2,0.0,0.13,11,3,1,40.065
3.7882,2,0.0,0.3,3,3,1,40.15
3.7936,2,0.0,0.43,50,3,1,40.215
3.799,2,0.0,0.05,9,3,1,40.025
3.8041,2,0.0,0.05,9,3,1,40.025
3.8088,2,0.0,0.07,24,3,1,40.035
3.814,2,0.0,0.11,7,3,1,40.055
3.8199,2,0.0,0.19,2,3,1,40.095
3.8264,0,0.0,0.39,12,3,2,0.195
3.8321,2,0.0,0.06,8,3,1,40.03
3.8384,2,0.0,0.01,17,3,1,40.005
3.8432,2,0.0,0.04,3,3,1,40.02
3.8495,0,0.0,1.41,29,3,2,0.705
3.8556,2,0.0,0.04,4,3,1,40.02
3.8609,0,0.0,0.16,29,3,2,0.08
3.8651,2,0.0,0.41,31,3,1,40.205
3.8692,2,0.0,0.01,2,3,1,40.005
3.8753,2,0.0,0.11,9,1,1,40.055
3.884,2,0.0,0.32,20,3,1,40.16
3.8905,2,0.0,0.18,16,3,1,40.09
3.8955,2,0.0,0.07,2,3,1,40.035
3.9005,4,0.0,0.2,14,3,0,80.1
3.9067,2,0.0,0.22,8,3,1,40.11
3.913,2,0.0,0.07,3,3,1,40.035
3.917,2,0.0,0.95,16,1,1,40.475
3.9225,2,0.0,1.14,46,3,1,40.57
3.9287,2,0.0,2.49,27,3,1,41.245
3.9343,2,0.0,0.19,7,3,1,40.095
3.9439,2,0.0,0.03,4,3,1,40.015
3.9491,0,0.0,0.08,14,3,2,0.04
3.9545,2,0.0,0.07,8,3,1,40.035
3.9591,2,0.0,0.15,29,3,1,40.075
3.9631,4,0.0,0.07,3,3,0,80.035
3.9673,2,0.0,0.03,3,3,1,40.015
3.9724,2,0.0,0.3,14,3,1,40.15
3.9772,0,0.0,0.12,44,3,2,0.06
3.9833,2,0.0,0.14,11,3,1,40.07
3.9896,2,0.0,0.11,8,3,1,40.055
3.9952,2,0.0,0.19,26,3,1,40.095
3.9997,2,0.0,0.87,17,1,1,40.435
4.0058,2,0.0,0.04,5,3,1,40.02
4.0113,2,0.0,0.2,8,3,1,40.1
4.0159,2,0.0,0.03,2,3,1,40.015
4.0213,3,0.0,0.21,24,3,1,60.105
4.0262,2,0.0,0.05,9,3,1,40.025
4.031,0,0.0,0.06,28,3,2,0.03
4.0359,2,0.0,0.08,5,3,1,40.04
4.0423,2,0.0,0.03,19,3,1,40.015
4.0484,2,0.0,0.11,10,3,1,40.055
4.0536,2,0.0,0.19,10,3,1,40.095
4.0582,2,0.0,0.44,5,3,1,40.22
4.0644,3,0.0,0.14,20,3,1,60.07
4.0707,2,0.0,0.3,15,3,1,40.15
4.0754,2,0.0,0.26,8,3,1,40.13
4.0802,2,0.0,0.05,2,3,1,40.025
4.0845,2,0.0,0.11,11,3,1,40.055
4.0899,2,0.0,0.02,19,3,1,40.01
4.0943,2,0.0,0.15,53,3,1,40.075
4.0993,2,0.9,1.21,40,3,1,41.684999999999995
4.1052,2,23.9,3.16,29,3,1,70.25999999999999
4.1102,2,0.0,0.07,8,3,1,40.035
4.1153,2,0.0,0.19,11,3,1,40.095
4.1225,2,0.0,0.24,9,3,1,40.12
4.1282,2,0.0,0.38,7,3,1,40.19
4.1334,2,0.0,0.65,10,3,1,40.325
4.1416,2,0.0,0.12,8,3,1,40.06
4.1458,3,0.0,0.72,22,3,1,60.36
4.1506,2,0.0,3.12,11,3,1,41.56
4.1571,3,14.9,1.93,19,3,1,78.845
4.1625,2,0.0,0.09,6,3,1,40.045
4.1685,2,0.0,0.12,7,3,1,40.06
4.1765,2,0.0,0.12,6,3,1,40.06
4.182,2,0.0,0.3,11,3,1,40.15
4.1897,0,0.0,0.13,29,3,2,0.065
4.1958,2,0.0,1.71,13,3,1,40.855
4.2009,2,0.0,2.11,47,3,1,41.055
4.2082,2,0.0,0.0,10,3,1,40.0
4.2158,2,0.0,0.22,2,3,1,40.11
4.2244,2,92.9,0.43,23,3,0,151.69500000000002
4.2289,2,0.0,0.1,8,3,1,40.05
4.2342,0,0.0,0.66,26,3,2,0.33
4.2405,2,0.0,0.52,19,3,1,40.26
4.2454,2,0.0,0.05,8,3,1,40.025
4.252,2,0.0,0.02,3,3,1,40.01
4.2657,0,0.0,1.69,28,3,2,0.845
4.2747,3,0.0,1.03,21,3,1,60.515
4.2841,2,0.0,0.31,25,3,1,40.155
4.2899,2,0.0,0.16,7,3,1,40.08
4.2963,0,0.0,1.92,34,3,2,0.96
4.3026,2,0.0,0.04,1,3,1,40.02
4.3099,2,0.0,0.1,15,3,1,40.05
4.3152,2,0.0,0.18,10,3,1,40.09
4.3206,2,0.0,0.08,11,3,1,40.04
4.326,2,0.0,0.13,8,3,1,40.065
4.3322,2,0.0,0.66,49,3,1,40.33
4.3377,2,0.0,0.13,8,3,1,40.065
4.3424,2,0.0,0.54,13,3,1,40.27
4.3471,2,1.7,0.54,30,3,1,42.31
5.3576,2,0.0,0.78,47,3,1,40.39
5.3645,2,0.0,0.99,17,3,1,40.495
5.3719,2,0.0,0.04,3,3,1,40.02
5.3789,2,1.7,1.61,19,3,1,42.845
5.3864,2,0.0,0.02,3,3,1,40.01
5.3952,3,0.0,0.14,6,3,1,60.07
5.4022,2,0.0,0.81,24,3,1,40.405
5.4091,2,0.0,0.09,2,3,1,40.045
5.4154,2,0.0,0.01,2,3,1,40.005
5.4226,4,0.0,0.42,19,3,0,80.21
5.4317,2,0.0,0.13,10,3,1,40.065
5.4396,2,0.0,0.14,8,3,1,40.07
5.4456,2,0.0,0.01,2,3,1,40.005
5.4517,2,0.0,3.88,83,3,1,41.94
5.4567,2,0.9,0.22,23,3,1,41.19
5.4618,2,0.0,0.24,13,3,1,40.12
5.4658,2,0.0,0.05,6,3,1,40.025
5.4709,2,0.0,0.03,1,3,1,40.015
5.4759,0,0.0,0.09,28,3,2,0.045
5.4802,2,0.0,0.01,2,3,1,40.005
5.4865,1,0.0,0.09,18,3,2,20.045
5.4916,2,0.0,0.09,9,3,1,40.045
5.4957,2,0.0,0.05,9,3,1,40.025
5.5,2,0.0,0.03,2,3,1,40.015
5.5055,2,0.0,0.3,5,3,1,40.15
5.5108,3,0.0,0.09,21,3,1,60.045
5.5152,2,43.1,1.97,34,3,1,92.705
5.5209,2,0.0,0.35,24,3,1,40.175
5.526,2,0.0,0.22,9,3,1,40.11
5.5303,2,0.0,0.03,2,3,1,40.015
5.5381,2,65.2,0.25,7,3,0,118.365
5.5435,2,0.0,0.63,61,3,1,40.315
5.5483,2,0.0,0.04,4,3,1,40.02
5.5526,2,0.0,0.73,31,1,1,40.365
5.5577,0,0.0,0.32,29,3,2,0.16
5.5619,2,0.0,0.26,31,3,1,40.13
5.5674,2,0.0,0.37,11,3,1,40.185
5.5731,2,0.0,0.0,38,1,1,40.0
5.5774,2,0.0,0.01,17,3,1,40.005
5.5833,2,0.0,0.13,11,3,1,40.065
5.5905,2,0.0,0.3,3,3,1,40.15
5.5956,2,0.0,0.43,50,3,1,40.215
5.6004,2,0.0,0.05,9,3,1,40.025
5.6062,2,0.0,0.05,9,3,1,40.025
5.611,2,0.0,0.07,24,3,1,40.035
5.6158,2,0.0,0.11,7,3,1,40.055
5.6214,2,0.0,0.19,2,3,1,40.095
5.626,0,0.0,0.39,12,3,2,0.195
5.6301,2,0.0,0.06,8,3,1,40.03
5.6366,2,0.0,0.01,17,3,1,40.005
5.6424,2,0.0,0.04,3,3,1,40.02
5.6471,0,0.0,1.41,29,3,2,0.705
5.6519,2,0.0,0.04,4,3,1,40.02
5.6581,0,0.0,0.16,29,3,2,0.08
5.6629,2,0.0,0.41,37,3,1,40.205
5.6669,2,0.0,0.01,2,3,1,40.005
5.6734,2,0.0,0.11,9,1,1,40.055
5.6788,2,0.0,0.32,20,3,1,40.16
5.6844,2,0.0,0.18,16,3,1,40.09
5.6907,2,0.0,0.07,2,3,1,40.035
5.6964,4,0.0,0.2,14,3,0,80.1
5.7031,2,0.0,0.22,8,3,1,40.11
5.7093,2,0.0,0.07,3,3,1,40.035
5.7142,2,0.0,0.95,16,1,1,40.475
5.7218,2,0.0,1.13,46,3,1,40.565
5.727,2,0.0,2.49,27,3,1,41.245
5.7319,2,0.0,0.19,7,3,1,40.095
5.7376,2,0.0,0.03,4,3,1,40.015
5.742,0,0.0,0.08,14,3,2,0.04
5.746,2,0.0,0.07,8,3,1,40.035
5.7513,2,0.0,0.15,29,3,1,40.075
5.7577,4,0.0,0.07,3,3,0,80.035
5.763,2,0.0,0.03,3,3,1,40.015
5.7685,2,0.0,0.3,14,3,1,40.15
5.7741,0,0.0,0.12,44,3,2,0.06
5.7782,2,0.0,0.14,11,3,1,40.07
5.7832,2,0.0,0.11,8,3,1,40.055
5.7888,2,0.0,0.19,26,3,1,40.095
5.7941,2,0.0,0.87,17,1,1,40.435
5.7986,2,0.0,0.04,5,3,1,40.02
5.8062,2,0.0,0.2,8,3,1,40.1
5.8133,2,0.0,0.03,2,3,1,40.015
5.8224,3,0.0,0.21,24,3,1,60.105
5.8293,2,0.0,0.05,9,3,1,40.025
5.8336,0,0.0,0.06,28,3,2,0.03
5.839,2,0.0,0.08,5,3,1,40.04
5.8447,2,0.0,0.03,19,3,1,40.015
5.8507,2,0.0,0.11,10,3,1,40.055
5.8564,2,0.0,0.19,10,3,1,40.095
5.8613,2,0.0,0.44,5,3,1,40.22
5.8664,3,0.0,0.14,20,3,1,60.07
5.8724,2,0.0,0.3,15,3,1,40.15
5.8775,2,0.0,0.26,8,3,1,40.13
5.8825,2,0.0,0.05,2,3,1,40.025
5.8881,2,0.0,0.11,11,3,1,40.055
5.8927,2,0.0,0.02,19,3,1,40.01
5.8968,2,0.0,0.15,53,3,1,40.075
5.9004,2,0.0,1.21,40,3,1,40.605
5.906,2,38.8,3.18,29,3,1,88.15
5.9112,2,0.0,0.07,8,3,1,40.035
5.9158,2,0.0,0.19,11,3,1,40.095
5.9222,2,0.0,0.24,9,3,1,40.12
5.9273,2,0.0,0.38,7,3,1,40.19
5.9322,2,0.0,0.65,10,3,1,40.325
5.9378,2,0.0,0.12,8,3,1,40.06
5.9435,3,0.0,0.72,22,3,1,60.36
5.9484,2,0.0,3.12,11,3,1,41.56
5.9522,3,7.0,1.87,19,3,1,69.33500000000001
5.9574,2,0.0,0.09,6,3,1,40.045
5.9624,2,0.0,0.12,7,3,1,40.06
5.9681,2,0.0,0.12,6,3,1,40.06
5.9744,2,0.0,0.3,11,3,1,40.15
5.9798,0,0.0,0.13,29,3,2,0.065
5.9867,2,0.0,1.71,13,3,1,40.855
5.9919,2,0.0,2.11,47,3,1,41.055
5.997,2,0.0,0.0,10,3,1,40.0
6.004,2,0.0,0.22,2,3,1,40.11
6.009,2,84.2,0.43,23,3,0,141.25500000000002
6.0134,2,0.0,0.1,8,3,1,40.05
6.0184,0,0.0,0.66,26,3,2,0.33
6.0248,2,0.0,0.52,19,3,1,40.26
6.0309,2,0.0,0.05,8,3,1,40.025
6.0373,2,0.0,0.02,3,3,1,40.01
6.0431,0,0.0,1.69,28,3,2,0.845
6.0472,3,0.0,1.03,21,3,1,60.515
6.0514,2,0.0,0.31,25,3,1,40.155
6.0565,2,0.0,0.16,7,3,1,40.08
6.0614,0,0.0,1.92,34,3,2,0.96
6.0659,2,0.0,0.04,1,3,1,40.02
6.0718,2,0.0,0.1,15,3,1,40.05
6.0778,2,0.0,0.18,10,3,1,40.09
6.0832,2,0.0,0.08,11,3,1,40.04
6.0891,2,0.0,0.13,8,3,1,40.065
6.0932,2,0.0,0.66,49,3,1,40.33
6.0984,2,0.0,0.13,8,3,1,40.065
6.1045,2,0.0,0.54,13,3,1,40.27
6.11,2,0.0,0.52,30,3,1,40.26
7.1195,2,0.0,0.78,47,3,1,40.39
7.1298,2,0.0,0.99,17,3,1,40.495
7.1399,2,0.0,0.04,3,3,1,40.02
7.1501,2,2.7,1.62,19,3,1,44.050000000000004
7.1608,2,0.0,0.02,3,3,1,40.01
7.17,3,0.0,0.14,6,3,1,60.07
7.1791,2,0.0,0.81,24,3,1,40.405
7.186,2,0.0,0.09,2,3,1,40.045
7.1903,2,0.0,0.01,2,3,1,40.005
7.1944,4,0.9,0.42,18,3,0,81.28999999999999
7.1986,2,0.0,0.13,10,3,1,40.065
7.204,2,0.0,0.14,8,3,1,40.07
7.208,2,0.0,0.01,2,3,1,40.005
7.2138,2,1.8,3.88,79,3,1,44.099999999999994
7.2216,2,0.0,0.22,23,3,1,40.11
7.2321,2,0.0,0.24,13,3,1,40.12
7.2393,2,0.0,0.05,6,3,1,40.025
7.2447,2,0.0,0.03,1,3,1,40.015
7.2489,0,0.0,0.09,28,3,2,0.045
7.2531,2,0.0,0.01,2,3,1,40.005
7.2585,1,0.0,0.09,16,3,2,20.045
7.263,2,0.0,0.09,9,3,1,40.045
7.2671,2,0.0,0.05,9,3,1,40.025
7.2743,2,0.0,0.03,2,3,1,40.015
7.2793,2,0.0,0.3,5,3,1,40.15
7.2832,3,0.0,0.09,21,3,1,60.045
7.2897,2,43.4,1.97,34,3,1,93.065
7.2934,2,0.0,0.35,24,3,1,40.175
7.298,2,0.0,0.21,8,3,1,40.105
7.3022,2,0.0,0.03,2,3,1,40.015
7.3071,2,72.6,0.25,7,3,0,127.24499999999999
7.3116,2,0.0,0.63,60,3,1,40.315
7.3163,2,0.0,0.04,4,3,1,40.02
7.322,2,0.0,0.73,31,1,1,40.365
7.3324,0,0.0,0.32,29,3,2,0.16
7.3457,2,0.0,0.26,31,3,1,40.13
7.3562,2,0.0,0.37,11,3,1,40.185
7.3615,2,0.0,0.0,38,1,1,40.0
7.3658,2,0.0,0.01,17,3,1,40.005
7.3721,2,0.0,0.13,11,3,1,40.065
7.3781,2,0.0,0.3,3,3,1,40.15
7.3823,2,0.9,0.43,48,3,1,41.295
7.3877,2,0.0,0.05,9,3,1,40.025
7.3931,2,0.0,0.05,9,3,1,40.025
7.3981,2,0.0,0.07,24,3,1,40.035
7.403,2,0.0,0.11,7,3,1,40.055
7.4081,2,0.0,0.19,2,3,1,40.095
7.4122,0,0.0,0.39,12,3,2,0.195
7.4169,2,0.0,0.06,8,3,1,40.03
7.4228,2,0.0,0.01,17,3,1,40.005
7.4268,2,0.0,0.04,3,3,1,40.02
7.4311,0,0.0,1.41,29,3,2,0.705
7.4356,2,0.0,0.04,4,3,1,40.02
7.442,0,0.0,0.16,29,3,2,0.08
7.4465,2,0.0,0.41,37,3,1,40.205
7.4503,2,0.0,0.01,2,3,1,40.005
7.4565,2,0.0,0.11,9,1,1,40.055
7.4616,2,0.0,0.32,20,3,1,40.16
7.4662,2,0.0,0.18,16,3,1,40.09
7.4729,2,0.0,0.07,2,3,1,40.035
7.4785,4,0.0,0.2,14,3,0,80.1
7.4853,2,1.8,0.22,6,3,1,42.269999999999996
7.4907,2,0.0,0.07,3,3,1,40.035
7.4958,2,0.0,0.95,16,1,1,40.475
7.5007,2,0.0,1.13,46,3,1,40.565
7.5056,2,0.0,2.49,27,3,1,41.245
7.5097,2,0.0,0.19,7,3,1,40.095
7.5156,2,0.0,0.03,4,3,1,40.015
7.5196,0,0.0,0.08,14,3,2,0.04
7.5252,2,0.0,0.07,8,3,1,40.035
7.5292,2,0.0,0.15,29,3,1,40.075
7.5344,4,0.0,0.07,3,3,0,80.035
7.5399,2,0.0,0.03,3,3,1,40.015
7.5447,2,0.9,0.3,11,3,1,41.23
7.5499,0,0.0,0.12,44,3,2,0.06
7.5561,2,0.0,0.14,11,3,1,40.07
7.5606,2,0.0,0.11,8,3,1,40.055
7.5644,2,0.0,0.19,26,3,1,40.095
7.5696,2,0.0,0.87,17,1,1,40.435
7.5746,2,0.9,0.04,5,3,1,41.1
7.5793,2,0.0,0.2,8,3,1,40.1
7.5842,2,0.0,0.03,2,3,1,40.015
7.5906,3,0.0,0.21,24,3,1,60.105
7.5962,2,0.0,0.05,9,3,1,40.025
7.6016,0,0.0,0.06,28,3,2,0.03
7.6078,2,0.0,0.08,5,3,1,40.04
7.6141,2,0.0,0.03,19,3,1,40.015
7.6205,2,0.0,0.11,10,3,1,40.055
7.6277,2,0.0,0.19,10,3,1,40.095
7.6324,2,0.0,0.44,5,3,1,40.22
7.6375,3,0.0,0.14,20,3,1,60.07
7.6428,2,0.0,0.3,15,3,1,40.15
7.6474,2,0.0,0.26,8,3,1,40.13
7.6535,2,0.0,0.05,2,3,1,40.025
7.6591,2,0.0,0.11,11,3,1,40.055
7.6648,2,0.0,0.02,19,3,1,40.01
7.672,2,0.0,0.15,53,3,1,40.075
7.6761,2,0.0,1.21,40,3,1,40.605
7.682,2,39.8,3.18,29,3,1,89.35
7.6882,2,0.0,0.07,8,3,1,40.035
7.6942,2,0.0,0.19,10,3,1,40.095
7.6983,2,0.0,0.24,8,3,1,40.12
7.7053,2,0.0,0.38,7,3,1,40.19
7.711,2,0.0,0.65,10,3,1,40.325
7.717,2,0.0,0.12,8,3,1,40.06
7.7244,3,0.0,0.73,23,3,1,60.365
7.734,2,0.0,3.12,11,3,1,41.56
7.7406,3,9.7,1.64,19,3,1,72.46
7.7453,2,0.0,0.09,6,3,1,40.045
7.7496,2,0.0,0.12,6,3,1,40.06
7.7548,2,0.0,0.12,6,3,1,40.06
7.7599,2,0.0,0.3,11,3,1,40.15
7.7666,0,0.0,0.13,29,3,2,0.065
7.7729,2,0.0,1.71,13,3,1,40.855
7.7778,2,0.9,2.11,47,3,1,42.135
7.7822,2,0.0,0.0,10,3,1,40.0
7.788,2,0.0,0.22,2,3,1,40.11
7.7922,2,88.6,0.43,23,3,0,146.535
7.7973,2,0.0,0.1,8,3,1,40.05
7.8028,0,0.0,0.66,26,3,2,0.33
7.8083,2,0.0,0.52,19,3,1,40.26
7.813,2,0.0,0.05,8,3,1,40.025
7.8191,2,0.0,0.02,3,3,1,40.01
7.8259,0,0.0,1.69,28,3,2,0.845
7.831,3,0.0,1.03,21,3,1,60.515
7.8372,2,0.0,0.31,25,3,1,40.155
7.8427,2,0.0,0.16,6,3,1,40.08
7.8495,0,0.9,1.92,34,3,2,2.04
7.8563,2,0.0,0.04,1,3,1,40.02
7.8625,2,0.0,0.1,15,3,1,40.05
7.8698,2,0.0,0.18,10,3,1,40.09
7.8797,2,0.0,0.08,11,3,1,40.04
7.8872,2,0.0,0.13,8,3,1,40.065
7.8939,2,0.0,0.66,49,3,1,40.33
7.8994,2,0.0,0.13,8,3,1,40.065
7.9071,2,0.0,0.54,13,3,1,40.27
7.9129,2,0.0,0.52,30,3,1,40.26
8.9238,2,0.0,0.78,47,3,1,40.39
8.9335,2,0.0,0.99,17,3,1,40.495
8.9413,2,0.0,0.04,3,3,1,40.02
8.9469,2,0.0,1.63,19,3,1,40.815
8.9532,2,0.0,0.02,3,3,1,40.01
8.9593,3,0.0,0.14,6,3,1,60.07
8.9668,2,0.0,0.81,24,3,1,40.405
8.9757,2,0.0,0.09,2,3,1,40.045
8.9835,2,0.0,0.01,2,3,1,40.005
8.9895,4,0.0,0.42,18,3,0,80.21
8.9975,2,0.0,0.13,10,3,1,40.065
9.0024,2,0.0,0.14,8,3,1,40.07
9.0097,2,0.0,0.01,2,3,1,40.005
9.0177,2,0.0,3.88,78,3,1,41.94
9.0263,2,0.0,0.22,23,3,1,40.11
9.036,2,0.0,0.24,13,3,1,40.12
9.0453,2,0.0,0.05,6,3,1,40.025
9.0519,2,0.0,0.03,1,3,1,40.015
9.0585,0,0.0,0.09,28,3,2,0.045
9.0641,2,0.0,0.01,2,3,1,40.005
9.0715,1,0.0,0.09,16,3,2,20.045
9.0766,2,0.0,0.09,9,3,1,40.045
9.081,2,0.0,0.05,9,3,1,40.025
9.0868,2,0.0,0.03,2,3,1,40.015
9.0922,2,0.0,0.3,5,3,1,40.15
9.0971,3,0.0,0.09,21,3,1,60.045
9.1042,2,44.0,1.97,34,3,1,93.785
9.1102,2,0.0,0.35,24,3,1,40.175
9.1159,2,0.0,0.21,8,3,1,40.105
9.1213,2,0.0,0.03,2,3,1,40.015
9.1264,2,70.9,0.25,4,3,0,125.205
9.1308,2,0.0,0.63,60,3,1,40.315
9.136,2,0.0,0.04,4,3,1,40.02
9.1413,2,0.0,0.73,31,1,1,40.365
9.146,0,0.0,0.32,29,3,2,0.16
9.1515,2,0.0,0.26,31,3,1,40.13
9.1616,2,0.0,0.37,11,3,1,40.185
9.1678,2,0.0,0.0,38,1,1,40.0
9.1746,2,0.0,0.01,17,3,1,40.005
9.1819,2,0.0,0.13,11,3,1,40.065
9.1881,2,0.0,0.3,5,3,1,40.15
9.1935,2,0.0,0.43,48,3,1,40.215
9.1973,2,0.0,0.05,9,3,1,40.025
9.2019,2,0.0,0.05,9,3,1,40.025
9.2076,2,0.0,0.07,24,3,1,40.035
9.2115,2,0.0,0.11,7,3,1,40.055
9.2163,2,0.0,0.19,2,3,1,40.095
9.2225,0,0.0,0.39,12,3,2,0.195
9.2266,2,0.0,0.06,8,3,1,40.03
9.232,2,0.0,0.01,17,3,1,40.005
9.2368,2,0.0,0.04,3,3,1,40.02
9.2423,0,0.0,1.41,29,3,2,0.705
9.2472,2,0.0,0.04,4,3,1,40.02
9.2534,0,0.0,0.16,29,3,2,0.08
9.2584,2,0.0,0.41,37,3,1,40.205
9.2648,2,0.0,0.01,2,3,1,40.005
9.2712,2,0.0,0.11,9,1,1,40.055
9.2767,2,0.0,0.32,20,3,1,40.16
9.2819,2,0.0,0.18,16,3,1,40.09
9.2868,2,0.0,0.07,2,3,1,40.035
9.2912,4,0.0,0.2,14,3,0,80.1
9.2955,2,0.0,0.22,6,3,1,40.11
9.3003,2,0.0,0.07,3,3,1,40.035
9.3053,2,0.0,0.95,16,1,1,40.475
9.3089,2,0.0,1.13,46,3,1,40.565
9.3138,2,0.0,2.49,27,3,1,41.245
9.3216,2,0.0,0.19,7,3,1,40.095
9.3262,2,0.0,0.03,4,3,1,40.015
9.3312,0,0.0,0.08,14,3,2,0.04
9.3367,2,0.0,0.07,8,3,1,40.035
9.3403,2,0.0,0.15,29,3,1,40.075
9.3447,4,0.0,0.07,3,3,0,80.035
9.3498,2,0.0,0.03,3,3,1,40.015
9.3549,2,0.0,0.3,11,3,1,40.15
9.3601,0,0.0,0.12,44,3,2,0.06
9.3655,2,0.0,0.14,11,3,1,40.07
9.3742,2,0.0,0.11,8,3,1,40.055
9.3804,2,0.0,0.19,26,3,1,40.095
9.3883,2,0.0,0.87,17,1,1,40.435
9.3942,2,0.0,0.04,5,3,1,40.02
9.3983,2,0.0,0.2,8,3,1,40.1
9.4038,2,0.0,0.03,2,3,1,40.015
9.4086,3,0.0,0.21,24,3,1,60.105
9.4132,2,0.0,0.05,9,3,1,40.025
9.4173,0,0.0,0.06,28,3,2,0.03
9.4226,2,0.0,0.08,5,3,1,40.04
9.4286,2,0.0,0.03,19,3,1,40.015
9.4336,2,0.0,0.11,10,3,1,40.055
9.4391,2,0.0,0.19,10,3,1,40.095
9.4444,2,0.0,0.44,5,3,1,40.22
9.4491,3,0.0,0.14,20,3,1,60.07
9.4551,2,0.0,0.3,14,3,1,40.15
9.4594,2,0.0,0.26,8,3,1,40.13
9.4639,2,0.0,0.05,2,3,1,40.025
9.4705,2,0.0,0.11,11,3,1,40.055
9.4789,2,0.0,0.02,19,3,1,40.01
9.4862,2,0.0,0.15,53,3,1,40.075
9.4932,2,0.0,1.21,40,3,1,40.605
9.4972,2,34.2,3.16,29,3,1,82.61999999999999
9.5034,2,0.0,0.07,8,3,1,40.035
9.5085,2,0.0,0.19,10,3,1,40.095
9.5126,2,0.0,0.24,8,3,1,40.12
9.5177,2,0.0,0.38,7,3,1,40.19
9.5254,2,0.0,0.65,9,3,1,40.325
9.5322,2,0.0,0.12,8,3,1,40.06
9.5383,3,0.0,0.73,23,3,1,60.365
9.5438,2,0.0,3.12,11,3,1,41.56
9.5493,3,10.3,1.46,19,3,1,73.09
9.5551,2,0.0,0.09,6,3,1,40.045
9.561,2,0.0,0.11,6,3,1,40.055
9.5651,2,0.0,0.12,6,3,1,40.06
9.5718,2,0.0,0.3,11,3,1,40.15
9.5768,0,0.0,0.13,29,3,2,0.065
9.5833,2,0.0,1.71,13,3,1,40.855
9.5902,2,0.0,2.11,47,3,1,41.055
9.597,2,0.0,0.0,10,3,1,40.0
9.6049,2,0.0,0.22,2,3,1,40.11
9.6119,2,90.6,0.43,23,3,0,148.93499999999997
9.6168,2,0.0,0.1,8,3,1,40.05
9.6226,0,0.0,0.66,26,3,2,0.33
9.6269,2,0.0,0.52,19,3,1,40.26
9.6378,2,0.0,0.05,8,3,1,40.025
9.6482,2,0.0,0.02,3,3,1,40.01
9.6586,0,0.0,1.69,28,3,2,0.845
9.6641,3,0.0,1.03,21,3,1,60.515
9.6692,2,0.0,0.31,25,3,1,40.155
9.6743,2,0.0,0.16,6,3,1,40.08
9.6786,0,0.0,1.92,34,3,2,0.96
9.6831,2,0.0,0.04,1,3,1,40.02
9.6893,2,0.0,0.1,15,3,1,40.05
9.6933,2,0.0,0.18,10,3,1,40.09
9.6969,2,0.0,0.08,11,3,1,40.04
9.7023,2,0.0,0.13,8,3,1,40.065
9.7069,2,0.0,0.66,49,3,1,40.33
9.7112,2,0.0,0.13,8,3,1,40.065
9.7152,2,0.0,0.54,13,3,1,40.27
9.7211,2,0.0,0.52,30,3,1,40.26
10.7345,2,0.0,0.78,47,3,1,40.39
10.7422,2,0.0,0.99,17,3,1,40.495
10.7499,2,0.0,0.04,3,3,1,40.02
10.7564,2,2.6,1.63,19,3,1,43.934999999999995
10.761,2,0.0,0.02,3,3,1,40.01
10.7663,3,0.0,0.14,6,3,1,60.07
10.7718,2,0.0,0.81,24,3,1,40.405
10.7775,2,0.0,0.09,2,3,1,40.045
10.7823,2,0.0,0.01,2,3,1,40.005
10.7902,4,0.0,0.42,18,3,0,80.21
10.7956,2,0.0,0.13,10,3,1,40.065
10.801,2,0.0,0.14,8,3,1,40.07
10.806,2,0.0,0.01,2,3,1,40.005
10.8095,2,0.0,3.88,78,3,1,41.94
10.8157,2,0.0,0.22,23,3,1,40.11
10.822,2,0.0,0.24,13,3,1,40.12
10.8281,2,0.0,0.05,6,3,1,40.025
10.8321,2,0.0,0.03,1,3,1,40.015
10.8385,0,0.0,0.09,28,3,2,0.045
10.8439,2,0.0,0.01,2,3,1,40.005
10.8491,1,0.0,0.09,16,3,2,20.045
10.8549,2,0.0,0.09,9,3,1,40.045
10.859,2,0.0,0.05,9,3,1,40.025
10.8642,2,0.0,0.03,2,3,1,40.015
10.8696,2,0.0,0.3,5,3,1,40.15
10.8737,3,0.0,0.09,21,3,1,60.045
10.8792,2,40.4,1.97,34,3,1,89.46499999999999
10.885,2,0.0,0.35,24,3,1,40.175
10.8897,2,0.0,0.21,8,3,1,40.105
10.8957,2,0.0,0.03,2,3,1,40.015
10.9008,2,75.2,0.25,4,3,0,130.365
10.9059,2,0.0,0.63,60,3,1,40.315
10.9116,2,0.0,0.04,4,3,1,40.02
10.9152,2,0.0,0.73,31,1,1,40.365
10.9211,0,0.0,0.32,29,3,2,0.16
10.9268,2,0.0,0.26,31,3,1,40.13
10.9321,2,0.0,0.37,11,3,1,40.185
10.938,2,0.0,0.0,38,1,1,40.0
10.9442,2,0.0,0.01,17,3,1,40.005
10.9499,2,0.0,0.13,11,3,1,40.065
10.9554,2,0.0,0.3,5,3,1,40.15
10.9601,2,0.0,0.43,48,3,1,40.215
10.9648,2,0.0,0.05,9,3,1,40.025
10.9699,2,0.0,0.05,9,3,1,40.025
10.9753,2,0.0,0.07,24,3,1,40.035
10.9795,2,0.0,0.11,7,3,1,40.055
10.9846,2,0.0,0.19,2,3,1,40.095
10.9891,0,0.0,0.39,12,3,2,0.195
10.9935,2,0.0,0.06,8,3,1,40.03
10.999,2,0.0,0.01,17,3,1,40.005
11.0048,2,0.0,0.04,3,3,1,40.02
11.009,0,0.0,1.41,29,3,2,0.705
11.0142,2,0.0,0.04,4,3,1,40.02
11.0198,0,0.0,0.16,29,3,2,0.08
11.0251,2,0.0,0.41,37,3,1,40.205
11.0291,2,0.0,0.01,2,3,1,40.005
11.034,2,0.0,0.11,9,1,1,40.055
11.0399,2,0.0,0.32,20,3,1,40.16
11.0444,2,0.0,0.18,16,3,1,40.09
11.0493,2,0.0,0.07,2,3,1,40.035
11.0551,4,0.0,0.2,14,3,0,80.1
11.0592,2,0.0,0.22,6,3,1,40.11
11.064,2,0.0,0.07,3,3,1,40.035
11.0691,2,0.0,0.95,16,1,1,40.475
11.0744,2,0.0,1.13,46,3,1,40.565
11.0789,2,0.0,2.49,27,3,1,41.245
11.0843,2,0.0,0.19,7,3,1,40.095
11.0897,2,0.0,0.03,4,3,1,40.015
11.0936,0,0.0,0.08,14,3,2,0.04
11.0982,2,0.0,0.07,8,3,1,40.035
11.1045,2,0.0,0.15,29,3,1,40.075
11.1098,4,0.0,0.07,3,3,0,80.035
11.114,2,0.0,0.03,3,3,1,40.015
11.1194,2,0.0,0.3,11,3,1,40.15
11.1248,0,0.0,0.12,44,3,2,0.06
11.13,2,0.0,0.14,11,3,1,40.07
11.1358,2,0.0,0.11,8,3,1,40.055
11.1409,2,0.0,0.19,26,3,1,40.095
11.146,2,0.0,0.87,17,1,1,40.435
11.1521,2,0.0,0.04,5,3,1,40.02
11.1571,2,0.0,0.2,8,3,1,40.1
11.1626,2,0.0,0.03,2,3,1,40.015
11.1686,3,0.0,0.21,24,3,1,60.105
11.1757,2,0.0,0.05,9,3,1,40.025
11.1797,0,0.0,0.06,28,3,2,0.03
11.1867,2,0.0,0.08,5,3,1,40.04
11.1939,2,0.0,0.03,19,3,1,40.015
11.1998,2,0.0,0.11,10,3,1,40.055
11.2066,2,0.0,0.19,10,3,1,40.095
11.2143,2,0.0,0.44,5,3,1,40.22
11.2271,3,0.0,0.14,20,3,1,60.07
11.2378,2,0.0,0.3,14,3,1,40.15
11.2445,2,0.0,0.26,8,3,1,40.13
11.2545,2,0.0,0.05,2,3,1,40.025
11.2645,2,0.0,0.11,11,3,1,40.055
11.2743,2,0.0,0.02,19,3,1,40.01
11.2803,2,0.0,0.15,53,3,1,40.075
11.2876,2,0.0,1.21,40,3,1,40.605
11.2916,2,34.2,3.19,29,3,1,82.63499999999999
11.297,2,0.0,0.07,8,3,1,40.035
11.302,2,0.0,0.19,10,3,1,40.095
11.3058,2,0.0,0.24,8,3,1,40.12
11.3102,2,0.0,0.38,7,3,1,40.19
11.3152,2,0.0,0.65,9,3,1,40.325
11.3194,2,0.0,0.12,8,3,1,40.06
11.3236,3,0.0,0.73,23,3,1,60.365
11.3283,2,0.0,3.12,11,3,1,41.56
11.3332,3,13.2,1.46,19,3,1,76.57000000000001
11.3377,2,0.0,0.09,6,3,1,40.045
11.3445,2,0.0,0.11,6,3,1,40.055
11.35,2,0.0,0.12,6,3,1,40.06
11.3555,2,0.0,0.3,11,3,1,40.15
11.3613,0,0.0,0.13,29,3,2,0.065
11.366,2,0.0,1.71,13,3,1,40.855
11.3714,2,0.0,2.11,45,3,1,41.055
11.3799,2,0.0,0.0,10,3,1,40.0
11.3901,2,0.0,0.22,2,3,1,40.11
11.3986,2,85.1,0.43,23,3,0,142.335
11.4082,2,0.0,0.1,8,3,1,40.05
11.4145,0,0.0,0.66,26,3,2,0.33
11.4239,2,0.0,0.52,19,3,1,40.26
11.4302,2,0.0,0.05,8,3,1,40.025
11.4364,2,0.0,0.02,3,3,1,40.01
11.442,0,0.0,1.69,28,3,2,0.845
11.4481,3,0.0,1.03,21,3,1,60.515
11.4538,2,0.0,0.31,25,3,1,40.155
11.4589,2,0.0,0.16,6,3,1,40.08
11.4635,0,0.0,1.92,34,3,2,0.96
11.4699,2,0.0,0.04,1,3,1,40.02
11.4754,2,0.0,0.1,15,3,1,40.05
11.4802,2,0.0,0.18,10,3,1,40.09
11.4879,2,0.0,0.08,11,3,1,40.04
11.4932,2,0.0,0.13,8,3,1,40.065
11.4994,2,0.0,0.66,49,3,1,40.33
11.505,2,0.0,0.13,8,3,1,40.065
11.5091,2,0.0,0.54,13,3,1,40.27
11.5135,2,0.0,0.52,30,3,1,40.26
12.5256,2,0.0,0.78,47,3,1,40.39
12.5357,2,0.0,0.99,17,3,1,40.495
12.5468,2,0.0,0.04,3,3,1,40.02
12.557,2,7.8,1.69,20,3,1,50.205
12.5676,2,0.0,0.02,3,3,1,40.01
12.5732,3,0.0,0.14,6,3,1,60.07
12.5777,2,0.0,0.81,24,3,1,40.405
12.5822,2,0.0,0.09,2,3,1,40.045
12.5876,2,0.0,0.01,2,3,1,40.005
12.592,4,0.0,0.42,18,3,0,80.21
12.5983,2,0.0,0.13,10,3,1,40.065
12.6043,2,0.0,0.14,8,3,1,40.07
12.609,2,0.0,0.01,2,3,1,40.005
12.6139,2,0.0,3.88,78,3,1,41.94
12.6189,2,0.0,0.22,23,3,1,40.11
12.6242,2,0.0,0.24,13,3,1,40.12
12.6283,2,0.0,0.05,6,3,1,40.025
12.6327,2,0.0,0.03,1,3,1,40.015
12.6382,0,0.0,0.09,28,3,2,0.045
12.6425,2,0.0,0.01,2,3,1,40.005
12.6455,1,0.0,0.09,16,3,2,20.045
12.6521,2,0.0,0.09,9,3,1,40.045
12.657,2,0.0,0.05,9,3,1,40.025
12.6617,2,0.0,0.03,2,3,1,40.015
12.6669,2,0.0,0.3,5,3,1,40.15
12.6722,3,0.0,0.09,21,3,1,60.045
12.6764,2,43.5,1.97,34,3,1,93.18499999999999
12.6818,2,0.0,0.34,24,3,1,40.17
12.687,2,0.0,0.21,8,3,1,40.105
12.6924,2,0.0,0.03,2,3,1,40.015
12.697,2,0.0,0.63,60,3,1,40.315
12.7037,2,0.0,0.04,4,3,1,40.02
12.7096,2,0.0,0.73,31,1,1,40.365
12.7169,0,0.0,0.32,29,3,2,0.16
12.7253,2,0.0,0.26,31,3,1,40.13
12.7301,2,0.0,0.37,11,3,1,40.185
12.7362,2,0.0,0.0,38,1,1,40.0
12.7415,2,0.0,0.01,17,3,1,40.005
12.7454,2,0.0,0.13,11,3,1,40.065
12.7496,2,0.0,0.3,5,3,1,40.15
12.7541,2,0.9,0.43,48,3,1,41.295
12.7594,2,0.0,0.05,9,3,1,40.025
12.7642,2,0.0,0.05,9,3,1,40.025
12.7703,2,0.0,0.07,24,3,1,40.035
12.7745,2,0.0,0.11,7,3,1,40.055
12.7803,2,0.0,0.19,2,3,1,40.095
12.7851,2,0.0,0.06,8,3,1,40.03
12.7903,2,0.0,0.01,17,3,1,40.005
12.7953,2,0.0,0.04,3,3,1,40.02
12.7996,0,0.0,1.41,29,3,2,0.705
12.8052,2,0.0,0.04,4,3,1,40.02
12.8103,0,0.0,0.16,29,3,2,0.08
12.8148,2,0.0,0.41,37,3,1,40.205
12.8203,2,0.0,0.01,2,3,1,40.005
12.828,2,0.0,0.1,9,1,1,40.05
12.8333,2,0.0,0.32,20,3,1,40.16
12.8386,2,0.0,0.18,16,3,1,40.09
12.842,2,0.0,0.07,2,3,1,40.035
12.8461,4,0.0,0.2,14,3,0,80.1
12.853,2,0.0,0.22,6,3,1,40.11
12.8577,2,0.0,0.07,3,3,1,40.035
12.8616,2,0.0,0.95,16,1,1,40.475
12.866,2,0.0,1.13,46,3,1,40.565
12.8715,2,0.0,2.49,27,3,1,41.245
12.8763,2,0.0,0.19,7,3,1,40.095
12.8821,2,0.0,0.03,4,3,1,40.015
12.887,0,0.0,0.08,14,3,2,0.04
12.8913,2,0.0,0.07,8,3,1,40.035
12.8954,2,0.0,0.15,29,3,1,40.075
12.8981,4,0.0,0.07,3,3,0,80.035
12.9043,2,0.0,0.03,3,3,1,40.015
12.9084,2,0.0,0.3,11,3,1,40.15
12.9141,0,0.0,0.12,44,3,2,0.06
12.9205,2,0.0,0.14,11,3,1,40.07
12.9251,2,0.0,0.11,8,3,1,40.055
12.9304,2,0.0,0.19,26,3,1,40.095
12.9347,2,0.0,0.87,17,1,1,40.435
12.9403,2,0.0,0.04,5,3,1,40.02
12.9444,2,0.0,0.2,8,3,1,40.1
12.9481,2,0.0,0.75,15,3,1,40.375
12.954,2,0.0,0.03,2,3,1,40.015
12.958,3,0.0,0.21,24,3,1,60.105
12.9648,2,0.0,0.05,9,3,1,40.025
12.972,0,0.0,0.06,28,3,2,0.03
12.9787,2,0.0,0.08,5,3,1,40.04
12.9845,2,0.0,0.03,19,3,1,40.015
12.9917,2,0.0,0.11,10,3,1,40.055
12.9973,2,0.0,0.19,10,3,1,40.095
13.0017,2,0.0,0.44,5,3,1,40.22
13.0067,3,0.0,0.14,20,3,1,60.07
13.0133,2,0.0,0.3,13,3,1,40.15
13.0233,2,0.0,0.26,8,3,1,40.13
13.0327,2,0.0,0.05,2,3,1,40.025
13.0431,2,0.0,0.11,11,3,1,40.055
13.0508,2,0.0,0.02,19,3,1,40.01
13.0552,2,0.0,0.15,53,3,1,40.075
13.0605,2,1.8,1.21,40,3,1,42.76499999999999
13.0643,2,57.9,3.21,29,3,0,111.085
13.0699,2,0.0,0.07,8,3,1,40.035
13.0753,2,0.0,0.19,10,3,1,40.095
13.0806,2,0.0,0.24,8,3,1,40.12
13.0874,2,0.0,0.38,7,3,1,40.19
13.0929,2,0.0,0.65,9,3,1,40.325
13.0991,2,0.0,0.12,8,3,1,40.06
13.1051,3,0.0,0.73,23,3,1,60.365
13.1112,2,0.0,3.12,11,3,1,41.56
13.1163,3,12.3,1.46,19,3,1,75.49000000000001
13.1222,2,0.0,0.09,6,3,1,40.045
13.1276,2,0.0,0.11,6,3,1,40.055
13.1322,2,0.0,0.12,6,3,1,40.06
13.1384,2,0.0,0.3,11,3,1,40.15
13.1431,0,0.0,0.13,29,3,2,0.065
13.1484,2,0.0,1.71,13,3,1,40.855
13.1546,2,6.1,2.11,45,3,1,48.375
13.159,2,0.0,0.0,10,3,1,40.0
13.1643,2,0.0,0.22,2,3,1,40.11
13.1712,2,98.2,0.43,23,3,0,158.055
13.1763,2,0.0,0.1,9,3,1,40.05
13.1805,0,0.0,0.66,26,3,2,0.33
13.1866,2,0.0,0.52,17,3,1,40.26
13.1933,2,0.0,0.05,8,3,1,40.025
13.2002,2,0.0,0.02,3,3,1,40.01
13.2066,0,0.0,1.69,28,3,2,0.845
13.2113,3,1.8,1.03,21,3,1,62.675
13.2166,2,0.0,0.31,25,3,1,40.155
13.2222,2,0.0,0.16,6,3,1,40.08
13.2266,0,2.7,1.92,34,3,1,4.2
13.2305,2,0.0,0.04,1,3,1,40.02
13.2344,2,0.0,0.1,15,3,1,40.05
13.2385,2,0.0,0.18,10,3,1,40.09
13.2428,2,0.0,0.08,11,3,1,40.04
13.247,2,0.0,0.13,8,3,1,40.065
13.2523,2,0.0,0.66,49,3,1,40.33
13.2566,2,0.0,0.13,8,3,1,40.065
13.2603,2,0.0,0.54,13,3,1,40.27
13.2653,2,0.0,0.52,30,3,1,40.26
14.2819,2,0.0,0.78,47,3,1,40.39
14.2913,2,0.0,0.99,17,3,1,40.495
14.3002,2,0.0,0.04,3,3,1,40.02
14.3096,2,5.3,1.69,20,3,1,47.205
14.3193,2,0.0,0.02,3,3,1,40.01
14.3298,3,0.0,0.14,6,3,1,60.07
14.3413,2,0.9,0.82,24,3,1,41.489999999999995
14.3511,2,0.0,0.09,2,3,1,40.045
14.358,2,0.0,0.01,2,3,1,40.005
14.3645,4,0.0,0.42,18,3,0,80.21
14.3722,2,0.0,0.13,10,3,1,40.065
14.3791,2,0.9,0.14,8,3,1,41.15
14.3884,2,0.0,0.01,2,3,1,40.005
14.3942,2,1.8,3.88,78,3,1,44.099999999999994
14.4,2,0.0,0.22,23,3,1,40.11
14.4054,2,0.0,0.24,13,3,1,40.12
14.4123,2,0.0,0.05,6,3,1,40.025
14.4187,2,0.0,0.03,1,3,1,40.015
14.4239,0,0.0,0.09,28,3,2,0.045
14.429,2,0.0,0.01,2,3,1,40.005
14.4338,1,0.0,0.09,16,3,2,20.045
14.4396,2,0.0,0.09,9,3,1,40.045
14.4428,2,0.0,0.05,9,3,1,40.025
14.4471,2,0.0,0.03,2,3,1,40.015
14.4518,2,0.0,0.3,5,3,1,40.15
14.4563,3,0.0,0.09,21,3,1,60.045
14.4613,2,42.1,1.98,34,3,1,91.51
14.4656,2,0.0,0.34,24,3,1,40.17
14.471,2,0.0,0.21,8,3,1,40.105
14.4752,2,0.0,0.03,2,3,1,40.015
14.4792,2,0.0,0.63,60,3,1,40.315
14.4838,2,0.0,0.04,4,3,1,40.02
14.4889,2,0.0,0.73,31,1,1,40.365
14.4933,0,0.0,0.32,29,3,2,0.16
14.4968,2,0.0,0.26,31,3,1,40.13
14.502,2,0.0,0.37,11,3,1,40.185
14.5069,2,0.0,0.0,38,1,1,40.0
14.5112,2,0.0,0.01,17,3,1,40.005
14.5172,2,0.0,0.13,11,3,1,40.065
14.5228,2,0.0,0.3,5,3,1,40.15
14.527,2,0.0,0.43,48,3,1,40.215
14.5304,2,0.0,0.05,9,3,1,40.025
14.536,2,0.0,0.05,9,3,1,40.025
14.5413,2,0.0,0.07,24,3,1,40.035
14.5454,2,0.0,0.11,7,3,1,40.055
14.5505,2,0.0,0.19,2,3,1,40.095
14.5558,2,0.0,0.06,8,3,1,40.03
14.5603,2,0.0,0.01,17,3,1,40.005
14.5652,2,0.0,0.04,3,3,1,40.02
14.5705,0,0.0,1.41,29,3,2,0.705
14.5746,2,0.0,0.04,4,3,1,40.02
14.5797,0,0.0,0.16,29,3,2,0.08
14.594,2,0.0,0.41,37,3,1,40.205
14.6078,2,0.0,0.01,2,3,1,40.005
14.6136,2,0.0,0.1,9,1,1,40.05
14.6188,2,0.0,0.32,20,3,1,40.16
14.6245,2,0.0,0.19,19,3,1,40.095
14.6288,2,0.0,0.07,2,3,1,40.035
14.6344,4,0.0,0.2,14,3,0,80.1
14.6395,2,0.0,0.22,6,3,1,40.11
14.6448,2,0.0,0.07,3,3,1,40.035
14.6494,2,0.0,0.95,16,1,1,40.475
14.6553,2,0.9,1.13,46,3,1,41.644999999999996
14.6606,2,0.0,2.49,27,3,1,41.245
14.6668,2,0.0,0.19,7,3,1,40.095
14.6734,2,0.0,0.03,4,3,1,40.015
14.6802,0,0.0,0.08,14,3,2,0.04
14.6869,2,0.0,0.07,8,3,1,40.035
14.6912,2,0.0,0.15,29,3,1,40.075
14.6953,4,0.0,0.07,3,3,0,80.035
14.7007,2,0.0,0.03,3,3,1,40.015
14.7059,2,0.0,0.3,11,3,1,40.15
14.709,0,0.0,0.12,44,3,2,0.06
14.7132,2,0.0,0.14,11,3,1,40.07
14.7202,2,0.0,0.11,8,3,1,40.055
14.7243,2,0.0,0.19,26,3,1,40.095
14.7292,2,0.0,0.87,17,1,1,40.435
14.7348,2,0.0,0.04,5,3,1,40.02
14.7395,2,0.9,0.2,8,3,1,41.18
14.7439,2,0.9,0.79,15,3,1,41.475
14.7492,2,0.0,0.03,2,3,1,40.015
14.7557,3,0.0,0.21,24,3,1,60.105
14.7588,2,0.0,0.05,9,3,1,40.025
14.7636,0,0.0,0.06,28,3,2,0.03
14.769,0,0.0,1.2,17,3,2,0.6
14.7743,2,0.0,0.08,5,3,1,40.04
14.7802,2,0.0,0.03,19,3,1,40.015
14.7874,2,0.0,0.11,10,3,1,40.055
14.7927,2,0.0,0.19,10,3,1,40.095
14.7968,2,0.0,0.44,5,3,1,40.22
14.8022,3,0.0,0.14,20,3,1,60.07
14.8063,2,0.0,0.3,13,3,1,40.15
14.81,2,0.0,0.26,8,3,1,40.13
14.8141,2,0.0,0.05,2,3,1,40.025
14.8198,2,0.0,0.11,11,3,1,40.055
14.8235,2,0.0,0.02,19,3,1,40.01
14.8288,2,0.0,0.15,53,3,1,40.075
14.834,2,0.0,1.21,40,3,1,40.605
14.8399,2,41.6,3.23,29,3,1,91.535
14.8441,2,0.0,0.07,8,3,1,40.035
14.8483,2,0.0,0.19,10,3,1,40.095
14.8536,2,0.0,0.24,8,3,1,40.12
14.8584,2,0.0,0.38,7,3,1,40.19
14.862,2,0.0,0.65,9,3,1,40.325
14.8674,2,0.0,0.12,8,3,1,40.06
14.8728,3,0.0,0.73,23,3,1,60.365
14.8783,2,0.0,3.12,11,3,1,41.56
14.8834,3,12.4,1.46,19,3,1,75.61
14.8887,2,0.0,0.09,6,3,1,40.045
14.8934,2,0.0,0.11,6,3,1,40.055
14.8984,2,0.0,0.12,6,3,1,40.06
14.9033,2,0.0,0.3,11,3,1,40.15
14.9084,0,0.0,0.13,29,3,2,0.065
14.9126,2,0.9,1.69,13,3,1,41.925
14.9167,2,12.5,2.27,45,3,1,56.135
14.9225,2,0.0,0.0,10,3,1,40.0
14.9278,2,0.0,0.22,2,3,1,40.11
14.9328,2,97.3,0.43,23,3,0,156.975
14.9381,2,0.0,0.1,8,3,1,40.05
14.9423,0,0.0,0.66,26,3,2,0.33
14.947,2,0.0,0.52,17,3,1,40.26
14.9526,2,0.0,0.05,8,3,1,40.025
14.9566,2,0.0,0.02,3,3,1,40.01
14.961,0,0.0,1.69,28,3,2,0.845
14.965,3,0.0,1.03,21,3,1,60.515
14.9691,2,0.0,0.31,25,3,1,40.155
14.9742,2,0.0,0.16,6,3,1,40.08
14.9786,0,1.8,1.92,34,3,2,3.12
14.9845,2,0.0,0.04,1,3,1,40.02
14.9885,2,0.0,0.1,15,3,1,40.05
14.9934,2,0.0,0.18,10,3,1,40.09
14.9969,2,0.0,0.08,11,3,1,40.04
15.0015,2,0.0,0.13,8,3,1,40.065
15.0056,2,0.0,0.66,49,3,1,40.33
15.0095,2,0.0,0.13,8,3,1,40.065
15.0131,2,0.0,0.54,13,3,1,40.27
15.0193,2,0.9,0.52,30,3,1,41.339999999999996
16.0334,2,0.0,0.78,47,3,1,40.39
16.0426,2,0.0,0.99,17,3,1,40.495
16.0503,2,0.0,0.04,3,3,1,40.02
16.057,2,7.2,1.75,20,3,1,49.515
16.0622,2,0.0,0.02,3,3,1,40.01
16.0663,3,0.0,0.14,6,3,1,60.07
16.0713,2,0.0,0.82,24,3,1,40.41
16.0756,2,0.0,0.09,2,3,1,40.045
16.0801,2,0.0,0.01,2,3,1,40.005
16.086,4,0.0,0.42,18,3,0,80.21
16.0906,2,0.0,0.13,10,3,1,40.065
16.0948,2,0.0,0.14,8,3,1,40.07
16.0998,2,0.0,0.01,2,3,1,40.005
16.1048,2,0.9,3.88,78,3,1,43.019999999999996
16.1088,2,0.0,0.22,23,3,1,40.11
16.1131,2,0.0,0.24,13,3,1,40.12
16.1189,2,0.0,0.05,6,3,1,40.025
16.1235,2,0.0,0.03,1,3,1,40.015
16.1278,0,0.0,0.09,28,3,2,0.045
16.1341,2,0.0,0.01,2,3,1,40.005
16.1387,1,0.0,0.09,16,3,2,20.045
16.1435,2,0.0,0.09,9,3,1,40.045
16.148,2,0.0,0.05,9,3,1,40.025
16.1531,2,0.0,0.03,2,3,1,40.015
16.1563,2,0.0,0.3,5,3,1,40.15
16.1613,3,0.0,0.09,21,3,1,60.045
16.1648,2,39.5,1.98,34,3,1,88.39
16.1699,2,0.0,0.34,24,3,1,40.17
16.1746,2,0.0,0.21,8,3,1,40.105
16.1802,2,0.0,0.03,2,3,1,40.015
16.1861,2,0.0,0.63,60,3,1,40.315
16.1907,2,0.0,0.04,4,3,1,40.02
16.1949,2,0.0,0.73,31,1,1,40.365
16.1996,0,0.0,0.32,29,3,2,0.16
16.2049,2,0.0,0.26,31,3,1,40.13
16.2086,2,0.0,0.37,11,3,1,40.185
16.2129,2,0.0,0.0,38,1,1,40.0
16.2179,2,0.0,0.01,17,3,1,40.005
16.2224,2,0.0,0.13,11,3,1,40.065
16.228,2,0.0,0.3,5,3,1,40.15
16.233,2,0.0,0.43,48,3,1,40.215
16.2384,2,0.0,0.05,9,3,1,40.025
16.2428,2,0.0,0.05,9,3,1,40.025
16.2462,2,0.0,0.07,24,3,1,40.035
16.2516,2,0.0,0.11,7,3,1,40.055
16.2555,2,0.0,0.19,2,3,1,40.095
16.2603,2,0.0,0.06,8,3,1,40.03
16.2641,2,0.0,0.01,17,3,1,40.005
16.2697,2,0.0,0.04,3,3,1,40.02
16.2754,0,0.0,1.41,29,3,2,0.705
16.2799,2,0.0,0.04,4,3,1,40.02
16.286,0,0.0,0.16,29,3,2,0.08
16.2916,2,0.0,0.41,37,3,1,40.205
16.2983,2,0.0,0.01,2,3,1,40.005
16.3047,2,0.0,0.09,9,1,1,40.045
16.309,2,0.0,0.32,20,3,1,40.16
16.3138,2,0.0,0.19,18,3,1,40.095
16.3198,2,0.0,0.07,2,3,1,40.035
16.3267,4,0.0,0.2,14,3,0,80.1
16.3333,2,0.0,0.22,6,3,1,40.11
16.3399,2,0.0,0.07,3,3,1,40.035
16.344,2,0.0,0.95,16,1,1,40.475
16.3496,2,2.8,1.13,46,3,1,43.925
16.3558,2,0.0,2.49,27,3,1,41.245
16.3622,2,0.0,0.19,7,3,1,40.095
16.3683,2,0.0,0.03,4,3,1,40.015
16.3725,0,0.0,0.08,14,3,2,0.04
16.3765,2,0.0,0.07,8,3,1,40.035
16.3819,2,0.0,0.15,29,3,1,40.075
16.3874,4,0.0,0.07,3,3,0,80.035
16.392,2,0.0,0.03,3,3,1,40.015
16.3958,2,0.0,0.3,11,3,1,40.15
16.4019,0,0.0,0.12,44,3,2,0.06
16.4063,2,0.0,0.14,11,3,1,40.07
16.415,2,0.0,0.11,8,3,1,40.055
16.4212,2,0.0,0.19,26,3,1,40.095
16.4273,2,0.0,0.87,17,1,1,40.435
16.4349,2,0.0,0.04,5,3,1,40.02
16.4414,2,0.0,0.2,8,3,1,40.1
16.4465,2,0.0,0.79,15,3,1,40.395
16.4533,2,0.0,0.03,2,3,1,40.015
16.4583,3,0.0,0.21,24,3,1,60.105
16.4641,2,0.0,0.05,9,3,1,40.025
16.4687,0,0.0,0.06,28,3,2,0.03
16.474,0,0.0,1.2,17,3,2,0.6
16.4781,2,0.0,0.08,5,3,1,40.04
16.4823,2,0.0,0.03,19,3,1,40.015
16.4871,2,0.0,0.11,10,3,1,40.055
16.4914,2,0.0,0.19,10,3,1,40.095
16.4964,2,0.0,0.44,5,3,1,40.22
16.5013,3,0.0,0.14,20,3,1,60.07
16.5056,2,0.0,0.3,13,3,1,40.15
16.5097,2,0.0,0.26,8,3,1,40.13
16.5142,2,0.0,0.05,2,3,1,40.025
16.5196,2,0.0,0.11,11,3,1,40.055
16.5239,2,0.0,0.02,19,3,1,40.01
16.528,2,0.0,0.15,53,3,1,40.075
16.5333,2,0.0,1.21,40,3,1,40.605
16.5378,2,27.5,3.29,29,3,1,74.645
16.543,2,0.0,0.07,8,3,1,40.035
16.5473,2,0.0,0.19,10,3,1,40.095
16.5525,2,0.0,0.24,8,3,1,40.12
16.5566,2,0.0,0.38,7,3,1,40.19
16.5613,2,0.0,0.65,9,3,1,40.325
16.5673,2,0.0,0.12,8,3,1,40.06
16.5726,3,0.0,0.73,23,3,1,60.365
16.5767,2,0.0,3.12,11,3,1,41.56
16.581,3,11.0,1.88,19,3,1,74.14
16.5862,2,0.0,0.09,6,3,1,40.045
16.5912,2,0.0,0.11,6,3,1,40.055
16.5954,2,0.0,0.12,6,3,1,40.06
16.6015,2,0.0,0.3,11,3,1,40.15
16.6065,0,0.0,0.13,29,3,2,0.065
16.616,2,0.0,1.69,13,3,1,40.845
16.6226,2,0.0,2.27,45,3,1,41.135
16.6274,2,0.0,0.0,10,3,1,40.0
16.6366,2,0.0,0.22,2,3,1,40.11
16.6494,2,96.4,0.43,23,3,0,155.895
16.6597,2,0.0,0.1,8,3,1,40.05
16.6717,0,0.0,0.66,26,3,2,0.33
16.6774,2,0.0,0.52,17,3,1,40.26
16.6822,2,0.0,0.05,8,3,1,40.025
16.6866,2,0.0,0.02,3,3,1,40.01
16.6907,0,0.0,1.69,28,3,2,0.845
16.6952,3,0.0,1.03,21,3,1,60.515
16.6994,2,0.0,0.31,25,3,1,40.155
16.7043,2,0.0,0.16,6,3,1,40.08
16.7074,0,0.0,1.92,34,3,2,0.96
16.711,2,0.0,0.04,1,3,1,40.02
16.717,2,0.0,0.1,15,3,1,40.05
16.7217,2,0.0,0.18,10,3,1,40.09
16.7257,2,0.0,0.08,11,3,1,40.04
16.7299,2,0.0,0.13,8,3,1,40.065
16.7343,2,0.0,0.66,49,3,1,40.33
16.739,2,0.0,0.13,8,3,1,40.065
16.7432,2,0.0,0.54,13,3,1,40.27
16.7472,2,0.0,0.52,30,3,1,40.26
17.7646,2,0.0,0.78,47,3,1,40.39
17.7739,2,0.0,0.99,17,3,1,40.495
17.7845,2,0.0,0.04,3,3,1,40.02
17.7942,2,2.7,1.75,20,3,1,44.115
17.8012,2,0.0,0.02,3,3,1,40.01
17.8073,3,0.0,0.14,6,3,1,60.07
17.8173,2,0.0,0.81,14,3,1,40.405
17.8237,2,0.0,0.09,2,3,1,40.045
17.8286,2,0.0,0.01,2,3,1,40.005
17.8344,4,0.0,0.42,18,3,0,80.21
17.8392,2,0.0,0.13,10,3,1,40.065
17.8446,2,0.0,0.14,8,3,1,40.07
17.8503,2,0.0,0.01,2,3,1,40.005
17.8559,2,0.0,3.88,78,3,1,41.94
17.8616,2,0.0,0.22,23,3,1,40.11
17.8672,2,0.0,0.24,13,3,1,40.12
17.8715,2,0.0,0.05,6,3,1,40.025
17.8772,2,0.0,0.03,1,3,1,40.015
17.8822,0,0.0,0.09,28,3,2,0.045
17.8877,2,0.0,0.01,2,3,1,40.005
17.8947,1,0.0,0.09,16,3,2,20.045
17.8997,2,0.0,0.09,9,3,1,40.045
17.9052,2,0.0,0.05,9,3,1,40.025
17.9096,2,0.0,0.03,2,3,1,40.015
17.9144,2,0.0,0.3,5,3,1,40.15
17.9205,3,0.0,0.09,21,3,1,60.045
17.9257,2,42.5,1.98,34,3,1,91.99
17.93,2,0.0,0.34,24,3,1,40.17
17.9352,2,0.0,0.21,8,3,1,40.105
17.9402,2,0.0,0.03,2,3,1,40.015
17.9445,2,0.0,0.63,60,3,1,40.315
17.9489,2,0.0,0.04,4,3,1,40.02
17.9542,2,0.0,0.73,31,1,1,40.365
17.9591,0,0.0,0.32,29,3,2,0.16
17.9642,2,0.0,0.26,31,3,1,40.13
17.9687,2,0.0,0.37,11,3,1,40.185
17.9744,2,0.0,0.0,38,1,1,40.0
17.9794,2,0.0,0.01,17,3,1,40.005
17.9862,2,0.0,0.13,11,3,1,40.065
17.9909,2,0.0,0.3,5,3,1,40.15
17.9943,2,0.0,0.43,48,3,1,40.215
17.9991,2,0.0,0.05,9,3,1,40.025
18.0052,2,0.0,0.05,9,3,1,40.025
18.0097,2,0.0,0.07,24,3,1,40.035
18.0141,2,0.0,0.11,7,3,1,40.055
18.02,2,0.0,0.19,2,3,1,40.095
18.0251,2,0.0,0.06,8,3,1,40.03
18.0292,2,0.0,0.01,17,3,1,40.005
18.034,2,0.0,0.04,3,3,1,40.02
18.039,0,0.0,1.41,29,3,2,0.705
18.0424,2,0.0,0.04,4,3,1,40.02
18.047,0,0.0,0.16,29,3,2,0.08
18.0531,2,0.0,0.41,37,3,1,40.205
18.0575,2,0.0,0.01,2,3,1,40.005
18.0627,2,0.0,0.08,9,1,1,40.04
18.07,2,0.0,0.31,20,3,1,40.155
18.0742,2,0.0,0.19,18,3,1,40.095
18.0786,2,0.0,0.07,2,3,1,40.035
18.0834,4,0.0,0.2,14,3,0,80.1
18.0884,2,0.0,0.22,6,3,1,40.11
18.093,2,0.0,0.07,3,3,1,40.035
18.0973,2,0.0,0.95,16,1,1,40.475
18.1031,2,0.0,1.13,46,3,1,40.565
18.1078,2,0.0,2.49,27,3,1,41.245
18.1128,2,0.0,0.19,7,3,1,40.095
18.1193,2,0.0,0.03,4,3,1,40.015
18.1237,0,0.0,0.08,14,3,2,0.04
18.1292,2,0.0,0.07,8,3,1,40.035
18.1337,2,0.0,0.15,29,3,1,40.075
18.139,4,0.0,0.07,3,3,0,80.035
18.1438,2,0.0,0.03,3,3,1,40.015
18.1496,2,0.0,0.3,11,3,1,40.15
18.1559,0,0.0,0.12,44,3,2,0.06
18.1609,2,0.0,0.14,11,3,1,40.07
18.167,2,0.0,0.11,8,3,1,40.055
18.1713,2,0.0,0.19,26,3,1,40.095
18.1764,2,0.0,0.87,17,1,1,40.435
18.1834,2,0.9,0.04,5,3,1,41.1
18.1914,2,0.0,0.2,8,3,1,40.1
18.1991,2,0.0,0.79,15,3,1,40.395
18.2066,2,0.0,0.03,2,3,1,40.015
18.2123,3,0.0,0.21,24,3,1,60.105
18.2186,2,0.0,0.05,9,3,1,40.025
18.2244,0,0.0,0.06,28,3,2,0.03
18.2297,0,0.0,1.2,17,3,2,0.6
18.2352,2,0.0,0.08,5,3,1,40.04
18.2404,2,0.0,0.03,19,3,1,40.015
18.2446,2,0.0,0.11,10,3,1,40.055
18.25,2,0.0,0.19,10,3,1,40.095
18.2551,2,0.0,0.44,5,3,1,40.22
18.2619,3,0.0,0.14,20,3,1,60.07
18.2681,2,0.0,0.3,13,3,1,40.15
18.2737,2,0.0,0.26,8,3,1,40.13
18.278,2,0.0,0.05,2,3,1,40.025
18.2842,2,0.0,0.11,11,3,1,40.055
18.2882,2,0.0,0.02,19,3,1,40.01
18.2938,2,0.0,0.15,53,3,1,40.075
18.2996,2,3.5,1.24,40,3,1,44.82
18.3066,2,47.8,3.35,29,3,0,99.03499999999998
18.3125,2,0.0,0.07,8,3,1,40.035
18.3201,2,0.0,0.19,10,3,1,40.095
18.3262,2,0.0,0.24,8,3,1,40.12
18.334,2,0.0,0.38,7,3,1,40.19
18.3402,2,0.0,0.65,9,3,1,40.325
18.3457,2,0.0,0.12,8,3,1,40.06
18.3516,3,0.0,0.73,22,3,1,60.365
18.3568,2,0.0,3.12,11,3,1,41.56
18.3622,3,8.8,1.77,19,3,1,71.44500000000001
18.3688,2,0.0,0.09,6,3,1,40.045
18.3742,2,0.0,0.11,6,3,1,40.055
18.382,2,0.0,0.12,6,3,1,40.06
18.3871,2,0.0,0.3,11,3,1,40.15
18.3935,0,0.0,0.13,29,3,2,0.065
18.3994,2,0.0,1.69,13,3,1,40.845
18.4055,2,0.9,2.17,45,3,1,42.165
18.4096,2,0.0,0.0,10,3,1,40.0
18.4151,2,0.0,0.22,2,3,1,40.11
18.4191,2,99.1,0.43,23,3,0,159.135
18.4243,2,0.0,0.1,8,3,1,40.05
18.43,0,0.0,0.66,26,3,2,0.33
18.4364,2,0.0,0.52,17,3,1,40.26
18.4423,2,0.0,0.05,8,3,1,40.025
18.4495,2,0.0,0.02,3,3,1,40.01
18.4563,0,0.0,1.69,28,3,2,0.845
18.4626,3,0.0,1.03,21,3,1,60.515
18.468,2,0.0,0.31,25,3,1,40.155
18.4731,2,0.0,0.16,6,3,1,40.08
18.4772,0,0.0,1.92,34,3,2,0.96
18.482,2,0.0,0.04,1,3,1,40.02
18.4871,2,0.0,0.1,15,3,1,40.05
18.4914,2,0.0,0.18,10,3,1,40.09
18.4945,2,0.0,0.08,11,3,1,40.04
18.501,2,0.0,0.13,8,3,1,40.065
18.5058,2,0.0,0.66,49,3,1,40.33
18.5109,2,0.0,0.13,8,3,1,40.065
18.5175,2,0.0,0.54,13,3,1,40.27
18.5233,2,0.0,0.52,30,3,1,40.26
19.5398,2,0.0,0.78,47,3,1,40.39
19.5486,2,0.0,0.99,17,3,1,40.495
19.5554,2,0.0,0.04,3,3,1,40.02
19.5606,2,0.9,1.75,20,3,1,41.955
19.5646,2,0.0,0.02,3,3,1,40.01
19.5708,3,0.0,0.14,6,3,1,60.07
19.5753,2,0.0,0.81,14,3,1,40.405
19.582,2,0.0,0.09,2,3,1,40.045
19.5875,2,0.0,0.01,2,3,1,40.005
19.593,4,0.0,0.42,18,3,0,80.21
19.5982,2,0.0,0.13,10,3,1,40.065
19.6034,2,0.0,0.14,8,3,1,40.07
19.6075,2,0.0,0.01,2,3,1,40.005
19.6122,2,0.0,3.88,78,3,1,41.94
19.6179,2,0.0,0.22,23,3,1,40.11
19.6241,2,0.0,0.24,13,3,1,40.12
19.6284,2,0.0,0.05,6,3,1,40.025
19.6352,2,0.0,0.03,1,3,1,40.015
19.6405,0,0.0,0.09,28,3,2,0.045
19.6458,2,0.0,0.01,2,3,1,40.005
19.6513,1,0.0,0.09,16,3,2,20.045
19.6554,2,0.0,0.09,9,3,1,40.045
19.6611,2,0.0,0.05,9,3,1,40.025
19.668,2,0.0,0.03,2,3,1,40.015
19.6743,2,0.0,0.3,5,3,1,40.15
19.6788,3,0.0,0.09,21,3,1,60.045
19.6855,2,42.5,1.98,34,3,1,91.99
19.6912,2,0.0,0.34,24,3,1,40.17
19.6953,2,0.0,0.21,8,3,1,40.105
19.7017,2,0.0,0.03,2,3,1,40.015
19.7068,2,0.0,0.63,60,3,1,40.315
19.712,2,0.0,0.04,4,3,1,40.02
19.7167,2,0.0,0.73,31,1,1,40.365
19.7211,0,0.0,0.32,29,3,2,0.16
19.7262,2,0.0,0.26,31,3,1,40.13
19.7338,2,0.0,0.37,11,3,1,40.185
19.7398,2,0.0,0.0,38,1,1,40.0
19.7448,2,0.0,0.01,17,3,1,40.005
19.7506,2,0.0,0.13,11,3,1,40.065
19.7561,2,0.0,0.3,5,3,1,40.15
19.7593,2,0.0,0.43,48,3,1,40.215
19.7649,2,0.0,0.05,9,3,1,40.025
19.7695,2,0.0,0.05,9,3,1,40.025
19.775,2,0.0,0.07,24,3,1,40.035
19.7794,2,0.0,0.11,7,3,1,40.055
19.7858,2,0.0,0.19,2,3,1,40.095
19.7911,2,0.0,0.06,8,3,1,40.03
19.7953,2,0.0,0.01,17,3,1,40.005
19.8014,2,0.0,0.04,3,3,1,40.02
19.805,0,0.0,1.41,29,3,2,0.705
19.8091,2,0.0,0.04,4,3,1,40.02
19.8133,0,0.0,0.16,29,3,2,0.08
19.8183,2,0.0,0.41,37,3,1,40.205
19.8237,2,0.0,0.01,2,3,1,40.005
19.829,2,0.0,0.08,9,1,1,40.04
19.8358,2,0.0,0.31,20,3,1,40.155
19.8413,2,0.0,0.19,18,3,1,40.095
19.8454,2,0.0,0.07,2,3,1,40.035
19.851,4,0.0,0.2,14,3,0,80.1
19.8551,2,0.0,0.22,6,3,1,40.11
19.8595,2,0.0,0.07,3,3,1,40.035
19.8645,2,0.0,0.95,16,1,1,40.475
19.8702,2,0.0,1.13,46,3,1,40.565
19.8742,2,0.0,2.5,27,3,1,41.25
19.8782,2,0.0,0.19,7,3,1,40.095
19.8844,2,0.0,0.03,4,3,1,40.015
19.8887,0,0.0,0.08,14,3,2,0.04
19.8926,2,0.0,0.07,8,3,1,40.035
19.8977,2,0.0,0.15,29,3,1,40.075
19.9024,4,0.0,0.07,3,3,0,80.035
19.9065,2,0.0,0.03,3,3,1,40.015
19.9098,2,0.0,0.3,11,3,1,40.15
19.9147,0,0.0,0.12,44,3,2,0.06
19.9202,2,0.0,0.14,11,3,1,40.07
19.9243,2,0.0,0.11,8,3,1,40.055
19.9297,2,0.0,0.19,26,3,1,40.095
19.9351,2,0.0,0.87,17,1,1,40.435
19.9404,2,0.0,0.04,5,3,1,40.02
19.9445,2,0.0,0.2,8,3,1,40.1
19.9483,2,0.0,0.79,15,3,1,40.395
19.9528,2,0.0,0.03,2,3,1,40.015
19.9568,3,0.0,0.21,24,3,1,60.105
19.9612,2,0.0,0.05,9,3,1,40.025
19.9653,0,0.0,0.06,28,3,2,0.03
19.9695,0,0.0,1.19,17,3,2,0.595
19.9746,2,0.0,0.08,5,3,1,40.04
19.9798,2,0.0,0.03,19,3,1,40.015
19.9857,2,0.0,0.11,10,3,1,40.055
19.9899,2,0.0,0.19,10,3,1,40.095
19.9942,2,0.0,0.44,5,3,1,40.22
19.9991,3,0.0,0.14,20,3,1,60.07
20.0033,2,0.0,0.3,13,3,1,40.15
20.008,2,0.0,0.26,8,3,1,40.13
20.0126,2,0.0,0.05,2,3,1,40.025
20.0178,2,0.0,0.11,11,3,1,40.055
20.0244,2,0.0,0.02,19,3,1,40.01
20.0294,2,0.0,0.15,53,3,1,40.075
20.0354,2,4.5,1.3,40,3,1,46.05
20.0402,2,43.3,3.42,29,3,1,93.66999999999999
20.0443,2,0.0,0.07,8,3,1,40.035
20.0481,2,0.0,0.19,10,3,1,40.095
20.0533,2,0.0,0.24,8,3,1,40.12
20.0574,2,0.0,0.38,7,3,1,40.19
20.0612,2,0.0,0.65,9,3,1,40.325
20.0657,2,0.0,0.12,8,3,1,40.06
20.0722,3,0.0,0.73,22,3,1,60.365
20.0761,2,0.0,3.12,11,3,1,41.56
20.0812,3,11.8,1.77,19,3,1,75.045
20.0858,2,0.0,0.09,6,3,1,40.045
20.0902,2,0.0,0.11,6,3,1,40.055
20.0945,2,0.0,0.12,6,3,1,40.06
20.0999,2,0.0,0.3,11,3,1,40.15
20.1045,0,0.0,0.13,29,3,2,0.065
20.1086,2,0.0,1.69,13,3,1,40.845
20.1122,2,0.0,2.17,45,3,1,41.085
20.1185,2,0.0,0.0,10,3,1,40.0
20.1233,2,0.0,0.22,2,3,1,40.11
20.1285,2,97.3,0.43,23,3,0,156.975
20.1337,2,0.0,0.1,8,3,1,40.05
20.1386,0,0.0,0.66,26,3,2,0.33
20.1432,2,0.0,0.52,17,3,1,40.26
20.1473,2,0.0,0.05,8,3,1,40.025
20.1514,2,0.0,0.02,3,3,1,40.01
20.1558,0,0.0,1.69,28,3,2,0.845
20.1588,3,0.0,1.03,21,3,1,60.515
20.1646,2,0.0,0.31,25,3,1,40.155
20.1696,2,0.0,0.16,6,3,1,40.08
20.1735,0,0.0,1.92,34,3,2,0.96
20.1786,2,0.0,0.04,1,3,1,40.02
20.1846,2,0.0,0.1,15,3,1,40.05
20.1901,2,0.0,0.18,10,3,1,40.09
20.1948,2,0.0,0.08,11,3,1,40.04
20.2004,2,0.0,0.13,8,3,1,40.065
20.2044,2,0.0,0.66,49,3,1,40.33
20.2091,2,0.0,0.13,8,3,1,40.065
20.2165,2,0.0,0.54,13,3,1,40.27
20.2211,2,0.0,0.52,30,3,1,40.26
21.2371,2,0.0,0.78,47,3,1,40.39
21.2453,2,0.0,0.99,17,3,1,40.495
21.2508,2,0.0,0.04,3,3,1,40.02
21.2601,2,2.8,1.75,20,3,1,44.235
21.2669,2,0.0,0.02,3,3,1,40.01
21.2771,3,0.0,0.14,6,3,1,60.07
21.2854,2,0.0,0.81,14,3,1,40.405
21.2946,2,0.0,0.09,2,3,1,40.045
21.3019,2,0.0,0.01,2,3,1,40.005
21.3091,4,0.0,0.42,18,3,0,80.21
21.3166,2,0.0,0.13,10,3,1,40.065
21.3214,2,0.0,0.14,8,3,1,40.07
21.3259,2,0.0,0.01,2,3,1,40.005
21.332,2,0.0,3.88,78,3,1,41.94
21.3376,2,0.0,0.22,23,3,1,40.11
21.3411,2,0.0,0.24,13,3,1,40.12
21.3455,2,0.0,0.05,6,3,1,40.025
21.3506,2,0.0,0.03,1,3,1,40.015
21.3553,0,0.0,0.09,28,3,2,0.045
21.3599,2,0.0,0.01,2,3,1,40.005
21.3654,1,0.0,0.09,16,3,2,20.045
21.3707,2,0.0,0.09,9,3,1,40.045
21.3774,2,0.0,0.05,9,3,1,40.025
21.3855,2,0.0,0.03,2,3,1,40.015
21.3911,2,0.0,0.3,5,3,1,40.15
21.3955,3,0.0,0.09,21,3,1,60.045
21.4007,2,39.5,1.98,34,3,1,88.39
21.4061,2,0.0,0.34,24,3,1,40.17
21.4128,2,0.0,0.21,8,3,1,40.105
21.4197,2,0.0,0.03,2,3,1,40.015
21.4271,2,0.0,0.63,60,3,1,40.315
21.4322,2,0.0,0.04,4,3,1,40.02
21.4369,2,0.0,0.73,31,1,1,40.365
21.4431,0,0.0,0.32,29,3,2,0.16
21.4478,2,0.0,0.26,31,3,1,40.13
21.4536,2,0.0,0.37,11,3,1,40.185
21.4575,2,0.0,0.0,38,1,1,40.0
21.4621,2,0.0,0.01,17,3,1,40.005
21.4695,2,0.0,0.13,11,3,1,40.065
21.4732,2,0.0,0.3,5,3,1,40.15
21.4776,2,0.0,0.43,48,3,1,40.215
21.4836,2,0.0,0.05,9,3,1,40.025
21.4873,2,0.0,0.05,9,3,1,40.025
21.4917,2,0.0,0.07,24,3,1,40.035
21.4964,2,0.0,0.11,7,3,1,40.055
21.5016,2,0.0,0.19,2,3,1,40.095
21.506,2,0.0,0.06,8,3,1,40.03
21.5106,2,0.0,0.01,17,3,1,40.005
21.5174,2,0.0,0.04,3,3,1,40.02
21.5229,0,0.0,1.41,29,3,2,0.705
21.5282,2,0.0,0.04,4,3,1,40.02
21.5449,0,0.0,0.16,29,3,2,0.08
21.5574,2,0.0,0.41,37,3,1,40.205
21.5661,2,0.0,0.01,2,3,1,40.005
21.5726,2,0.0,0.07,9,1,1,40.035
21.5776,2,0.0,0.31,20,3,1,40.155
21.5833,2,0.0,0.19,18,3,1,40.095
21.5874,2,0.0,0.07,2,3,1,40.035
21.5918,4,0.0,0.2,15,3,0,80.1
21.5961,2,0.0,0.22,6,3,1,40.11
21.6015,2,0.0,0.07,3,3,1,40.035
21.6056,2,0.0,0.95,16,1,1,40.475
21.6099,2,0.0,1.13,46,3,1,40.565
21.614,2,0.0,2.5,27,3,1,41.25
21.6191,2,0.0,0.19,7,3,1,40.095
21.6234,2,0.0,0.03,4,3,1,40.015
21.6277,0,0.0,0.08,14,3,2,0.04
21.6344,2,0.0,0.07,8,3,1,40.035
21.6396,2,0.0,0.15,29,3,1,40.075
21.6439,4,0.0,0.07,3,3,0,80.035
21.6493,2,0.0,0.03,3,3,1,40.015
21.6545,2,0.0,0.3,11,3,1,40.15
21.6581,0,0.0,0.12,44,3,2,0.06
21.6628,2,0.0,0.14,11,3,1,40.07
21.6681,2,0.0,0.11,8,3,1,40.055
21.6722,2,0.0,0.19,26,3,1,40.095
21.6774,2,0.0,0.87,17,1,1,40.435
21.6833,2,0.0,0.04,5,3,1,40.02
21.6895,2,0.0,0.2,8,3,1,40.1
21.6945,2,0.0,0.77,15,3,1,40.385
21.7006,2,0.0,0.03,2,3,1,40.015
21.7053,3,0.0,0.21,24,3,1,60.105
21.7094,2,0.0,0.05,9,3,1,40.025
21.7142,0,0.0,0.06,28,3,2,0.03
21.7187,0,0.0,1.19,17,3,2,0.595
21.7234,2,0.0,0.08,5,3,1,40.04
21.7285,2,0.0,0.03,19,3,1,40.015
21.7333,2,0.0,0.11,10,3,1,40.055
21.7384,2,0.0,0.19,10,3,1,40.095
21.7428,2,0.0,0.44,5,3,1,40.22
21.7473,3,0.0,0.14,20,3,1,60.07
21.7524,2,0.0,0.3,13,3,1,40.15
21.7566,2,0.0,0.26,8,3,1,40.13
21.7613,2,0.0,0.05,2,3,1,40.025
21.7665,2,0.0,0.11,11,3,1,40.055
21.7719,2,0.0,0.02,19,3,1,40.01
21.7751,2,0.0,0.15,53,3,1,40.075
21.7795,2,2.7,1.31,40,3,1,43.895
21.7864,2,42.0,3.5,29,3,1,92.15
21.7919,2,0.0,0.07,8,3,1,40.035
21.7975,2,0.0,0.19,10,3,1,40.095
21.8029,2,0.0,0.24,8,3,1,40.12
21.807,2,0.0,0.38,7,3,1,40.19
21.8123,2,0.0,0.65,9,3,1,40.325
21.8169,2,0.0,0.12,8,3,1,40.06
21.8214,3,0.0,0.73,22,3,1,60.365
21.8267,2,0.0,3.12,11,3,1,41.56
21.8331,3,7.1,1.77,19,3,1,69.405
21.8386,2,0.0,0.09,6,3,1,40.045
21.8436,2,0.0,0.11,6,3,1,40.055
21.8494,2,0.0,0.12,6,3,1,40.06
21.8548,2,0.0,0.3,11,3,1,40.15
21.8602,0,0.0,0.13,29,3,2,0.065
21.8649,2,0.0,1.69,13,3,1,40.845
21.87,2,0.0,2.15,45,3,1,41.075
21.8754,2,0.0,0.0,10,3,1,40.0
21.8803,2,0.0,0.22,2,3,1,40.11
21.8856,2,97.3,0.43,23,3,0,156.975
21.8898,2,0.0,0.1,8,3,1,40.05
21.8945,0,0.0,0.66,28,3,2,0.33
21.8997,2,0.0,0.52,17,3,1,40.26
21.9038,2,0.0,0.05,8,3,1,40.025
21.909,2,0.0,0.02,3,3,1,40.01
21.9126,0,0.0,1.69,28,3,2,0.845
21.918,3,0.0,1.03,21,3,1,60.515
21.9223,2,0.0,0.31,25,3,1,40.155
21.9277,2,0.0,0.16,6,3,1,40.08
21.9324,0,0.0,1.92,34,3,2,0.96
21.9378,2,0.0,0.04,1,3,1,40.02
21.943,2,0.0,0.1,15,3,1,40.05
21.9482,2,0.0,0.18,10,3,1,40.09
21.953,2,0.0,0.08,11,3,1,40.04
21.9571,2,0.0,0.13,8,3,1,40.065
21.9608,2,0.0,0.66,49,3,1,40.33
21.9652,2,0.0,0.13,8,3,1,40.065
21.9708,2,0.0,0.54,13,3,1,40.27
21.975,2,0.0,0.52,30,3,1,40.26
22.9799,2,0.0,0.78,47,3,1,40.39
22.9881,2,0.0,0.99,17,3,1,40.495
22.9959,2,0.0,0.04,3,3,1,40.02
23.0024,2,3.6,1.75,20,3,1,45.195
23.0088,2,0.0,0.02,3,3,1,40.01
23.0142,3,0.0,0.14,6,3,1,60.07
23.0203,2,0.0,0.81,14,3,1,40.405
23.0246,2,0.0,0.09,2,3,1,40.045
23.0279,2,0.0,0.01,2,3,1,40.005
23.0333,4,0.0,0.42,18,3,0,80.21
23.0377,2,0.0,0.13,10,3,1,40.065
23.0441,2,0.0,0.14,8,3,1,40.07
23.0513,2,0.0,0.01,2,3,1,40.005
23.0596,2,0.0,3.88,78,3,1,41.94
23.0681,2,0.0,0.22,23,3,1,40.11
23.0757,2,0.0,0.24,13,3,1,40.12
23.0823,2,0.0,0.05,6,3,1,40.025
23.0886,2,0.0,0.03,1,3,1,40.015
23.0936,0,0.0,0.09,28,3,2,0.045
23.0996,2,0.0,0.01,2,3,1,40.005
23.1041,1,0.0,0.09,16,3,2,20.045
23.1108,2,0.0,0.09,9,3,1,40.045
23.1186,2,0.0,0.05,9,3,1,40.025
23.1262,2,0.0,0.03,2,3,1,40.015
23.1321,2,0.0,0.3,5,3,1,40.15
23.1368,3,0.0,0.09,21,3,1,60.045
23.1412,2,42.9,1.98,34,3,1,92.46999999999998
23.1456,2,0.0,0.34,24,3,1,40.17
23.1515,2,0.0,0.21,8,3,1,40.105
23.1567,2,0.0,0.03,2,3,1,40.015
23.1597,2,0.0,0.63,60,3,1,40.315
23.1673,2,0.0,0.04,4,3,1,40.02
23.1733,2,0.0,0.73,31,1,1,40.365
23.1783,0,0.0,0.32,29,3,2,0.16
23.1835,2,0.0,0.26,31,3,1,40.13
23.1886,2,0.0,0.38,11,3,1,40.19
23.1929,2,0.0,0.0,38,1,1,40.0
23.1992,2,0.0,0.01,17,3,1,40.005
23.2037,2,0.0,0.13,11,3,1,40.065
23.2081,2,0.0,0.3,5,3,1,40.15
23.2123,2,0.0,0.43,48,3,1,40.215
23.2177,2,0.0,0.05,9,3,1,40.025
23.2222,2,0.0,0.05,9,3,1,40.025
23.2259,2,0.0,0.07,24,3,1,40.035
23.2314,2,0.0,0.11,7,3,1,40.055
23.236,2,0.0,0.19,2,3,1,40.095
23.2391,2,0.0,0.06,8,3,1,40.03
23.2439,2,0.0,0.01,17,3,1,40.005
23.2479,2,0.0,0.04,3,3,1,40.02
23.2527,0,0.0,1.41,29,3,2,0.705
23.2567,2,0.0,0.04,4,3,1,40.02
23.2616,0,0.0,0.16,29,3,2,0.08
23.2673,2,0.0,0.41,37,3,1,40.205
23.2714,2,0.0,0.01,2,3,1,40.005
23.2764,2,0.0,0.07,9,1,1,40.035
23.2826,2,0.0,0.31,20,3,1,40.155
23.2876,2,0.0,0.19,18,3,1,40.095
23.2927,2,0.0,0.07,2,3,1,40.035
23.2974,4,0.0,0.2,15,3,0,80.1
23.3031,2,0.0,0.22,6,3,1,40.11
23.3081,2,0.0,0.07,3,3,1,40.035
23.3144,2,0.0,0.95,16,1,1,40.475
23.32,2,0.0,1.13,46,3,1,40.565
23.3247,2,0.0,2.5,27,3,1,41.25
23.3314,2,0.0,0.19,7,3,1,40.095
23.3355,2,0.0,0.03,4,3,1,40.015
23.3416,0,0.0,0.08,14,3,2,0.04
23.3447,2,0.0,0.07,8,3,1,40.035
23.3505,2,0.0,0.15,29,3,1,40.075
23.3542,4,0.0,0.07,3,3,0,80.035
23.3582,2,0.0,0.03,3,3,1,40.015
23.3642,2,0.0,0.3,11,3,1,40.15
23.3702,0,0.0,0.12,44,3,2,0.06
23.3749,2,0.0,0.14,11,3,1,40.07
23.379,2,0.0,0.11,8,3,1,40.055
23.3844,2,0.0,0.19,26,3,1,40.095
23.3896,2,0.0,0.87,17,1,1,40.435
23.3938,2,0.0,0.04,5,3,1,40.02
23.4001,2,0.0,0.2,8,3,1,40.1
23.4045,2,0.0,0.77,15,3,1,40.385
23.4093,2,0.0,0.03,2,3,1,40.015
23.4163,3,0.0,0.21,24,3,1,60.105
23.4223,2,0.0,0.05,9,3,1,40.025
23.4263,0,0.0,0.06,28,3,2,0.03
23.431,0,0.0,1.19,17,3,2,0.595
23.4356,2,0.0,0.08,5,3,1,40.04
23.4397,2,0.0,0.03,19,3,1,40.015
23.4439,2,0.0,0.11,10,3,1,40.055
23.4485,2,0.0,0.19,10,3,1,40.095
23.4528,2,0.0,0.44,5,3,1,40.22
23.4569,3,0.0,0.14,20,3,1,60.07
23.4617,2,0.0,0.3,13,3,1,40.15
23.4663,2,0.0,0.26,8,3,1,40.13
23.4706,2,0.0,0.05,2,3,1,40.025
23.4747,2,0.0,0.11,11,3,1,40.055
23.479,2,0.0,0.02,19,3,1,40.01
23.4844,2,0.0,0.15,53,3,1,40.075
23.4884,2,2.8,1.32,40,3,1,44.019999999999996
23.4932,2,25.7,3.59,29,3,1,72.635
23.4973,2,0.0,0.07,8,3,1,40.035
23.5016,2,0.0,0.19,10,3,1,40.095
23.5069,2,0.0,0.24,8,3,1,40.12
23.5111,2,0.0,0.38,7,3,1,40.19
23.517,2,0.0,0.65,9,3,1,40.325
23.5212,2,0.0,0.12,8,3,1,40.06
23.5254,3,0.0,0.73,22,3,1,60.365
23.532,2,0.0,3.12,11,3,1,41.56
23.5365,3,11.0,1.77,19,3,1,74.08500000000001
23.5408,2,0.0,0.09,6,3,1,40.045
23.5452,2,0.0,0.11,6,3,1,40.055
23.5499,2,0.0,0.12,6,3,1,40.06
23.5552,2,0.0,0.3,11,3,1,40.15
23.5601,0,0.0,0.13,29,3,2,0.065
23.5655,2,0.0,1.69,13,3,1,40.845
23.5695,2,0.9,2.06,45,3,1,42.11
23.5748,2,0.0,0.0,10,3,1,40.0
23.5804,2,0.0,0.22,2,3,1,40.11
23.5854,2,94.5,0.43,23,3,0,153.61499999999998
23.5896,2,0.0,0.1,8,3,1,40.05
23.5952,0,0.0,0.66,28,3,2,0.33
23.6011,2,0.0,0.52,17,3,1,40.26
23.6066,2,0.0,0.05,8,3,1,40.025
23.6102,2,0.0,0.02,3,3,1,40.01
23.6163,0,0.0,1.69,28,3,2,0.845
23.621,3,0.0,1.03,22,3,1,60.515
23.6318,2,0.0,0.31,25,3,1,40.155
23.6412,2,0.0,0.16,6,3,1,40.08
23.6532,0,0.0,1.92,34,3,2,0.96
23.6586,2,0.0,0.04,1,3,1,40.02
23.6622,2,0.0,0.1,15,3,1,40.05
23.6672,2,0.0,0.18,10,3,1,40.09
23.6719,2,0.0,0.08,11,3,1,40.04
23.6758,2,0.0,0.13,8,3,1,40.065
23.6799,2,1.8,0.66,49,3,1,42.489999999999995
23.6858,2,0.0,0.13,8,3,1,40.065
23.6901,2,0.0,0.54,13,3,1,40.27
23.6932,2,0.0,0.52,30,3,1,40.26
24.7036,2,0.0,0.78,47,3,1,40.39
24.7133,2,0.0,0.99,17,3,1,40.495
24.7224,2,0.0,0.04,3,3,1,40.02
24.7301,2,1.8,1.75,20,3,1,43.035
24.7396,2,0.0,0.02,3,3,1,40.01
24.748,3,0.0,0.14,6,3,1,60.07
24.7594,2,0.0,0.81,14,3,1,40.405
24.767,2,0.0,0.09,2,3,1,40.045
24.7737,2,0.0,0.01,2,3,1,40.005
24.779,4,0.0,0.42,18,3,0,80.21
24.7847,2,0.0,0.13,10,3,1,40.065
24.7895,2,0.0,0.14,8,3,1,40.07
24.795,2,0.0,0.01,2,3,1,40.005
24.8011,2,0.9,3.88,78,3,1,43.019999999999996
24.8062,2,0.0,0.22,23,3,1,40.11
24.811,2,0.0,0.24,13,3,1,40.12
24.8159,2,0.0,0.05,6,3,1,40.025
24.8202,2,0.0,0.03,1,3,1,40.015
24.8253,0,0.0,0.09,28,3,2,0.045
24.8295,2,0.0,0.01,2,3,1,40.005
24.8354,1,0.0,0.09,16,3,2,20.045
24.8386,2,0.0,0.09,9,3,1,40.045
24.8432,2,0.0,0.05,9,3,1,40.025
24.8485,2,0.0,0.03,2,3,1,40.015
24.8535,2,0.0,0.3,5,3,1,40.15
24.8578,3,0.0,0.09,21,3,1,60.045
24.8631,2,40.9,1.98,34,3,1,90.07
24.8684,2,0.0,0.34,24,3,1,40.17
24.8726,2,0.0,0.21,8,3,1,40.105
24.8774,2,0.0,0.03,2,3,1,40.015
24.8832,2,0.0,0.63,60,3,1,40.315
24.8872,2,0.0,0.04,4,3,1,40.02
24.8921,2,0.0,0.73,31,1,1,40.365
24.8961,0,0.0,0.32,29,3,2,0.16
24.9021,2,0.0,0.26,31,3,1,40.13
24.9071,2,0.0,0.38,11,3,1,40.19
24.9113,2,0.0,0.0,38,1,1,40.0
24.9167,2,0.0,0.01,17,3,1,40.005
24.9211,2,0.0,0.13,11,3,1,40.065
24.9264,2,0.0,0.3,5,3,1,40.15
24.9324,2,0.0,0.43,48,3,1,40.215
24.9367,2,0.0,0.05,9,3,1,40.025
24.9401,2,0.0,0.05,9,3,1,40.025
24.9442,2,0.0,0.07,24,3,1,40.035
24.9495,2,0.0,0.11,7,3,1,40.055
24.954,2,0.0,0.19,2,3,1,40.095
24.9589,2,0.0,0.06,8,3,1,40.03
24.9648,2,0.0,0.01,17,3,1,40.005
24.9694,2,0.0,0.04,3,3,1,40.02
24.974,0,0.0,1.41,29,3,2,0.705
24.9783,2,0.0,0.04,4,3,1,40.02
24.9841,0,0.0,0.16,29,3,2,0.08
24.9873,2,0.0,0.41,37,3,1,40.205
24.992,2,0.0,0.01,2,3,1,40.005
24.9983,2,0.0,0.07,9,1,1,40.035
25.0031,2,0.0,0.31,20,3,1,40.155
25.0073,2,0.0,0.19,18,3,1,40.095
25.012,2,0.0,0.07,2,3,1,40.035
25.0166,4,0.0,0.2,15,3,0,80.1
25.022,2,0.0,0.22,6,3,1,40.11
25.0252,2,0.0,0.07,3,3,1,40.035
25.0308,2,0.0,0.95,16,1,1,40.475
25.0354,2,0.0,1.13,46,3,1,40.565
25.0394,2,0.0,2.5,27,3,1,41.25
25.0449,2,0.0,0.19,7,3,1,40.095
25.0506,2,0.0,0.03,4,3,1,40.015
25.0549,0,0.0,0.08,14,3,2,0.04
25.059,2,0.0,0.07,8,3,1,40.035
25.0639,2,0.0,0.15,29,3,1,40.075
25.0679,4,0.0,0.07,3,3,0,80.035
25.0722,2,0.0,0.03,3,3,1,40.015
25.0754,2,0.0,0.3,11,3,1,40.15
25.0811,0,0.0,0.12,44,3,2,0.06
25.086,2,0.0,0.14,11,3,1,40.07
25.0916,2,0.0,0.11,8,3,1,40.055
25.0975,2,0.0,0.19,26,3,1,40.095
25.1028,2,0.0,0.87,17,1,1,40.435
25.1068,2,0.0,0.04,5,3,1,40.02
25.1111,2,0.0,0.2,8,3,1,40.1
25.1168,2,0.0,0.77,15,3,1,40.385
25.1211,2,0.0,0.03,2,3,1,40.015
25.1258,3,0.0,0.21,24,3,1,60.105
25.1306,2,0.0,0.05,9,3,1,40.025
25.1352,0,0.0,0.06,28,3,2,0.03
25.1404,0,0.0,1.16,17,3,2,0.58
25.1442,2,0.0,0.08,5,3,1,40.04
25.1502,2,0.0,0.03,19,3,1,40.015
25.1544,2,0.0,0.11,10,3,1,40.055
25.1585,2,0.0,0.19,10,3,1,40.095
25.1629,2,0.0,0.44,5,3,1,40.22
25.1686,3,0.0,0.14,20,3,1,60.07
25.1729,2,0.0,0.3,13,3,1,40.15
25.177,2,0.0,0.26,8,3,1,40.13
25.1823,2,0.0,0.05,2,3,1,40.025
25.1873,2,0.0,0.11,11,3,1,40.055
25.1917,2,0.0,0.02,19,3,1,40.01
25.1969,2,0.0,0.15,53,3,1,40.075
25.2022,2,0.0,1.32,40,3,1,40.66
25.2062,2,38.2,3.52,29,3,1,87.60000000000001
25.2109,2,0.0,0.07,8,3,1,40.035
25.217,2,0.0,0.19,10,3,1,40.095
25.2234,2,0.0,0.24,8,3,1,40.12
25.2287,2,0.0,0.38,7,3,1,40.19
25.2339,2,0.0,0.65,9,3,1,40.325
25.2392,2,0.0,0.12,8,3,1,40.06
25.2438,3,0.0,0.73,22,3,1,60.365
25.2487,2,0.0,3.12,11,3,1,41.56
25.254,3,8.2,1.5,19,3,1,70.59
25.258,2,0.0,0.09,6,3,1,40.045
25.2624,2,0.0,0.11,6,3,1,40.055
25.2675,2,0.0,0.12,6,3,1,40.06
25.2709,2,0.0,0.3,11,3,1,40.15
25.2752,0,0.0,0.13,29,3,2,0.065
25.2805,2,0.0,1.69,13,3,1,40.845
25.2859,2,0.0,2.06,45,3,1,41.03
25.2908,2,0.0,0.0,10,3,1,40.0
25.2954,2,0.0,0.22,2,3,1,40.11
25.3016,2,97.3,0.43,23,3,0,156.975
25.3049,2,0.0,0.1,8,3,1,40.05
25.309,0,0.0,0.66,28,3,2,0.33
25.3142,2,0.0,0.52,17,3,1,40.26
25.3192,2,0.0,0.05,8,3,1,40.025
25.3241,2,0.0,0.02,3,3,1,40.01
25.3297,0,0.0,1.69,28,3,2,0.845
25.3353,3,0.0,1.03,22,3,1,60.515
25.3403,2,0.0,0.31,25,3,1,40.155
25.3441,2,0.0,0.16,6,3,1,40.08
25.3497,0,0.0,1.92,34,3,2,0.96
25.3549,2,0.0,0.04,1,3,1,40.02
25.3581,2,0.0,0.1,15,3,1,40.05
25.3636,2,0.0,0.18,10,3,1,40.09
25.3681,2,0.0,0.08,11,3,1,40.04
25.3727,2,0.0,0.13,8,3,1,40.065
25.3759,2,0.0,0.66,49,3,1,40.33
25.3813,2,0.0,0.13,8,3,1,40.065
25.3871,2,0.0,0.54,13,3,1,40.27
25.3914,2,0.0,0.52,30,3,1,40.26
26.3997,2,0.0,0.78,47,3,1,40.39
26.4077,2,0.0,0.99,17,3,1,40.495
26.4158,2,0.0,0.04,3,3,1,40.02
26.4239,2,0.9,1.75,20,3,1,41.955
26.4322,2,0.0,0.02,3,3,1,40.01
26.442,3,0.0,0.14,6,3,1,60.07
26.4493,2,0.0,0.81,14,3,1,40.405
26.4556,2,0.0,0.09,2,3,1,40.045
26.4608,2,0.0,0.01,2,3,1,40.005
26.4673,4,0.0,0.42,18,3,0,80.21
26.4739,2,0.0,0.13,10,3,1,40.065
26.4821,2,0.0,0.14,8,3,1,40.07
26.4879,2,0.0,0.01,2,3,1,40.005
26.4942,2,0.9,3.78,78,3,1,42.97
26.5009,2,0.0,0.22,23,3,1,40.11
26.5063,2,0.0,0.24,13,3,1,40.12
26.5112,2,0.0,0.05,6,3,1,40.025
26.5168,2,0.0,0.03,1,3,1,40.015
26.5214,0,0.0,0.09,28,3,2,0.045
26.5252,2,0.0,0.01,2,3,1,40.005
26.5304,1,0.0,0.09,16,3,2,20.045
26.535,2,0.0,0.09,9,3,1,40.045
26.5391,2,0.0,0.05,9,3,1,40.025
26.5439,2,0.0,0.03,2,3,1,40.015
26.5485,2,0.0,0.3,5,3,1,40.15
26.5529,3,0.0,0.09,21,3,1,60.045
26.5576,2,39.8,1.98,34,3,1,88.74999999999999
26.5627,2,0.0,0.34,24,3,1,40.17
26.5683,2,0.0,0.21,8,3,1,40.105
26.5727,2,0.0,0.03,2,3,1,40.015
26.577,2,0.0,0.63,60,3,1,40.315
26.5823,2,0.0,0.04,4,3,1,40.02
26.5865,2,0.0,0.73,31,1,1,40.365
26.5904,0,0.0,0.32,29,3,2,0.16
26.5945,2,0.0,0.26,31,3,1,40.13
26.5993,2,0.0,0.38,11,3,1,40.19
26.603,2,0.0,0.0,38,1,1,40.0
26.6086,2,0.0,0.01,17,3,1,40.005
26.6138,2,0.0,0.13,11,3,1,40.065
26.619,2,0.0,0.3,5,3,1,40.15
26.6241,2,0.0,0.43,48,3,1,40.215
26.6281,2,0.0,0.05,9,3,1,40.025
26.6338,2,0.0,0.05,9,3,1,40.025
26.6378,2,0.0,0.07,24,3,1,40.035
26.6434,2,0.0,0.11,7,3,1,40.055
26.6497,2,0.0,0.19,2,3,1,40.095
26.6561,2,0.0,0.06,8,3,1,40.03
26.661,2,0.0,0.01,17,3,1,40.005
26.6667,2,0.0,0.04,3,3,1,40.02
26.6717,0,0.0,1.41,29,3,2,0.705
26.6783,2,0.0,0.04,4,3,1,40.02
26.6834,0,0.0,0.16,29,3,2,0.08
26.6888,2,0.0,0.41,37,3,1,40.205
26.6934,2,0.0,0.01,2,3,1,40.005
26.6999,2,0.0,0.07,9,1,1,40.035
26.7041,2,0.0,0.31,20,3,1,40.155
26.7091,2,0.0,0.19,18,3,1,40.095
26.7166,2,0.0,0.07,2,3,1,40.035
26.7209,4,0.0,0.2,15,3,0,80.1
26.7252,2,0.0,0.22,6,3,1,40.11
26.7304,2,0.0,0.07,3,3,1,40.035
26.7351,2,0.0,0.95,16,1,1,40.475
26.7391,2,0.0,1.13,46,3,1,40.565
26.7431,2,0.0,2.5,27,3,1,41.25
26.7481,2,0.0,0.19,7,3,1,40.095
26.7524,2,0.0,0.03,4,3,1,40.015
26.7564,0,0.0,0.08,14,3,2,0.04
26.7612,2,0.0,0.07,8,3,1,40.035
26.7667,2,0.0,0.15,29,3,1,40.075
26.771,4,0.0,0.07,3,3,0,80.035
26.7762,2,0.0,0.03,3,3,1,40.015
26.7819,2,0.0,0.3,11,3,1,40.15
26.786,0,0.0,0.12,44,3,2,0.06
26.7898,2,0.0,0.14,11,3,1,40.07
26.795,2,0.0,0.11,8,3,1,40.055
26.7996,2,0.0,0.19,26,3,1,40.095
26.8037,2,0.0,0.87,17,1,1,40.435
26.8088,2,0.0,0.04,5,3,1,40.02
26.8144,2,0.0,0.2,8,3,1,40.1
26.8193,2,0.0,0.77,15,3,1,40.385
26.8243,2,0.0,0.03,2,3,1,40.015
26.8298,3,0.0,0.21,24,3,1,60.105
26.8336,2,0.0,0.05,9,3,1,40.025
26.8387,0,0.0,0.06,28,3,2,0.03
26.8423,0,0.0,1.16,17,3,2,0.58
26.847,2,0.0,0.08,5,3,1,40.04
26.8527,2,0.0,0.03,19,3,1,40.015
26.858,2,0.0,0.11,10,3,1,40.055
26.8633,2,0.0,0.19,10,3,1,40.095
26.868,2,0.0,0.44,5,3,1,40.22
26.8742,3,0.0,0.14,20,3,1,60.07
26.8787,2,0.0,0.3,13,3,1,40.15
26.883,2,0.0,0.26,8,3,1,40.13
26.8879,2,0.0,0.05,2,3,1,40.025
26.8911,2,0.0,0.11,11,3,1,40.055
26.8964,2,0.0,0.02,19,3,1,40.01
26.9009,2,0.0,0.15,53,3,1,40.075
26.9054,2,0.0,1.32,40,3,1,40.66
26.9094,2,46.8,3.53,29,3,0,97.925
26.9146,2,0.0,0.07,8,3,1,40.035
26.9187,2,0.0,0.19,10,3,1,40.095
26.923,2,0.0,0.24,10,3,1,40.12
26.9271,2,0.0,0.38,7,3,1,40.19
26.9327,2,0.0,0.65,9,3,1,40.325
26.9368,2,0.0,0.12,8,3,1,40.06
26.94,3,0.0,0.73,22,3,1,60.365
26.9452,2,0.0,3.12,11,3,1,41.56
26.9513,3,9.2,1.42,19,3,1,71.74999999999999
26.9558,2,0.0,0.09,6,3,1,40.045
26.9608,2,0.0,0.11,6,3,1,40.055
26.9673,2,0.0,0.12,6,3,1,40.06
26.9715,2,0.0,0.3,11,3,1,40.15
26.9755,0,0.0,0.13,29,3,2,0.065
26.9808,2,0.0,1.69,13,3,1,40.845
26.9865,2,0.0,2.06,45,3,1,41.03
26.9907,2,0.0,0.0,10,3,1,40.0
26.9954,2,0.0,0.22,2,3,1,40.11
27.0018,2,96.3,0.43,23,3,0,155.775
27.0062,2,0.0,0.1,8,3,1,40.05
27.0118,0,0.0,0.66,28,3,2,0.33
27.0179,2,0.0,0.52,17,3,1,40.26
27.0235,2,0.0,0.05,8,3,1,40.025
27.0281,2,0.0,0.02,3,3,1,40.01
27.0343,0,0.0,1.69,28,3,2,0.845
27.0384,3,0.0,1.03,22,3,1,60.515
27.0433,2,0.0,0.31,25,3,1,40.155
27.0493,2,0.0,0.16,6,3,1,40.08
27.0544,0,0.0,1.92,34,3,2,0.96
27.0601,2,0.0,0.04,1,3,1,40.02
27.0676,2,0.0,0.1,15,3,1,40.05
27.0721,2,0.9,0.18,10,3,1,41.17
27.0763,2,0.0,0.08,11,3,1,40.04
27.0822,2,0.0,0.13,8,3,1,40.065
27.0856,2,0.0,0.66,49,3,1,40.33
27.0891,2,0.0,0.13,8,3,1,40.065
27.0939,2,0.0,0.54,13,3,1,40.27
27.0984,2,1.8,0.52,30,3,1,42.419999999999995
28.1091,2,0.0,0.78,47,3,1,40.39
28.1185,2,0.0,0.99,17,3,1,40.495
28.124,2,0.0,0.04,3,3,1,40.02
28.1294,2,7.3,1.89,20,3,1,49.705
28.1345,2,0.0,0.02,3,3,1,40.01
28.1385,3,0.0,0.14,6,3,1,60.07
28.1433,2,0.0,0.81,13,3,1,40.405
28.1492,2,0.0,0.09,1,3,1,40.045
28.1654,2,0.0,0.01,2,3,1,40.005
28.1749,4,0.0,0.42,18,3,0,80.21
28.1862,2,0.0,0.13,10,3,1,40.065
28.1926,2,0.0,0.14,8,3,1,40.07
28.1982,2,0.0,0.01,2,3,1,40.005
28.2078,2,0.0,3.78,78,3,1,41.89
28.2125,2,0.0,0.22,23,3,1,40.11
28.2186,2,0.0,0.24,13,3,1,40.12
28.2234,2,0.0,0.05,6,3,1,40.025
28.2274,2,0.0,0.03,1,3,1,40.015
28.2331,0,0.0,0.09,28,3,2,0.045
28.2371,2,0.0,0.01,2,3,1,40.005
28.242,1,0.0,0.09,16,3,2,20.045
28.2472,2,0.0,0.09,9,3,1,40.045
28.2521,2,0.0,0.05,9,3,1,40.025
28.2558,2,0.0,0.03,2,3,1,40.015
28.2614,2,0.0,0.3,5,3,1,40.15
28.2672,3,0.0,0.09,21,3,1,60.045
28.2727,2,40.0,1.99,36,3,1,88.995
28.2767,2,0.0,0.34,24,3,1,40.17
28.2822,2,0.0,0.21,8,3,1,40.105
28.2875,2,0.0,0.03,2,3,1,40.015
28.2925,2,0.0,0.63,60,3,1,40.315
28.2989,2,0.0,0.04,4,3,1,40.02
28.3042,2,0.0,0.73,31,1,1,40.365
28.3092,0,0.0,0.32,29,3,2,0.16
28.3149,2,0.0,0.26,31,3,1,40.13
28.3218,2,0.0,0.38,11,3,1,40.19
28.3262,2,0.0,0.0,38,1,1,40.0
28.3332,2,0.0,0.01,17,3,1,40.005
28.3376,2,0.0,0.13,11,3,1,40.065
28.3423,2,0.0,0.3,5,3,1,40.15
28.3485,2,0.0,0.43,48,3,1,40.215
28.3529,2,0.0,0.05,9,3,1,40.025
28.3567,2,0.0,0.05,9,3,1,40.025
28.362,2,0.0,0.07,24,3,1,40.035
28.3666,2,0.0,0.11,7,3,1,40.055
28.3711,2,0.0,0.19,2,3,1,40.095
28.3743,2,0.0,0.06,8,3,1,40.03
28.3796,2,0.0,0.01,17,3,1,40.005
28.3843,2,0.0,0.04,3,3,1,40.02
28.3883,0,0.0,1.41,29,3,2,0.705
28.3935,2,0.0,0.04,4,3,1,40.02
28.3982,0,0.0,0.16,29,3,2,0.08
28.4025,2,0.0,0.41,37,3,1,40.205
28.4074,2,0.0,0.01,2,3,1,40.005
28.4122,2,0.0,0.07,9,1,1,40.035
28.4164,2,0.0,0.32,20,3,1,40.16
28.4207,2,0.0,0.19,18,3,1,40.095
28.4243,2,0.0,0.07,2,3,1,40.035
28.4298,4,0.0,0.2,15,3,0,80.1
28.4346,2,0.0,0.22,6,3,1,40.11
28.4392,2,0.0,0.07,3,3,1,40.035
28.4431,2,0.0,0.95,16,1,1,40.475
28.4482,2,0.0,1.13,46,3,1,40.565
28.4535,2,0.0,2.5,27,3,1,41.25
28.4573,2,0.0,0.19,7,3,1,40.095
28.4625,2,0.0,0.03,4,3,1,40.015
28.467,0,0.0,0.08,14,3,2,0.04
28.4703,2,0.0,0.07,8,3,1,40.035
28.4744,2,0.0,0.15,29,3,1,40.075
28.4791,4,0.0,0.07,3,3,0,80.035
28.4852,2,0.0,0.03,3,3,1,40.015
28.4895,2,0.0,0.3,11,3,1,40.15
28.4943,0,0.0,0.12,44,3,2,0.06
28.4989,2,0.0,0.14,11,3,1,40.07
28.5028,2,0.0,0.11,8,3,1,40.055
28.5071,2,0.0,0.19,26,3,1,40.095
28.5103,2,0.0,0.87,17,1,1,40.435
28.5158,2,0.0,0.04,5,3,1,40.02
28.5202,2,0.0,0.2,8,3,1,40.1
28.5246,2,0.0,0.77,15,3,1,40.385
28.5299,2,0.0,0.03,2,3,1,40.015
28.5346,3,0.0,0.21,24,3,1,60.105
28.5387,2,0.0,0.05,9,3,1,40.025
28.5438,0,0.0,0.06,28,3,2,0.03
28.5481,0,0.0,1.16,17,3,2,0.58
28.5526,2,0.0,0.08,5,3,1,40.04
28.5569,2,0.0,0.03,19,3,1,40.015
28.5625,2,0.0,0.11,10,3,1,40.055
28.5685,2,0.0,0.19,10,3,1,40.095
28.5733,2,0.0,0.44,5,3,1,40.22
28.5786,3,0.0,0.14,20,3,1,60.07
28.5859,2,0.0,0.3,13,3,1,40.15
28.5906,2,0.0,0.26,8,3,1,40.13
28.5954,2,0.0,0.05,2,3,1,40.025
28.6004,2,0.0,0.11,11,3,1,40.055
28.6045,2,0.0,0.02,19,3,1,40.01
28.6075,2,0.0,0.15,53,3,1,40.075
28.6125,2,0.0,1.32,40,3,1,40.66
28.6176,2,54.1,3.69,29,3,0,106.765
28.6209,2,0.0,0.07,8,3,1,40.035
28.6264,2,0.0,0.19,10,3,1,40.095
28.6323,2,0.0,0.24,10,3,1,40.12
28.6364,2,0.0,0.38,7,3,1,40.19
28.6407,2,0.0,0.65,9,3,1,40.325
28.6458,2,0.0,0.12,8,3,1,40.06
28.6501,3,0.0,0.73,22,3,1,60.365
28.6542,2,0.0,3.12,11,3,1,41.56
28.6589,3,6.4,1.66,19,3,1,68.51
28.663,2,0.0,0.09,6,3,1,40.045
28.6682,2,0.0,0.11,6,3,1,40.055
28.6729,2,0.0,0.12,6,3,1,40.06
28.6775,2,0.0,0.3,11,3,1,40.15
28.6831,0,0.0,0.13,29,3,2,0.065
28.6878,2,0.0,1.69,13,3,1,40.845
28.6921,2,0.0,2.06,45,3,1,41.03
28.6973,2,0.0,0.0,10,3,1,40.0
28.7016,2,0.0,0.22,2,3,1,40.11
28.7062,2,97.3,0.43,23,3,0,156.975
28.7093,2,0.0,0.1,9,3,1,40.05
28.715,0,0.0,0.66,28,3,2,0.33
28.7206,2,0.0,0.52,17,3,1,40.26
28.7255,2,0.0,0.05,8,3,1,40.025
28.7309,2,0.0,0.02,3,3,1,40.01
28.7362,0,0.0,1.69,28,3,2,0.845
28.7393,3,0.0,1.03,22,3,1,60.515
28.7436,2,0.0,0.31,25,3,1,40.155
28.7492,2,0.0,0.16,6,3,1,40.08
28.7531,0,0.0,1.92,34,3,2,0.96
28.7572,2,0.0,0.04,1,3,1,40.02
28.7617,2,0.0,0.1,15,3,1,40.05
28.7674,2,0.0,0.18,10,3,1,40.09
28.7726,2,0.0,0.08,11,3,1,40.04
28.7769,2,0.0,0.13,8,3,1,40.065
28.7833,2,0.0,0.66,49,3,1,40.33
28.7874,2,0.0,0.13,8,3,1,40.065
28.7916,2,0.0,0.54,13,3,1,40.27
28.797,2,0.0,0.52,30,3,1,40.26
29.8122,2,0.0,0.78,47,3,1,40.39
29.8214,2,0.0,0.99,17,3,1,40.495
29.8288,2,0.0,0.04,3,3,1,40.02
29.8363,2,3.7,1.89,21,3,1,45.385
29.8451,2,0.0,0.02,3,3,1,40.01
29.8559,3,0.0,0.14,6,3,1,60.07
29.8663,2,0.0,0.81,13,3,1,40.405
29.8754,2,0.0,0.09,2,3,1,40.045
29.882,2,0.0,0.01,2,3,1,40.005
29.8884,4,0.0,0.42,18,3,0,80.21
29.896,2,0.0,0.13,10,3,1,40.065
29.902,2,0.0,0.14,8,3,1,40.07
29.9065,2,0.0,0.01,2,3,1,40.005
29.9119,2,0.0,3.78,78,3,1,41.89
29.9177,2,0.0,0.22,23,3,1,40.11
29.9231,2,0.0,0.24,13,3,1,40.12
29.9291,2,0.0,0.05,6,3,1,40.025
29.936,2,0.0,0.03,1,3,1,40.015
29.9401,0,0.0,0.09,28,3,2,0.045
29.9455,2,0.0,0.01,2,3,1,40.005
29.9495,1,0.0,0.09,16,3,2,20.045
29.9546,2,0.0,0.09,9,3,1,40.045
29.9609,2,0.0,0.05,9,3,1,40.025
29.9665,2,0.0,0.03,2,3,1,40.015
29.9717,2,0.0,0.3,5,3,1,40.15
29.976,3,0.0,0.09,21,3,1,60.045
29.9811,2,40.3,1.99,36,3,1,89.35499999999999
29.9856,2,0.0,0.34,24,3,1,40.17
29.9906,2,0.0,0.21,8,3,1,40.105
29.9959,2,0.0,0.03,2,3,1,40.015
30.0048,2,0.0,0.63,60,3,1,40.315
30.0123,2,0.0,0.04,4,3,1,40.02
30.0174,2,0.0,0.73,31,1,1,40.365
30.024,0,0.0,0.32,29,3,2,0.16
30.0302,2,0.0,0.26,31,3,1,40.13
30.0357,2,0.0,0.38,11,3,1,40.19
30.0413,2,0.0,0.0,38,1,1,40.0
30.0469,2,0.0,0.01,17,3,1,40.005
30.0524,2,0.0,0.13,11,3,1,40.065
30.0568,2,0.0,0.3,5,3,1,40.15
30.0625,2,0.0,0.43,48,3,1,40.215
30.0671,2,0.0,0.05,9,3,1,40.025
30.0729,2,0.0,0.05,9,3,1,40.025
30.0795,2,0.0,0.07,24,3,1,40.035
30.0845,2,0.0,0.11,7,3,1,40.055
30.0882,2,0.0,0.19,2,3,1,40.095
30.0927,2,0.0,0.06,8,3,1,40.03
30.0982,2,0.0,0.01,17,3,1,40.005
30.1024,2,0.0,0.04,3,3,1,40.02
30.1067,0,0.0,1.41,29,3,2,0.705
30.1114,2,0.0,0.04,4,3,1,40.02
30.1158,0,0.0,0.16,29,3,2,0.08
30.12,2,0.0,0.41,37,3,1,40.205
30.1254,2,0.0,0.01,2,3,1,40.005
30.1316,2,0.0,0.07,9,1,1,40.035
30.1443,2,0.0,0.31,20,3,1,40.155
30.154,2,0.0,0.19,18,3,1,40.095
30.1613,2,0.0,0.07,2,3,1,40.035
30.1694,4,0.0,0.2,15,3,0,80.1
30.1744,2,0.0,0.22,6,3,1,40.11
30.1794,2,0.0,0.07,3,3,1,40.035
30.1842,2,0.0,0.95,16,1,1,40.475
30.1882,2,0.0,1.13,46,3,1,40.565
30.1932,2,0.0,2.5,27,3,1,41.25
30.1985,2,0.0,0.19,7,3,1,40.095
30.2028,2,0.0,0.03,4,3,1,40.015
30.207,0,0.0,0.08,14,3,2,0.04
30.2122,2,0.0,0.07,8,3,1,40.035
30.2161,2,0.0,0.15,29,3,1,40.075
30.2205,4,0.0,0.07,3,3,0,80.035
30.2257,2,0.0,0.03,3,3,1,40.015
30.2307,2,0.0,0.3,11,3,1,40.15
30.2343,0,0.0,0.12,44,3,2,0.06
30.2397,2,0.0,0.14,11,3,1,40.07
30.2443,2,0.0,0.11,8,3,1,40.055
30.2492,2,0.0,0.2,26,3,1,40.1
30.2534,2,0.0,0.87,17,1,1,40.435
30.2575,2,0.0,0.04,5,3,1,40.02
30.2628,2,0.0,0.2,8,3,1,40.1
30.2672,2,0.0,0.77,15,3,1,40.385
30.2716,2,0.0,0.03,2,3,1,40.015
30.2757,3,0.0,0.21,24,3,1,60.105
30.2807,2,0.0,0.05,9,3,1,40.025
30.2861,0,0.0,0.06,28,3,2,0.03
30.2907,0,0.0,1.16,17,3,2,0.58
30.2949,2,0.0,0.08,5,3,1,40.04
30.3001,2,0.0,0.03,19,3,1,40.015
30.3052,2,0.0,0.11,10,3,1,40.055
30.3093,2,0.0,0.19,10,3,1,40.095
30.316,2,0.0,0.44,5,3,1,40.22
30.3223,3,0.0,0.14,20,3,1,60.07
30.3298,2,0.0,0.3,13,3,1,40.15
30.3366,2,0.0,0.26,8,3,1,40.13
30.3426,2,0.0,0.05,2,3,1,40.025
30.3491,2,0.0,0.11,11,3,1,40.055
30.3563,2,0.0,0.02,19,3,1,40.01
30.3628,2,0.0,0.15,53,3,1,40.075
30.3679,2,0.0,1.32,40,3,1,40.66
30.3721,2,36.3,3.7,29,3,1,85.41
30.3762,2,0.0,0.07,8,3,1,40.035
30.3822,2,0.0,0.19,10,3,1,40.095
30.3862,2,0.0,0.24,10,3,1,40.12
30.3909,2,0.0,0.38,7,3,1,40.19
30.3972,2,0.0,0.65,9,3,1,40.325
30.4024,2,0.0,0.12,8,3,1,40.06
30.407,3,0.0,0.73,22,3,1,60.365
30.4126,2,0.0,3.12,11,3,1,41.56
30.4186,3,8.9,1.67,19,3,1,71.515
30.4242,2,0.0,0.09,6,3,1,40.045
30.4299,2,0.0,0.11,6,3,1,40.055
30.4353,2,0.0,0.12,6,3,1,40.06
30.4399,2,0.0,0.3,11,3,1,40.15
30.4442,0,0.0,0.13,29,3,2,0.065
30.4495,2,0.0,1.69,13,3,1,40.845
30.4547,2,0.0,2.06,45,3,1,41.03
30.4587,2,0.0,0.0,10,3,1,40.0
30.4653,2,0.0,0.22,2,3,1,40.11
30.4706,2,95.6,0.43,23,3,0,154.93499999999997
30.4742,2,0.0,0.1,8,3,1,40.05
30.4798,0,0.0,0.66,28,3,2,0.33
30.484,2,0.0,0.52,17,3,1,40.26
30.4877,2,0.0,0.05,8,3,1,40.025
30.492,2,0.0,0.02,3,3,1,40.01
30.4978,0,0.0,1.69,28,3,2,0.845
30.5029,3,0.0,1.03,22,3,1,60.515
30.5071,2,0.0,0.31,25,3,1,40.155
30.5124,2,0.0,0.16,6,3,1,40.08
30.5177,0,0.0,1.92,34,3,2,0.96
30.5241,2,0.0,0.04,1,3,1,40.02
30.5281,2,0.0,0.1,15,3,1,40.05
30.5338,2,0.0,0.18,10,3,1,40.09
30.5378,2,0.0,0.08,11,3,1,40.04
30.5424,2,0.0,0.13,8,3,1,40.065
30.5486,2,0.0,0.66,49,3,1,40.33
30.5537,2,0.0,0.13,8,3,1,40.065
30.5574,2,0.0,0.54,13,3,1,40.27
30.5629,2,0.0,0.52,30,3,1,40.26
31.5832,2,0.0,0.78,47,3,1,40.39
31.5917,2,0.0,0.99,17,3,1,40.495
31.5999,2,0.0,0.04,3,3,1,40.02
31.6053,2,0.9,1.9,21,3,1,42.03
31.6097,2,0.0,0.02,3,3,1,40.01
31.6148,3,0.0,0.14,6,3,1,60.07
31.6199,2,0.0,0.81,13,3,1,40.405
31.6263,2,0.0,0.09,3,3,1,40.045
31.6337,2,0.0,0.01,2,3,1,40.005
31.643,4,0.0,0.42,18,3,0,80.21
31.6532,2,0.0,0.13,10,3,1,40.065
31.6616,2,0.0,0.14,8,3,1,40.07
31.6688,2,0.0,0.01,2,3,1,40.005
31.6795,2,0.0,3.78,78,3,1,41.89
31.6891,2,0.0,0.22,23,3,1,40.11
31.6956,2,0.0,0.24,13,3,1,40.12
31.7028,2,0.0,0.05,6,3,1,40.025
31.707,2,0.0,0.03,1,3,1,40.015
31.7114,0,0.0,0.09,28,3,2,0.045
31.7163,2,0.0,0.01,2,3,1,40.005
31.7217,1,0.0,0.09,16,3,2,20.045
31.7269,2,0.0,0.09,9,3,1,40.045
31.7324,2,0.0,0.05,9,3,1,40.025
31.737,2,0.0,0.03,2,3,1,40.015
31.7413,2,0.0,0.3,5,3,1,40.15
31.7454,3,0.0,0.09,21,3,1,60.045
31.7515,2,40.4,1.99,36,3,1,89.475
31.7561,2,0.0,0.34,24,3,1,40.17
31.7594,2,0.0,0.21,8,3,1,40.105
31.7652,2,0.0,0.03,2,3,1,40.015
31.7693,2,0.0,0.63,60,3,1,40.315
31.7747,2,0.0,0.04,4,3,1,40.02
31.7791,2,0.0,0.73,31,1,1,40.365
31.7843,0,0.9,0.32,29,3,2,1.24
31.7885,2,0.0,0.26,31,3,1,40.13
31.7917,2,0.0,0.38,11,3,1,40.19
31.7986,2,0.0,0.0,38,1,1,40.0
31.8041,2,0.0,0.01,17,3,1,40.005
31.8091,2,0.0,0.13,11,3,1,40.065
31.8142,2,0.0,0.3,5,3,1,40.15
31.8182,2,0.0,0.45,48,3,1,40.225
31.824,2,0.0,0.05,9,3,1,40.025
31.8284,2,0.0,0.08,11,3,1,40.04
31.8343,2,0.0,0.07,24,3,1,40.035
31.8413,2,0.0,0.11,7,3,1,40.055
31.8484,2,0.0,0.19,2,3,1,40.095
31.8545,2,0.0,0.06,8,3,1,40.03
31.8611,2,0.0,0.01,17,3,1,40.005
31.8678,2,0.0,0.04,3,3,1,40.02
31.8746,0,0.0,1.41,29,3,2,0.705
31.8825,2,0.0,0.04,4,3,1,40.02
31.8889,0,0.0,0.16,29,3,2,0.08
31.8955,2,0.0,0.41,37,3,1,40.205
31.9009,2,0.0,0.01,2,3,1,40.005
31.9059,2,0.0,0.07,9,1,1,40.035
31.9124,2,0.0,0.32,20,3,1,40.16
31.9179,2,0.0,0.19,18,3,1,40.095
31.9223,2,0.0,0.07,2,3,1,40.035
31.9275,4,0.0,0.2,15,3,0,80.1
31.9326,2,0.0,0.22,6,3,1,40.11
31.9366,2,0.0,0.07,3,3,1,40.035
31.942,2,0.0,0.95,16,1,1,40.475
31.9475,2,0.0,1.13,46,3,1,40.565
31.9523,2,0.0,2.5,27,3,1,41.25
31.9565,2,0.0,0.19,7,3,1,40.095
31.9608,2,0.0,0.03,4,3,1,40.015
31.9662,0,0.0,0.08,14,3,2,0.04
31.9707,2,0.0,0.07,8,3,1,40.035
31.9747,2,0.0,0.17,30,3,1,40.085
31.981,4,0.0,0.07,3,3,0,80.035
31.9856,2,0.0,0.03,3,3,1,40.015
31.9903,2,0.0,0.3,11,3,1,40.15
31.9944,0,0.0,0.12,44,3,2,0.06
31.9991,2,0.0,0.14,11,3,1,40.07
32.0033,2,0.0,0.11,8,3,1,40.055
32.0079,2,0.0,0.2,26,3,1,40.1
32.0137,2,0.0,0.87,17,1,1,40.435
32.0192,2,0.0,0.04,5,3,1,40.02
32.0239,2,0.0,0.2,8,3,1,40.1
32.03,2,0.0,0.77,15,3,1,40.385
32.0355,2,0.0,0.03,2,3,1,40.015
32.0398,3,0.0,0.21,24,3,1,60.105
32.0443,2,0.0,0.05,9,3,1,40.025
32.0495,0,0.0,0.06,28,3,2,0.03
32.0545,0,0.0,1.16,17,3,2,0.58
32.0576,2,0.0,0.08,5,3,1,40.04
32.0644,2,0.0,0.03,19,3,1,40.015
32.0693,2,0.0,0.11,10,3,1,40.055
32.0741,2,0.0,0.19,10,3,1,40.095
32.0791,2,0.0,0.44,5,3,1,40.22
32.0836,3,0.9,0.16,21,3,1,61.16
32.0877,2,0.0,0.3,13,3,1,40.15
32.0923,2,0.0,0.26,8,3,1,40.13
32.0972,2,0.0,0.05,2,3,1,40.025
32.1011,2,0.0,0.11,11,3,1,40.055
32.1052,2,0.0,0.02,19,3,1,40.01
32.1103,2,0.0,0.15,53,3,1,40.075
32.1159,2,0.0,1.32,40,3,1,40.66
32.1215,2,20.7,3.64,29,3,1,66.66
32.1257,2,0.0,0.07,8,3,1,40.035
32.1309,2,0.0,0.19,10,3,1,40.095
32.1354,2,0.0,0.24,10,3,1,40.12
32.1407,2,0.0,0.38,7,3,1,40.19
32.1471,2,0.0,0.65,9,3,1,40.325
32.1524,2,0.0,0.12,8,3,1,40.06
32.1593,3,0.0,0.73,22,3,1,60.365
32.1651,2,0.0,3.12,11,3,1,41.56
32.1724,3,10.6,1.66,19,3,1,73.55
32.1776,2,0.0,0.09,6,3,1,40.045
32.1847,2,0.0,0.11,6,3,1,40.055
32.1894,2,0.0,0.12,6,3,1,40.06
32.1945,2,0.0,0.3,11,3,1,40.15
32.1993,0,0.0,0.13,29,3,2,0.065
32.2025,2,0.0,1.69,13,3,1,40.845
32.2066,2,0.9,2.06,45,3,1,42.11
32.2113,2,0.0,0.0,10,3,1,40.0
32.2171,2,0.0,0.22,2,3,1,40.11
32.2217,2,99.1,0.43,23,3,0,159.135
32.2263,2,0.0,0.1,8,3,1,40.05
32.2315,0,0.0,0.66,28,3,2,0.33
32.2354,2,0.0,0.52,17,3,1,40.26
32.2394,2,0.0,0.05,8,3,1,40.025
32.2446,2,0.0,0.02,3,3,1,40.01
32.2494,0,0.0,1.69,28,3,2,0.845
32.2537,3,0.0,1.03,22,3,1,60.515
32.2574,2,0.0,0.31,25,3,1,40.155
32.2633,2,0.0,0.16,6,3,1,40.08
32.2682,0,0.0,1.92,34,3,2,0.96
32.2725,2,0.0,0.04,1,3,1,40.02
32.2777,2,0.0,0.1,15,3,1,40.05
32.2832,2,0.0,0.18,10,3,1,40.09
32.2872,2,0.0,0.08,11,3,1,40.04
32.2907,2,0.0,0.13,8,3,1,40.065
32.2959,2,0.0,0.66,49,3,1,40.33
32.3004,2,0.0,0.13,8,3,1,40.065
32.3045,2,0.0,0.54,13,3,1,40.27
32.3081,2,0.0,0.52,30,3,1,40.26
33.3218,2,0.0,0.78,47,3,1,40.39
33.3291,2,0.0,0.99,17,3,1,40.495
33.3357,2,0.0,0.04,3,3,1,40.02
33.3433,2,0.0,1.9,21,3,1,40.95
33.3507,2,0.0,0.02,3,3,1,40.01
33.3601,3,0.0,0.14,6,3,1,60.07
33.3688,2,0.0,0.81,13,3,1,40.405
33.3773,2,0.0,0.09,3,3,1,40.045
33.3873,2,0.0,0.01,2,3,1,40.005
33.3964,4,0.0,0.42,18,3,0,80.21
33.4023,2,0.0,0.13,10,3,1,40.065
33.4066,2,0.0,0.14,8,3,1,40.07
33.4122,2,0.0,0.01,2,3,1,40.005
33.418,2,0.0,3.78,78,3,1,41.89
33.4236,2,0.0,0.22,23,3,1,40.11
33.4299,2,0.0,0.24,13,3,1,40.12
33.4355,2,0.0,0.05,6,3,1,40.025
33.4399,2,0.0,0.03,1,3,1,40.015
33.4449,0,0.0,0.09,28,3,2,0.045
33.4502,2,0.0,0.01,2,3,1,40.005
33.4545,1,0.0,0.09,16,3,2,20.045
33.4596,2,0.0,0.09,9,3,1,40.045
33.4655,2,0.0,0.05,9,3,1,40.025
33.4701,2,0.0,0.03,2,3,1,40.015
33.4743,2,0.0,0.3,5,3,1,40.15
33.4808,3,0.0,0.09,21,3,1,60.045
33.4856,2,42.4,1.99,36,3,1,91.875
33.4888,2,0.0,0.34,24,3,1,40.17
33.4944,2,0.0,0.21,8,3,1,40.105
33.5006,2,0.0,0.03,2,3,1,40.015
33.5068,2,0.0,0.63,60,3,1,40.315
33.5139,2,0.0,0.04,4,3,1,40.02
33.5191,2,0.0,0.73,31,1,1,40.365
33.5234,0,0.0,0.32,29,3,2,0.16
33.5296,2,0.0,0.26,31,3,1,40.13
33.5368,2,0.0,0.38,11,3,1,40.19
33.543,2,0.0,0.0,38,1,1,40.0
33.5498,2,0.0,0.01,17,3,1,40.005
33.5574,2,0.0,0.13,11,3,1,40.065
33.5655,2,0.0,0.3,5,3,1,40.15
33.572,2,0.0,0.45,48,3,1,40.225
33.5776,2,0.0,0.05,9,3,1,40.025
33.5819,2,0.0,0.08,11,3,1,40.04
33.5868,2,0.0,0.07,24,3,1,40.035
33.5911,2,0.0,0.11,7,3,1,40.055
33.5961,2,0.0,0.19,2,3,1,40.095
33.6016,2,0.0,0.06,8,3,1,40.03
33.606,2,0.0,0.01,17,3,1,40.005
33.611,2,0.0,0.04,3,3,1,40.02
33.6169,0,0.0,1.41,29,3,2,0.705
33.6227,2,0.0,0.04,4,3,1,40.02
33.6299,0,0.0,0.16,29,3,2,0.08
33.6376,2,0.0,0.41,35,3,1,40.205
33.6439,2,0.0,0.01,2,3,1,40.005
33.6501,2,0.0,0.07,9,1,1,40.035
33.6561,2,0.0,0.32,20,3,1,40.16
33.6635,2,0.0,0.19,18,3,1,40.095
33.67,2,0.0,0.07,2,3,1,40.035
33.6776,4,0.0,0.2,15,3,0,80.1
33.6852,2,0.0,0.22,6,3,1,40.11
33.6908,2,0.0,0.07,3,3,1,40.035
33.6962,2,0.0,0.95,16,1,1,40.475
33.7009,2,0.0,1.13,46,3,1,40.565
33.7049,2,0.0,2.5,27,3,1,41.25
33.709,2,0.0,0.19,7,3,1,40.095
33.714,2,0.0,0.03,4,3,1,40.015
33.7181,0,0.0,0.08,14,3,2,0.04
33.7225,2,0.0,0.07,8,3,1,40.035
33.7275,2,0.0,0.17,30,3,1,40.085
33.7334,4,0.0,0.07,3,3,0,80.035
33.7381,2,0.0,0.03,3,3,1,40.015
33.7416,2,0.0,0.3,11,3,1,40.15
33.747,0,0.0,0.12,44,3,2,0.06
33.752,2,0.0,0.14,11,3,1,40.07
33.7564,2,0.0,0.11,8,3,1,40.055
33.7613,2,0.0,0.19,26,3,1,40.095
33.7661,2,0.0,0.87,17,1,1,40.435
33.7705,2,0.0,0.04,5,3,1,40.02
33.7749,2,0.0,0.2,8,3,1,40.1
33.7824,2,0.0,0.77,15,3,1,40.385
33.7874,2,0.0,0.03,2,3,1,40.015
33.7927,3,0.0,0.21,24,3,1,60.105
33.7984,2,0.0,0.05,9,3,1,40.025
33.8028,0,0.0,0.06,28,3,2,0.03
33.8064,0,0.0,1.16,17,3,2,0.58
33.8121,2,0.0,0.08,5,3,1,40.04
33.8159,2,0.0,0.03,19,3,1,40.015
33.8202,2,0.0,0.11,10,3,1,40.055
33.8253,2,0.0,0.19,10,3,1,40.095
33.8314,2,0.0,0.44,5,3,1,40.22
33.8363,3,0.0,0.16,21,3,1,60.08
33.8413,2,0.0,0.3,13,3,1,40.15
33.8469,2,0.0,0.26,8,3,1,40.13
33.851,2,0.0,0.05,2,3,1,40.025
33.8551,2,0.0,0.11,11,3,1,40.055
33.8603,2,0.0,0.02,19,3,1,40.01
33.8654,2,0.0,0.15,53,3,1,40.075
33.871,2,0.0,1.32,40,3,1,40.66
33.8761,2,35.4,3.67,29,3,1,84.31499999999998
33.8818,2,0.0,0.07,8,3,1,40.035
33.8863,2,0.0,0.19,10,3,1,40.095
33.89,2,0.0,0.24,10,3,1,40.12
33.8942,2,0.0,0.38,7,3,1,40.19
33.8996,2,0.0,0.65,9,3,1,40.325
33.9039,2,0.0,0.12,8,3,1,40.06
33.908,3,0.0,0.73,22,3,1,60.365
33.9132,2,0.0,3.12,11,3,1,41.56
33.9175,3,9.9,1.66,19,3,1,72.71
33.9227,2,0.0,0.09,6,3,1,40.045
33.9275,2,0.0,0.11,6,3,1,40.055
33.9328,2,0.0,0.12,6,3,1,40.06
33.9368,2,0.0,0.3,11,3,1,40.15
33.941,0,0.0,0.13,29,3,2,0.065
33.9463,2,0.0,1.69,13,3,1,40.845
33.951,2,0.0,2.06,45,3,1,41.03
33.9551,2,0.0,0.0,10,3,1,40.0
33.9592,2,0.0,0.22,2,3,1,40.11
33.9651,2,97.3,0.43,23,3,0,156.975
33.9692,2,0.0,0.1,8,3,1,40.05
33.9743,0,0.0,0.66,28,3,2,0.33
33.9802,2,0.0,0.52,17,3,1,40.26
33.9852,2,0.0,0.05,8,3,1,40.025
33.9893,2,0.0,0.02,3,3,1,40.01
33.9942,0,0.0,1.69,28,3,2,0.845
33.9987,3,0.0,1.03,22,3,1,60.515
34.003,2,0.0,0.31,25,3,1,40.155
34.0071,2,0.0,0.16,6,3,1,40.08
34.012,0,0.0,1.92,34,3,2,0.96
34.0171,2,0.0,0.04,1,3,1,40.02
34.0226,2,0.0,0.1,15,3,1,40.05
34.0283,2,0.0,0.18,10,3,1,40.09
34.0331,2,0.0,0.08,11,3,1,40.04
34.0382,2,0.0,0.13,8,3,1,40.065
34.0432,2,0.0,0.66,49,3,1,40.33
34.0481,2,0.0,0.13,8,3,1,40.065
34.0543,2,0.0,0.54,13,3,1,40.27
34.0591,2,0.0,0.52,30,3,1,40.26
35.0699,2,0.0,0.78,47,3,1,40.39
35.0767,2,0.0,0.99,17,3,1,40.495
35.085,2,0.0,0.04,3,3,1,40.02
35.0891,2,2.7,1.9,21,3,1,44.190000000000005
35.0956,2,0.0,0.02,3,3,1,40.01
35.1011,3,0.0,0.14,6,3,1,60.07
35.1066,2,0.0,0.81,13,3,1,40.405
35.1139,2,0.0,0.09,3,3,1,40.045
35.1202,2,0.0,0.01,2,3,1,40.005
35.1265,4,0.0,0.42,18,3,0,80.21
35.1329,2,0.0,0.13,10,3,1,40.065
35.1399,2,0.0,0.14,8,3,1,40.07
35.1455,2,0.0,0.01,2,3,1,40.005
35.1538,2,1.8,3.78,78,3,1,44.05
35.1601,2,0.0,0.22,23,3,1,40.11
35.1653,2,0.0,0.24,13,3,1,40.12
35.1722,2,0.0,0.05,6,3,1,40.025
35.1792,2,0.0,0.03,1,3,1,40.015
35.1855,0,0.0,0.09,28,3,2,0.045
35.1912,2,0.0,0.01,2,3,1,40.005
35.1961,1,0.0,0.09,16,3,2,20.045
35.202,2,0.0,0.09,9,3,1,40.045
35.2067,2,0.0,0.05,9,3,1,40.025
35.2123,2,0.0,0.03,2,3,1,40.015
35.2181,2,0.0,0.3,5,3,1,40.15
35.2224,3,0.0,0.09,21,3,1,60.045
35.2277,2,41.4,1.99,36,3,1,90.67500000000001
35.2322,2,0.0,0.34,24,3,1,40.17
35.2384,2,0.0,0.21,8,3,1,40.105
35.2456,2,0.0,0.03,2,3,1,40.015
35.2528,2,0.0,0.63,60,3,1,40.315
35.26,2,0.0,0.04,4,3,1,40.02
35.2671,2,0.0,0.73,31,1,1,40.365
35.2738,0,0.0,0.32,29,3,2,0.16
35.28,2,0.0,0.26,31,3,1,40.13
35.2844,2,0.0,0.38,11,3,1,40.19
35.2883,2,0.0,0.0,38,1,1,40.0
35.294,2,0.0,0.01,17,3,1,40.005
35.2983,2,0.0,0.13,11,3,1,40.065
35.3024,2,0.0,0.3,5,3,1,40.15
35.3067,2,0.0,0.44,48,3,1,40.22
35.3124,2,0.0,0.05,9,3,1,40.025
35.3177,2,0.0,0.08,11,3,1,40.04
35.3219,2,0.0,0.07,24,3,1,40.035
35.3265,2,0.0,0.11,7,3,1,40.055
35.3307,2,0.0,0.19,2,3,1,40.095
35.3358,2,0.0,0.06,8,3,1,40.03
35.34,2,0.0,0.01,17,3,1,40.005
35.3441,2,0.0,0.04,3,3,1,40.02
35.3496,0,0.9,1.41,29,3,2,1.7850000000000001
35.353,2,0.0,0.04,4,3,1,40.02
35.3573,0,0.0,0.16,29,3,2,0.08
35.3646,2,0.0,0.41,29,3,1,40.205
35.3756,2,0.0,0.01,2,3,1,40.005
35.3863,2,0.0,0.07,9,1,1,40.035
35.3968,2,0.0,0.32,20,3,1,40.16
35.4026,2,0.0,0.19,16,3,1,40.095
35.407,2,0.0,0.07,2,3,1,40.035
35.4122,4,0.0,0.2,15,3,0,80.1
35.4167,2,0.0,0.22,6,3,1,40.11
35.4202,2,0.0,0.07,3,3,1,40.035
35.4235,2,0.0,0.95,16,1,1,40.475
35.4298,2,0.0,1.13,46,3,1,40.565
35.4342,2,0.0,2.5,27,3,1,41.25
35.4378,2,0.0,0.19,7,3,1,40.095
35.4432,2,0.0,0.03,4,3,1,40.015
35.4482,0,0.0,0.08,14,3,2,0.04
35.4526,2,0.0,0.07,8,3,1,40.035
35.4566,2,0.0,0.17,30,3,1,40.085
35.4617,4,0.0,0.07,3,3,0,80.035
35.4663,2,0.0,0.03,3,3,1,40.015
35.4694,2,0.0,0.3,11,3,1,40.15
35.4753,0,0.0,0.12,44,3,2,0.06
35.4806,2,0.0,0.14,11,3,1,40.07
35.4854,2,0.0,0.11,8,3,1,40.055
35.4897,2,0.0,0.2,26,3,1,40.1
35.4956,2,0.0,0.87,17,1,1,40.435
35.4992,2,0.0,0.04,5,3,1,40.02
35.5053,2,0.0,0.2,8,3,1,40.1
35.5092,2,0.0,0.77,15,3,1,40.385
35.5148,2,0.0,0.03,2,3,1,40.015
35.5188,3,0.0,0.21,24,3,1,60.105
35.5247,2,0.0,0.05,9,3,1,40.025
35.53,0,0.0,0.06,28,3,2,0.03
35.5348,0,0.0,1.16,17,3,2,0.58
35.5401,2,0.0,0.08,5,3,1,40.04
35.5462,2,0.0,0.03,19,3,1,40.015
35.5528,2,0.0,0.11,10,3,1,40.055
35.5582,2,0.0,0.19,10,3,1,40.095
35.5625,2,0.0,0.44,5,3,1,40.22
35.5669,3,0.0,0.16,21,3,1,60.08
35.5716,2,0.0,0.3,13,3,1,40.15
35.5778,2,0.0,0.26,8,3,1,40.13
35.5849,2,0.0,0.05,2,3,1,40.025
35.5902,2,0.0,0.11,11,3,1,40.055
35.5952,2,0.0,0.02,19,3,1,40.01
35.599,2,0.0,0.15,53,3,1,40.075
35.6033,2,0.0,1.32,40,3,1,40.66
35.6074,2,29.7,3.67,29,3,1,77.475
35.6128,2,0.0,0.07,8,3,1,40.035
35.6179,2,0.0,0.19,10,3,1,40.095
35.6222,2,0.0,0.24,10,3,1,40.12
35.6277,2,0.0,0.38,7,3,1,40.19
35.6338,2,0.0,0.65,9,3,1,40.325
35.638,2,0.0,0.12,8,3,1,40.06
35.6421,3,0.0,0.73,22,3,1,60.365
35.6472,2,0.0,3.12,11,3,1,41.56
35.6516,3,15.3,1.66,19,3,1,79.19
35.6557,2,0.0,0.09,6,3,1,40.045
35.6603,2,0.0,0.11,6,3,1,40.055
35.6643,2,0.0,0.12,6,3,1,40.06
35.6684,2,0.0,0.3,11,3,1,40.15
35.673,0,0.0,0.13,29,3,2,0.065
35.6784,2,0.0,1.69,13,3,1,40.845
35.6834,2,0.0,2.06,45,3,1,41.03
35.6874,2,0.0,0.0,10,3,1,40.0
35.6925,2,0.0,0.22,2,3,1,40.11
35.6976,2,95.5,0.43,23,3,0,154.815
35.703,2,0.0,0.1,8,3,1,40.05
35.7079,0,0.0,0.66,28,3,2,0.33
35.713,2,0.0,0.52,17,3,1,40.26
35.719,2,0.0,0.05,8,3,1,40.025
35.7289,2,0.0,0.02,3,3,1,40.01
35.7343,0,0.0,1.69,28,3,2,0.845
35.739,3,0.0,1.03,22,3,1,60.515
35.7435,2,0.0,0.31,25,3,1,40.155
35.7484,2,0.0,0.16,6,3,1,40.08
35.7525,0,0.0,1.92,34,3,2,0.96
35.7559,2,0.0,0.04,1,3,1,40.02
35.7611,2,0.0,0.1,15,3,1,40.05
35.7652,2,0.0,0.18,10,3,1,40.09
35.7701,2,0.0,0.08,11,3,1,40.04
35.7755,2,0.0,0.13,8,3,1,40.065
35.7808,2,0.9,0.66,49,3,1,41.41
35.7862,2,0.0,0.13,8,3,1,40.065
35.7904,2,0.0,0.54,13,3,1,40.27
35.7948,2,0.0,0.52,30,3,1,40.26
36.803,2,0.0,0.78,47,3,1,40.39
36.811,2,0.0,0.99,17,3,1,40.495
36.8185,2,0.0,0.04,3,3,1,40.02
36.827,2,0.9,1.9,21,3,1,42.03
36.8321,2,0.0,0.02,3,3,1,40.01
36.8389,3,0.0,0.14,6,3,1,60.07
36.8444,2,0.0,0.81,13,3,1,40.405
36.8507,2,0.0,0.09,3,3,1,40.045
36.8563,2,0.0,0.01,2,3,1,40.005
36.8622,4,0.0,0.42,18,3,0,80.21
36.8673,2,0.0,0.13,10,3,1,40.065
36.8738,2,0.0,0.14,8,3,1,40.07
36.8806,2,0.0,0.01,2,3,1,40.005
36.8883,2,0.0,3.78,78,3,1,41.89
36.8961,2,0.0,0.22,23,3,1,40.11
36.9022,2,0.0,0.24,13,3,1,40.12
36.9085,2,0.0,0.05,6,3,1,40.025
36.9148,2,0.0,0.03,1,3,1,40.015
36.9214,0,0.0,0.09,28,3,2,0.045
36.9293,2,0.0,0.01,2,3,1,40.005
36.9358,1,0.0,0.09,16,3,2,20.045
36.94,2,0.0,0.09,9,3,1,40.045
36.9464,2,0.0,0.05,9,3,1,40.025
36.9534,2,0.0,0.03,2,3,1,40.015
36.9595,2,0.0,0.3,5,3,1,40.15
36.9667,3,0.0,0.09,21,3,1,60.045
36.9716,2,42.0,1.99,36,3,1,91.39500000000001
36.9768,2,0.0,0.34,24,3,1,40.17
36.9823,2,0.0,0.21,8,3,1,40.105
36.9873,2,0.0,0.03,2,3,1,40.015
36.9933,2,0.0,0.63,60,3,1,40.315
36.9982,2,0.0,0.04,4,3,1,40.02
37.0019,2,0.0,0.73,31,1,1,40.365
37.0065,0,0.0,0.32,29,3,2,0.16
37.0123,2,0.0,0.26,31,3,1,40.13
37.018,2,0.0,0.38,11,3,1,40.19
37.0239,2,0.0,0.0,38,1,1,40.0
37.0305,2,0.0,0.01,17,3,1,40.005
37.0368,2,0.0,0.13,11,3,1,40.065
37.0431,2,0.0,0.3,5,3,1,40.15
37.0487,2,0.0,0.44,48,3,1,40.22
37.0557,2,0.0,0.05,9,3,1,40.025
37.0614,2,0.0,0.08,11,3,1,40.04
37.066,2,0.0,0.07,24,3,1,40.035
37.0699,2,0.0,0.11,7,3,1,40.055
37.0759,2,0.0,0.19,2,3,1,40.095
37.0819,2,0.0,0.06,8,3,1,40.03
37.0867,2,0.0,0.01,17,3,1,40.005
37.0921,2,0.0,0.04,3,3,1,40.02
37.0985,0,0.0,1.41,29,3,2,0.705
37.1037,2,0.0,0.04,4,3,1,40.02
37.1071,0,0.0,0.16,29,3,2,0.08
37.1122,2,0.0,0.41,29,3,1,40.205
37.1172,2,0.0,0.01,2,3,1,40.005
37.122,2,0.0,0.07,9,1,1,40.035
37.1279,2,0.0,0.32,20,3,1,40.16
37.1327,2,0.0,0.19,16,3,1,40.095
37.1372,2,0.0,0.07,2,3,1,40.035
37.1414,4,0.0,0.2,15,3,0,80.1
37.1471,2,0.0,0.22,6,3,1,40.11
37.1516,2,0.0,0.07,3,3,1,40.035
37.1548,2,0.0,0.95,16,1,1,40.475
37.16,2,0.0,1.13,46,3,1,40.565
37.1647,2,0.0,2.5,27,3,1,41.25
37.17,2,0.0,0.19,7,3,1,40.095
37.1745,2,0.0,0.03,4,3,1,40.015
37.1801,0,0.0,0.08,14,3,2,0.04
37.184,2,0.0,0.07,8,3,1,40.035
37.1881,2,0.0,0.17,30,3,1,40.085
37.1929,4,0.0,0.07,3,3,0,80.035
37.1973,2,0.0,0.03,3,3,1,40.015
37.2018,2,0.0,0.3,11,3,1,40.15
37.2058,0,0.0,0.12,44,3,2,0.06
37.21,2,0.0,0.14,11,3,1,40.07
37.2146,2,0.0,0.11,8,3,1,40.055
37.2197,2,0.0,0.19,26,3,1,40.095
37.2245,2,0.0,0.87,17,1,1,40.435
37.2303,2,0.0,0.04,5,3,1,40.02
37.2349,2,0.0,0.2,8,3,1,40.1
37.239,2,0.0,0.77,15,3,1,40.385
37.2451,2,0.0,0.03,2,3,1,40.015
37.2496,3,0.0,0.21,24,3,1,60.105
37.2537,2,0.0,0.05,9,3,1,40.025
37.2586,0,0.0,0.06,28,3,2,0.03
37.2638,0,0.0,1.16,17,3,2,0.58
37.2694,2,0.0,0.08,5,3,1,40.04
37.2756,2,0.0,0.03,19,3,1,40.015
37.2821,2,0.0,0.11,10,3,1,40.055
37.2866,2,0.0,0.19,10,3,1,40.095
37.2929,2,0.0,0.44,5,3,1,40.22
37.2993,3,0.0,0.16,21,3,1,60.08
37.3028,2,0.0,0.3,13,3,1,40.15
37.3077,2,0.0,0.26,8,3,1,40.13
37.3138,2,0.0,0.05,2,3,1,40.025
37.3188,2,0.0,0.11,11,3,1,40.055
37.3258,2,0.0,0.03,20,3,1,40.015
37.3322,2,0.0,0.15,53,3,1,40.075
37.3371,2,0.0,1.32,40,3,1,40.66
37.3423,2,19.8,3.64,29,3,1,65.58
37.3478,2,0.0,0.07,8,3,1,40.035
37.3529,2,0.0,0.19,10,3,1,40.095
37.358,2,0.0,0.24,10,3,1,40.12
37.3637,2,0.0,0.38,7,3,1,40.19
37.3699,2,0.0,0.65,9,3,1,40.325
37.3761,2,0.0,0.12,8,3,1,40.06
37.3833,3,0.0,0.73,22,3,1,60.365
37.3874,2,0.0,3.12,11,3,1,41.56
37.3931,3,10.7,1.49,19,3,1,73.58500000000001
37.3976,2,0.0,0.09,6,3,1,40.045
37.403,2,0.0,0.11,6,3,1,40.055
37.407,2,0.0,0.12,6,3,1,40.06
37.4121,2,0.0,0.3,11,3,1,40.15
37.4166,0,0.0,0.13,29,3,2,0.065
37.4215,2,0.0,1.69,13,3,1,40.845
37.4257,2,0.0,2.06,45,3,1,41.03
37.4307,2,0.0,0.0,10,3,1,40.0
37.4354,2,0.0,0.22,2,3,1,40.11
37.4394,2,97.3,0.43,23,3,0,156.975
37.4447,2,0.0,0.1,8,3,1,40.05
37.4507,0,0.0,0.66,28,3,2,0.33
37.4562,2,0.0,0.52,17,3,1,40.26
37.4609,2,0.0,0.05,8,3,1,40.025
37.4654,2,0.0,0.02,3,3,1,40.01
37.47,0,0.0,1.69,28,3,2,0.845
37.4733,3,0.0,1.03,22,3,1,60.515
37.4796,2,0.0,0.31,25,3,1,40.155
37.484,2,0.0,0.16,6,3,1,40.08
37.4894,0,0.9,1.92,34,3,2,2.04
37.4941,2,0.0,0.04,1,3,1,40.02
37.4983,2,0.0,0.1,15,3,1,40.05
37.5026,2,0.0,0.18,10,3,1,40.09
37.5067,2,0.0,0.08,11,3,1,40.04
37.5119,2,0.0,0.13,8,3,1,40.065
37.515,2,0.0,0.66,49,3,1,40.33
37.5191,2,0.0,0.13,8,3,1,40.065
37.5249,2,0.0,0.54,13,3,1,40.27
37.5309,2,0.0,0.52,30,3,1,40.26
38.546,2,0.0,0.78,47,3,1,40.39
38.5548,2,0.0,0.99,17,3,1,40.495
38.562,2,0.0,0.04,3,3,1,40.02
38.568,2,1.8,1.9,21,3,1,43.11
38.5761,2,0.0,0.02,3,3,1,40.01
38.5835,3,0.0,0.14,6,3,1,60.07
38.5927,2,0.0,0.81,13,3,1,40.405
38.6008,2,0.0,0.09,3,3,1,40.045
38.6094,2,0.0,0.01,2,3,1,40.005
38.6173,4,0.0,0.42,18,3,0,80.21
38.6247,2,0.0,0.13,10,3,1,40.065
38.6307,2,0.0,0.14,8,3,1,40.07
38.6375,2,0.0,0.01,2,3,1,40.005
38.6428,2,0.9,3.78,78,3,1,42.97
38.6488,2,0.0,0.22,23,3,1,40.11
38.6534,2,0.0,0.24,13,3,1,40.12
38.6574,2,0.0,0.05,6,3,1,40.025
38.662,2,0.0,0.03,1,3,1,40.015
38.667,0,0.0,0.09,28,3,2,0.045
38.671,2,0.0,0.01,2,3,1,40.005
38.6763,1,0.0,0.09,16,3,2,20.045
38.6809,2,0.0,0.09,9,3,1,40.045
38.6852,2,0.0,0.05,9,3,1,40.025
38.6916,2,0.0,0.03,2,3,1,40.015
38.6969,2,0.0,0.3,5,3,1,40.15
38.7013,3,0.0,0.09,21,3,1,60.045
38.7054,2,38.7,1.99,36,3,1,87.435
38.7094,2,0.0,0.34,24,3,1,40.17
38.7151,2,0.0,0.21,8,3,1,40.105
38.7201,2,0.0,0.03,2,3,1,40.015
38.7252,2,0.0,0.63,60,3,1,40.315
38.7306,2,0.0,0.04,4,3,1,40.02
38.735,2,0.0,0.73,31,1,1,40.365
38.739,0,0.0,0.32,29,3,2,0.16
38.7435,2,0.0,0.26,31,3,1,40.13
38.7479,2,0.0,0.38,11,3,1,40.19
38.7524,2,0.0,0.0,38,1,1,40.0
38.7564,2,0.0,0.01,17,3,1,40.005
38.7624,2,0.0,0.13,11,3,1,40.065
38.767,2,0.0,0.3,5,3,1,40.15
38.7718,2,0.0,0.44,48,3,1,40.22
38.7774,2,0.0,0.05,9,3,1,40.025
38.7825,2,0.0,0.08,11,3,1,40.04
38.7866,2,0.0,0.07,24,3,1,40.035
38.7909,2,0.0,0.11,7,3,1,40.055
38.7955,2,0.0,0.19,2,3,1,40.095
38.8005,2,0.0,0.06,8,3,1,40.03
38.8049,2,0.0,0.01,17,3,1,40.005
38.8117,2,0.0,0.04,3,3,1,40.02
38.8171,0,0.0,1.41,29,3,2,0.705
38.8225,2,0.0,0.04,4,3,1,40.02
38.8276,0,0.0,0.16,29,3,2,0.08
38.8339,2,0.0,0.41,29,3,1,40.205
38.8383,2,0.0,0.01,2,3,1,40.005
38.8434,2,0.0,0.06,9,1,1,40.03
38.8483,2,0.0,0.32,20,3,1,40.16
38.853,2,0.0,0.19,16,3,1,40.095
38.8579,2,0.0,0.07,2,3,1,40.035
38.8644,4,0.0,0.2,15,3,0,80.1
38.8687,2,0.0,0.22,6,3,1,40.11
38.8743,2,0.0,0.07,3,3,1,40.035
38.8798,2,0.0,0.95,16,1,1,40.475
38.8843,2,0.0,1.13,46,3,1,40.565
38.889,2,0.0,2.5,27,3,1,41.25
38.8947,2,0.0,0.19,7,3,1,40.095
38.9005,2,0.0,0.03,4,3,1,40.015
38.9052,0,0.0,0.08,14,3,2,0.04
38.9108,2,0.0,0.07,8,3,1,40.035
38.9157,2,0.0,0.17,30,3,1,40.085
38.9201,4,0.0,0.07,3,3,0,80.035
38.9244,2,0.0,0.03,3,3,1,40.015
38.9301,2,0.0,0.3,11,3,1,40.15
38.934,0,0.0,0.12,44,3,2,0.06
38.9381,2,0.0,0.14,11,3,1,40.07
38.9434,2,0.0,0.11,8,3,1,40.055
38.9489,2,0.0,0.19,26,3,1,40.095
38.9542,2,0.0,0.87,17,1,1,40.435
38.9613,2,0.9,0.04,5,3,1,41.1
38.9683,2,0.0,0.2,8,3,1,40.1
38.9743,2,0.0,0.77,15,3,1,40.385
38.9822,2,0.0,0.03,2,3,1,40.015
38.9875,3,0.0,0.21,24,3,1,60.105
38.9933,2,0.0,0.05,9,3,1,40.025
38.9984,0,0.0,0.06,28,3,2,0.03
39.0048,0,0.0,1.16,17,3,2,0.58
39.0099,2,0.0,0.08,5,3,1,40.04
39.0151,2,0.0,0.03,19,3,1,40.015
39.0184,2,0.0,0.11,10,3,1,40.055
39.025,2,0.0,0.19,10,3,1,40.095
39.0306,2,0.0,0.44,5,3,1,40.22
39.0348,3,0.0,0.16,21,3,1,60.08
39.0389,2,0.0,0.3,14,3,1,40.15
39.0447,2,0.0,0.26,8,3,1,40.13
39.0484,2,0.0,0.05,2,3,1,40.025
39.053,2,0.9,0.11,11,3,1,41.135
39.0573,2,0.0,0.03,20,3,1,40.015
39.0629,2,0.0,0.15,53,3,1,40.075
39.0679,2,0.0,1.32,40,3,1,40.66
39.0738,2,38.2,3.65,29,3,1,87.665
39.0808,2,0.0,0.07,8,3,1,40.035
39.0865,2,0.0,0.19,10,3,1,40.095
39.0915,2,0.0,0.24,10,3,1,40.12
39.0959,2,0.0,0.38,7,3,1,40.19
39.1012,2,0.0,0.65,10,3,1,40.325
39.105,2,0.0,0.12,8,3,1,40.06
39.1093,3,0.0,0.73,22,3,1,60.365
39.1134,2,0.0,3.12,11,3,1,41.56
39.1175,3,14.5,1.49,19,3,1,78.14500000000001
39.1226,2,0.0,0.09,6,3,1,40.045
39.1286,2,0.0,0.11,6,3,1,40.055
39.1327,2,0.0,0.12,6,3,1,40.06
39.1378,2,0.0,0.3,11,3,1,40.15
39.1443,0,0.0,0.13,29,3,2,0.065
39.1488,2,0.0,1.69,13,3,1,40.845
39.1551,2,0.0,2.06,45,3,1,41.03
39.1612,2,0.0,0.0,10,3,1,40.0
39.1647,2,0.0,0.22,2,3,1,40.11
39.1701,2,96.4,0.43,23,3,0,155.895
39.1759,2,0.0,0.1,8,3,1,40.05
39.1813,0,0.0,0.66,28,3,2,0.33
39.1867,2,0.0,0.52,17,3,1,40.26
39.1911,2,0.0,0.05,8,3,1,40.025
39.1962,2,0.0,0.02,3,3,1,40.01
39.1999,0,0.0,1.69,28,3,2,0.845
39.2052,3,0.0,1.03,22,3,1,60.515
39.2093,2,0.0,0.31,25,3,1,40.155
39.2149,2,0.0,0.16,6,3,1,40.08
39.2192,0,3.6,1.92,34,3,1,5.28
39.2241,2,0.0,0.04,1,3,1,40.02
39.2286,2,0.0,0.1,15,3,1,40.05
39.2324,2,0.0,0.18,10,3,1,40.09
39.2365,2,0.0,0.08,11,3,1,40.04
39.2407,2,0.0,0.13,8,3,1,40.065
39.2468,2,0.0,0.66,49,3,1,40.33
39.2505,2,0.0,0.13,8,3,1,40.065
39.2549,2,0.0,0.54,13,3,1,40.27
39.2591,2,0.0,0.52,30,3,1,40.26
40.2646,2,0.0,0.78,47,3,1,40.39
40.2734,2,0.0,0.99,17,3,1,40.495
40.282,2,0.0,0.04,3,3,1,40.02
40.2916,2,1.8,1.9,21,3,1,43.11
40.3001,2,0.0,0.02,3,3,1,40.01
40.3084,3,0.0,0.14,6,3,1,60.07
40.3166,2,0.0,0.81,13,3,1,40.405
40.3231,2,0.0,0.09,3,3,1,40.045
40.3279,2,0.0,0.01,2,3,1,40.005
40.3355,4,0.0,0.42,18,3,0,80.21
40.3423,2,0.0,0.13,10,3,1,40.065
40.3486,2,0.0,0.14,8,3,1,40.07
40.3561,2,0.0,0.01,2,3,1,40.005
40.3639,2,0.0,3.78,79,3,1,41.89
40.3736,2,0.0,0.22,23,3,1,40.11
40.3788,2,0.0,0.24,13,3,1,40.12
40.3843,2,0.0,0.05,6,3,1,40.025
40.3886,2,0.0,0.03,1,3,1,40.015
40.3934,0,0.0,0.09,28,3,2,0.045
40.3975,2,0.0,0.01,2,3,1,40.005
40.4022,1,0.0,0.09,16,3,2,20.045
40.4067,2,0.0,0.09,9,3,1,40.045
40.4127,2,0.0,0.05,9,3,1,40.025
40.4169,2,0.0,0.03,2,3,1,40.015
40.4213,2,0.0,0.3,5,3,1,40.15
40.4273,3,0.0,0.09,21,3,1,60.045
40.4321,2,40.9,1.99,36,3,1,90.075
40.436,2,0.0,0.34,24,3,1,40.17
40.4416,2,0.0,0.21,8,3,1,40.105
40.4459,2,0.0,0.03,2,3,1,40.015
40.4504,2,0.0,0.63,60,3,1,40.315
40.4549,2,0.0,0.04,4,3,1,40.02
40.4604,2,0.0,0.73,31,1,1,40.365
40.4657,0,0.0,0.32,29,3,2,0.16
40.4701,2,0.0,0.26,31,3,1,40.13
40.4752,2,0.0,0.38,11,3,1,40.19
40.4798,2,0.0,0.0,38,1,1,40.0
40.4845,2,0.0,0.01,17,3,1,40.005
40.4885,2,0.0,0.13,11,3,1,40.065
40.4937,2,0.0,0.3,5,3,1,40.15
40.5003,2,0.0,0.44,48,3,1,40.22
40.5062,2,0.0,0.05,9,3,1,40.025
40.5126,2,0.0,0.08,11,3,1,40.04
40.5182,2,0.0,0.07,24,3,1,40.035
40.5225,2,0.0,0.11,7,3,1,40.055
40.5334,2,0.0,0.19,2,3,1,40.095
40.5445,2,0.0,0.06,8,3,1,40.03
40.5544,2,0.0,0.01,17,3,1,40.005
40.5626,2,0.0,0.04,3,3,1,40.02
40.5699,0,0.0,1.41,29,3,2,0.705
40.5743,2,0.0,0.04,4,3,1,40.02
40.5801,0,0.0,0.16,29,3,2,0.08
40.584,2,0.0,0.41,29,3,1,40.205
40.5878,2,0.0,0.01,2,3,1,40.005
40.5933,2,0.0,0.06,9,1,1,40.03
40.598,2,0.0,0.31,20,3,1,40.155
40.6013,2,0.0,0.19,16,3,1,40.095
40.6056,2,0.0,0.07,2,3,1,40.035
40.6102,4,0.0,0.2,15,3,0,80.1
40.6144,2,0.0,0.22,6,3,1,40.11
40.6178,2,0.0,0.07,3,3,1,40.035
40.6227,2,0.0,0.95,16,1,1,40.475
40.6283,2,0.0,1.13,46,3,1,40.565
40.6339,2,0.0,2.5,27,3,1,41.25
40.638,2,0.0,0.19,7,3,1,40.095
40.6419,2,0.0,0.03,4,3,1,40.015
40.647,0,0.0,0.08,14,3,2,0.04
40.6508,2,0.0,0.07,8,3,1,40.035
40.6546,2,0.0,0.17,30,3,1,40.085
40.6597,4,0.0,0.07,3,3,0,80.035
40.6639,2,0.0,0.03,3,3,1,40.015
40.668,2,0.0,0.3,11,3,1,40.15
40.6727,0,0.0,0.12,44,3,2,0.06
40.6782,2,0.0,0.14,11,3,1,40.07
40.6819,2,0.0,0.11,8,3,1,40.055
40.6867,2,0.0,0.19,26,3,1,40.095
40.691,2,0.0,0.87,17,1,1,40.435
40.696,2,0.0,0.04,5,3,1,40.02
40.7007,2,0.0,0.2,8,3,1,40.1
40.7048,2,0.0,0.77,15,3,1,40.385
40.7093,2,0.0,0.03,2,3,1,40.015
40.7143,3,0.0,0.21,24,3,1,60.105
40.7199,2,0.0,0.05,9,3,1,40.025
40.7243,0,0.0,0.06,28,3,2,0.03
40.7294,0,0.9,1.16,17,3,2,1.6600000000000001
40.7338,2,0.0,0.08,5,3,1,40.04
40.7379,2,0.0,0.03,19,3,1,40.015
40.7421,2,0.0,0.11,10,3,1,40.055
40.7464,2,0.0,0.19,10,3,1,40.095
40.7497,2,0.0,0.44,5,3,1,40.22
40.754,3,0.0,0.16,21,3,1,60.08
40.7591,2,0.0,0.3,14,3,1,40.15
40.7642,2,0.0,0.26,8,3,1,40.13
40.7681,2,0.0,0.05,2,3,1,40.025
40.7742,2,0.0,0.11,11,3,1,40.055
40.7787,2,0.0,0.03,20,3,1,40.015
40.7834,2,0.0,0.15,53,3,1,40.075
40.7884,2,0.0,1.32,40,3,1,40.66
40.7942,2,31.5,3.65,29,3,1,79.625
40.7994,2,0.0,0.07,8,3,1,40.035
40.804,2,0.0,0.19,10,3,1,40.095
40.8091,2,0.0,0.24,10,3,1,40.12
40.814,2,0.0,0.38,7,3,1,40.19
40.8187,2,0.0,0.65,10,3,1,40.325
40.8252,2,0.0,0.12,8,3,1,40.06
40.8321,3,0.0,0.73,22,3,1,60.365
40.8362,2,0.0,3.12,11,3,1,41.56
40.8405,3,9.1,1.36,19,3,1,71.60000000000001
40.8445,2,0.0,0.09,6,3,1,40.045
40.8492,2,0.0,0.11,6,3,1,40.055
40.8525,2,0.0,0.12,6,3,1,40.06
40.8579,2,0.0,0.3,11,3,1,40.15
40.8626,0,0.0,0.13,29,3,2,0.065
40.8666,2,0.0,1.69,13,3,1,40.845
40.8709,2,0.9,2.06,45,3,1,42.11
40.8763,2,0.0,0.0,10,3,1,40.0
40.8807,2,0.0,0.22,2,3,1,40.11
40.8857,2,97.3,0.43,23,3,0,156.975
40.8892,2,0.0,0.1,8,3,1,40.05
40.8944,0,0.0,0.66,28,3,2,0.33
40.8982,2,0.0,0.52,17,3,1,40.26
40.9024,2,0.0,0.05,8,3,1,40.025
40.9078,2,0.0,0.02,3,3,1,40.01
40.9138,0,0.0,1.69,28,3,2,0.845
40.9188,3,0.0,1.03,22,3,1,60.515
40.9265,2,0.0,0.31,25,3,1,40.155
40.9323,2,0.0,0.16,6,3,1,40.08
40.9375,0,0.0,1.92,34,3,2,0.96
40.9452,2,0.0,0.04,1,3,1,40.02
40.9534,2,0.0,0.1,15,3,1,40.05
40.9612,2,0.0,0.18,10,3,1,40.09
40.9705,2,0.0,0.08,11,3,1,40.04
40.9787,2,0.0,0.13,8,3,1,40.065
40.985,2,0.0,0.66,49,3,1,40.33
40.9931,2,0.0,0.13,8,3,1,40.065
41.0019,2,0.0,0.54,13,3,1,40.27
41.0093,2,0.0,0.52,30,3,1,40.26
42.0192,2,0.0,0.78,47,3,1,40.39
42.0278,2,0.0,0.99,17,3,1,40.495
42.0385,2,0.0,0.04,3,3,1,40.02
42.0444,2,1.8,1.9,21,3,1,43.11
42.0553,2,0.0,0.02,3,3,1,40.01
42.063,3,0.0,0.14,6,3,1,60.07
42.0708,2,0.0,0.81,13,3,1,40.405
42.078,2,0.0,0.09,3,3,1,40.045
42.0834,2,0.0,0.01,2,3,1,40.005
42.0875,4,0.0,0.42,18,3,0,80.21
42.0926,2,0.0,0.13,10,3,1,40.065
42.0971,2,0.0,0.14,8,3,1,40.07
42.1034,2,0.0,0.01,2,3,1,40.005
42.1094,2,0.0,3.78,79,3,1,41.89
42.1156,2,0.0,0.22,23,3,1,40.11
42.1232,2,0.0,0.24,13,3,1,40.12
42.1286,2,0.0,0.05,6,3,1,40.025
42.1329,2,0.0,0.03,1,3,1,40.015
42.137,0,0.0,0.09,28,3,2,0.045
42.1421,2,0.0,0.01,2,3,1,40.005
42.1471,1,0.0,0.09,16,3,2,20.045
42.1518,2,0.0,0.09,9,3,1,40.045
42.1569,2,0.0,0.05,9,3,1,40.025
42.1621,2,0.0,0.03,2,3,1,40.015
42.167,2,0.0,0.3,5,3,1,40.15
42.1714,3,0.0,0.09,21,3,1,60.045
42.1776,2,41.1,1.99,36,3,1,90.315
42.1822,2,0.0,0.34,24,3,1,40.17
42.1863,2,0.0,0.21,8,3,1,40.105
42.1906,2,0.0,0.03,2,3,1,40.015
42.1953,2,0.0,0.63,60,3,1,40.315
42.199,2,0.0,0.04,4,3,1,40.02
42.2032,2,0.0,0.73,31,1,1,40.365
42.2089,0,0.0,0.32,29,3,2,0.16
42.2141,2,0.0,0.26,31,3,1,40.13
42.2192,2,0.0,0.38,11,3,1,40.19
42.2236,2,0.0,0.0,38,1,1,40.0
42.2286,2,0.0,0.01,17,3,1,40.005
42.2331,2,0.0,0.13,11,3,1,40.065
42.2375,2,0.0,0.3,5,3,1,40.15
42.2425,2,0.0,0.44,48,3,1,40.22
42.2468,2,0.0,0.05,9,3,1,40.025
42.2513,2,0.0,0.08,11,3,1,40.04
42.2549,2,0.0,0.07,24,3,1,40.035
42.2612,2,0.0,0.11,7,3,1,40.055
42.2656,2,0.0,0.19,2,3,1,40.095
42.2694,2,0.0,0.06,8,3,1,40.03
42.2751,2,0.0,0.01,17,3,1,40.005
42.2805,2,0.0,0.04,3,3,1,40.02
42.2852,0,0.0,1.41,29,3,2,0.705
42.2888,2,0.0,0.04,4,3,1,40.02
42.2942,0,0.0,0.16,29,3,2,0.08
42.2987,2,0.0,0.41,29,3,1,40.205
42.3028,2,0.0,0.01,2,3,1,40.005
42.3089,2,0.0,0.06,9,1,1,40.03
42.3145,2,0.0,0.32,20,3,1,40.16
42.3188,2,0.0,0.19,16,3,1,40.095
42.324,2,0.0,0.07,2,3,1,40.035
42.3287,4,0.0,0.2,15,3,0,80.1
42.333,2,0.0,0.22,6,3,1,40.11
42.3367,2,0.0,0.07,3,3,1,40.035
42.341,2,0.0,0.95,16,1,1,40.475
42.3458,2,0.0,1.13,46,3,1,40.565
42.3496,2,0.0,2.5,27,3,1,41.25
42.3544,2,0.0,0.19,7,3,1,40.095
42.3597,2,0.0,0.03,4,3,1,40.015
42.3647,0,0.0,0.08,14,3,2,0.04
42.37,2,0.0,0.07,8,3,1,40.035
42.374,2,0.0,0.17,30,3,1,40.085
42.3794,4,0.0,0.07,3,3,0,80.035
42.3832,2,0.0,0.03,3,3,1,40.015
42.3873,2,0.0,0.3,11,3,1,40.15
42.3932,0,0.0,0.12,44,3,2,0.06
42.3977,2,0.0,0.14,11,3,1,40.07
42.4028,2,0.0,0.11,8,3,1,40.055
42.4086,2,0.0,0.19,26,3,1,40.095
42.4141,2,0.0,0.87,17,1,1,40.435
42.4191,2,0.0,0.04,5,3,1,40.02
42.4237,2,0.0,0.2,8,3,1,40.1
42.4286,2,0.0,0.77,15,3,1,40.385
42.4341,2,0.0,0.03,2,3,1,40.015
42.4383,3,0.0,0.21,24,3,1,60.105
42.4447,2,0.0,0.05,9,3,1,40.025
42.4506,0,0.0,0.06,28,3,2,0.03
42.4567,0,0.0,1.16,17,3,2,0.58
42.4626,2,0.0,0.08,5,3,1,40.04
42.4687,2,0.0,0.03,19,3,1,40.015
42.473,2,0.0,0.11,10,3,1,40.055
42.4784,2,0.0,0.19,10,3,1,40.095
42.4846,2,0.0,0.43,5,3,1,40.215
42.4907,3,0.0,0.16,21,3,1,60.08
42.4972,2,0.0,0.3,14,3,1,40.15
42.5017,2,0.0,0.26,8,3,1,40.13
42.5064,2,0.0,0.05,2,3,1,40.025
42.5125,2,0.0,0.11,11,3,1,40.055
42.5172,2,0.0,0.03,20,3,1,40.015
42.5217,2,0.0,0.15,53,3,1,40.075
42.527,2,0.0,1.32,40,3,1,40.66
42.5321,2,24.3,3.65,29,3,1,70.985
42.5363,2,0.0,0.07,8,3,1,40.035
42.5429,2,0.0,0.19,10,3,1,40.095
42.5484,2,0.0,0.24,10,3,1,40.12
42.5536,2,0.0,0.38,7,3,1,40.19
42.5587,2,0.0,0.65,10,3,1,40.325
42.5646,2,0.0,0.12,8,3,1,40.06
42.5703,3,0.0,0.73,22,3,1,60.365
42.5774,2,0.0,3.12,11,3,1,41.56
42.5849,3,8.0,1.36,19,3,1,70.28
42.5908,2,0.0,0.09,6,3,1,40.045
42.5972,2,0.0,0.11,6,3,1,40.055
42.6032,2,0.0,0.12,6,3,1,40.06
42.6086,2,0.0,0.3,11,3,1,40.15
42.6133,0,0.0,0.13,29,3,2,0.065
42.6181,2,0.0,1.69,13,3,1,40.845
42.6234,2,0.0,2.06,45,3,1,41.03
42.6298,2,0.0,0.0,10,3,1,40.0
42.6349,2,0.0,0.22,2,3,1,40.11
42.6402,2,95.6,0.43,23,3,0,154.93499999999997
42.6443,2,0.0,0.1,9,3,1,40.05
42.649,0,0.0,0.66,28,3,2,0.33
42.6533,2,0.0,0.52,17,3,1,40.26
42.6576,2,0.0,0.05,8,3,1,40.025
42.6623,2,0.0,0.02,3,3,1,40.01
42.666,0,0.0,1.69,28,3,2,0.845
42.6709,3,0.0,1.03,22,3,1,60.515
42.6764,2,0.0,0.31,25,3,1,40.155
42.682,2,0.0,0.16,6,3,1,40.08
42.6862,0,0.0,1.92,34,3,2,0.96
42.6906,2,0.0,0.04,1,3,1,40.02
42.6964,2,0.0,0.1,15,3,1,40.05
42.7007,2,0.0,0.18,10,3,1,40.09
42.7038,2,0.0,0.08,11,3,1,40.04
42.7084,2,0.0,0.13,8,3,1,40.065
42.7131,2,0.0,0.66,49,3,1,40.33
42.7178,2,0.0,0.13,8,3,1,40.065
42.7223,2,0.0,0.54,13,3,1,40.27
42.7271,2,0.0,0.52,30,3,1,40.26
43.7322,2,0.0,0.78,47,3,1,40.39
43.7394,2,0.0,0.99,17,3,1,40.495
43.7451,2,0.0,0.04,3,3,1,40.02
43.7613,2,4.6,1.9,21,3,1,46.47
43.7696,2,0.0,0.02,3,3,1,40.01
43.7806,3,0.0,0.14,6,3,1,60.07
43.7893,2,0.0,0.81,13,3,1,40.405
43.7965,2,0.0,0.09,3,3,1,40.045
43.8029,2,0.0,0.01,2,3,1,40.005
43.8115,4,0.0,0.42,18,3,0,80.21
43.8211,2,0.0,0.13,10,3,1,40.065
43.8323,2,0.0,0.14,8,3,1,40.07
43.8391,2,0.0,0.01,2,3,1,40.005
43.8447,2,0.0,3.78,79,3,1,41.89
43.8501,2,0.0,0.22,23,3,1,40.11
43.8555,2,0.0,0.24,13,3,1,40.12
43.8599,2,0.0,0.05,6,3,1,40.025
43.8653,2,0.0,0.03,1,3,1,40.015
43.8697,0,0.0,0.09,28,3,2,0.045
43.8746,2,0.0,0.01,2,3,1,40.005
43.8803,1,0.0,0.09,16,3,2,20.045
43.8841,2,0.0,0.09,9,3,1,40.045
43.8882,2,0.0,0.05,9,3,1,40.025
43.8942,2,0.0,0.03,2,3,1,40.015
43.8984,2,0.0,0.3,5,3,1,40.15
43.9027,3,0.0,0.09,21,3,1,60.045
43.9074,2,42.4,1.99,36,3,1,91.875
43.9145,2,0.0,0.34,24,3,1,40.17
43.9189,2,0.0,0.21,8,3,1,40.105
43.9245,2,0.0,0.03,2,3,1,40.015
43.9296,2,0.0,0.63,60,3,1,40.315
43.9335,2,0.0,0.04,4,3,1,40.02
43.9381,2,0.0,0.73,31,1,1,40.365
43.9425,0,0.0,0.32,29,3,2,0.16
43.9471,2,0.0,0.26,31,3,1,40.13
43.9515,2,0.0,0.38,11,3,1,40.19
43.9552,2,0.0,0.0,38,1,1,40.0
43.9612,2,0.0,0.01,17,3,1,40.005
43.9659,2,0.0,0.13,11,3,1,40.065
43.9714,2,0.0,0.3,5,3,1,40.15
43.9769,2,0.0,0.44,48,3,1,40.22
43.9822,2,0.0,0.05,9,3,1,40.025
43.9862,2,0.0,0.08,11,3,1,40.04
43.9905,2,0.0,0.07,24,3,1,40.035
43.995,2,0.0,0.11,7,3,1,40.055
43.9993,2,0.0,0.19,1,3,1,40.095
44.0033,2,0.0,0.06,8,3,1,40.03
44.0096,2,0.0,0.01,17,3,1,40.005
44.015,2,0.0,0.04,3,3,1,40.02
44.0199,0,0.0,1.41,29,3,2,0.705
44.0252,2,0.0,0.04,4,3,1,40.02
44.0292,0,0.0,0.16,29,3,2,0.08
44.0334,2,0.0,0.41,29,3,1,40.205
44.0376,2,0.0,0.01,2,3,1,40.005
44.0442,2,0.0,0.06,9,1,1,40.03
44.0485,2,0.0,0.32,20,3,1,40.16
44.0537,2,0.0,0.19,16,3,1,40.095
44.0595,2,0.0,0.07,2,3,1,40.035
44.0643,4,0.0,0.2,15,3,0,80.1
44.0684,2,0.0,0.22,6,3,1,40.11
44.0727,2,0.0,0.07,3,3,1,40.035
44.0783,2,0.0,0.95,16,1,1,40.475
44.0835,2,0.0,1.13,46,3,1,40.565
44.0878,2,0.0,2.51,27,3,1,41.255
44.093,2,0.0,0.19,7,3,1,40.095
44.0983,2,0.0,0.03,4,3,1,40.015
44.1036,0,0.0,0.08,14,3,2,0.04
44.1102,2,0.0,0.07,8,3,1,40.035
44.1178,2,0.0,0.17,30,3,1,40.085
44.1242,4,0.0,0.07,3,3,0,80.035
44.1296,2,0.0,0.03,3,3,1,40.015
44.1344,2,0.0,0.3,11,3,1,40.15
44.139,0,0.0,0.12,44,3,2,0.06
44.1445,2,0.0,0.14,11,3,1,40.07
44.1482,2,0.0,0.11,8,3,1,40.055
44.1519,2,0.0,0.19,26,3,1,40.095
44.1567,2,0.0,0.87,17,1,1,40.435
44.1625,2,0.0,0.04,5,3,1,40.02
44.1666,2,0.0,0.2,8,3,1,40.1
44.1721,2,0.0,0.8,26,3,1,40.4
44.1782,2,0.0,0.03,2,3,1,40.015
44.1819,3,0.0,0.21,24,3,1,60.105
44.1868,2,0.0,0.05,9,3,1,40.025
44.1913,0,0.0,0.06,28,3,2,0.03
44.1954,0,0.9,1.14,27,3,2,1.65
44.1991,2,0.0,0.08,5,3,1,40.04
44.204,2,0.0,0.03,19,3,1,40.015
44.2095,2,0.0,0.11,10,3,1,40.055
44.2139,2,0.0,0.19,10,3,1,40.095
44.2182,2,0.0,0.43,5,3,1,40.215
44.2234,3,0.0,0.16,21,3,1,60.08
44.2286,2,0.0,0.3,14,3,1,40.15
44.2323,2,0.0,0.26,8,3,1,40.13
44.2366,2,0.0,0.05,2,3,1,40.025
44.2419,2,0.0,0.11,11,3,1,40.055
44.2466,2,0.0,0.03,20,3,1,40.015
44.2517,2,0.0,0.15,53,3,1,40.075
44.2586,2,0.0,1.32,40,3,1,40.66
44.2652,2,31.5,3.63,29,3,1,79.615
44.2695,2,0.0,0.07,8,3,1,40.035
44.275,2,0.0,0.19,10,3,1,40.095
44.2795,2,0.0,0.24,10,3,1,40.12
44.2845,2,0.0,0.38,7,3,1,40.19
44.2885,2,0.0,0.65,10,3,1,40.325
44.2938,2,0.0,0.12,8,3,1,40.06
44.2973,3,0.0,0.73,22,3,1,60.365
44.3018,2,0.0,3.12,11,3,1,41.56
44.3066,3,10.0,1.36,19,3,1,72.68
44.3117,2,0.0,0.09,6,3,1,40.045
44.3164,2,0.0,0.11,6,3,1,40.055
44.3206,2,0.0,0.12,6,3,1,40.06
44.326,2,0.0,0.3,11,3,1,40.15
44.3303,0,0.0,0.13,29,3,2,0.065
44.3349,2,0.0,1.69,13,3,1,40.845
44.3407,2,0.9,2.06,46,3,1,42.11
44.3472,2,0.0,0.0,10,3,1,40.0
44.3557,2,0.0,0.22,2,3,1,40.11
44.3613,2,97.3,0.43,23,3,0,156.975
44.3671,2,0.0,0.1,8,3,1,40.05
44.3724,0,0.0,0.66,28,3,2,0.33
44.3776,2,0.0,0.52,17,3,1,40.26
44.3826,2,0.0,0.05,8,3,1,40.025
44.3873,2,0.0,0.02,3,3,1,40.01
44.3916,0,0.0,1.69,28,3,2,0.845
44.3956,3,0.0,1.03,22,3,1,60.515
44.3992,2,0.0,0.31,25,3,1,40.155
44.4031,2,0.0,0.16,6,3,1,40.08
44.409,0,0.0,1.92,34,3,2,0.96
44.4134,2,0.0,0.04,1,3,1,40.02
44.4177,2,0.0,0.1,15,3,1,40.05
44.4229,2,0.0,0.18,10,3,1,40.09
44.4275,2,0.0,0.08,11,3,1,40.04
44.4322,2,0.0,0.13,8,3,1,40.065
44.4359,2,0.0,0.66,49,3,1,40.33
44.4399,2,0.0,0.13,8,3,1,40.065
44.4449,2,0.0,0.54,13,3,1,40.27
44.4494,2,0.9,0.53,30,3,1,41.345
45.4639,2,0.9,0.78,47,3,1,41.47
45.471,2,0.0,0.99,17,3,1,40.495
45.4767,2,0.0,0.04,3,3,1,40.02
45.4856,2,1.8,1.9,21,3,1,43.11
45.4921,2,0.0,0.02,3,3,1,40.01
45.5013,3,0.0,0.14,6,3,1,60.07
45.5086,2,0.0,0.81,13,3,1,40.405
45.5131,2,0.0,0.09,3,3,1,40.045
45.5219,2,0.0,0.01,2,3,1,40.005
45.5301,4,0.0,0.42,18,3,0,80.21
45.5356,2,0.0,0.13,10,3,1,40.065
45.5414,2,0.0,0.14,8,3,1,40.07
45.5469,2,0.0,0.01,2,3,1,40.005
45.5525,2,0.9,3.78,79,3,1,42.97
45.5585,2,0.0,0.22,23,3,1,40.11
45.563,2,0.0,0.24,13,3,1,40.12
45.5661,2,0.0,0.05,6,3,1,40.025
45.5703,2,0.0,0.03,1,3,1,40.015
45.5761,0,0.0,0.09,28,3,2,0.045
45.5803,2,0.0,0.01,2,3,1,40.005
45.5857,1,0.0,0.09,16,3,2,20.045
45.5913,2,0.0,0.09,9,3,1,40.045
45.5954,2,0.0,0.05,9,3,1,40.025
45.5991,2,0.0,0.03,2,3,1,40.015
45.6037,2,0.0,0.3,5,3,1,40.15
45.6086,3,0.0,0.09,21,3,1,60.045
45.614,2,40.4,1.99,36,3,1,89.475
45.6204,2,0.0,0.34,24,3,1,40.17
45.6266,2,0.0,0.21,8,3,1,40.105
45.6309,2,0.0,0.03,2,3,1,40.015
45.6363,2,0.0,0.63,60,3,1,40.315
45.6421,2,0.0,0.04,4,3,1,40.02
45.6455,2,0.0,0.73,31,1,1,40.365
45.6514,0,0.0,0.32,29,3,2,0.16
45.6565,2,0.0,0.26,31,3,1,40.13
45.6617,2,0.0,0.38,11,3,1,40.19
45.6663,2,0.0,0.0,38,1,1,40.0
45.6711,2,0.0,0.01,17,3,1,40.005
45.6754,2,0.0,0.13,11,3,1,40.065
45.6797,2,0.0,0.3,5,3,1,40.15
45.685,2,0.0,0.44,48,3,1,40.22
45.6897,2,0.0,0.05,9,3,1,40.025
45.6951,2,0.0,0.08,11,3,1,40.04
45.6986,2,0.0,0.07,24,3,1,40.035
45.7031,2,0.0,0.11,7,3,1,40.055
45.7083,2,0.0,0.19,2,3,1,40.095
45.7143,2,0.0,0.06,8,3,1,40.03
45.7186,2,0.0,0.01,17,3,1,40.005
45.722,2,0.0,0.04,3,3,1,40.02
45.7275,0,0.0,1.41,29,3,2,0.705
45.7334,2,0.0,0.04,4,3,1,40.02
45.7454,0,0.0,0.16,29,3,2,0.08
45.7547,2,0.0,0.41,29,3,1,40.205
45.7633,2,0.0,0.01,2,3,1,40.005
45.7683,2,0.0,0.06,9,1,1,40.03
45.773,2,0.0,0.32,20,3,1,40.16
45.7781,2,0.0,0.19,16,3,1,40.095
45.7819,2,0.0,0.07,2,3,1,40.035
45.7863,4,0.0,0.2,15,3,0,80.1
45.7912,2,0.0,0.22,6,3,1,40.11
45.7963,2,0.0,0.07,3,3,1,40.035
45.8009,2,0.0,0.95,16,1,1,40.475
45.8055,2,0.0,1.13,46,3,1,40.565
45.8096,2,0.0,2.51,27,3,1,41.255
45.8153,2,0.0,0.19,7,3,1,40.095
45.8199,2,0.0,0.03,4,3,1,40.015
45.8244,0,0.0,0.08,14,3,2,0.04
45.8295,2,0.0,0.07,8,3,1,40.035
45.8334,2,0.0,0.17,30,3,1,40.085
45.8375,4,0.0,0.07,3,3,0,80.035
45.8437,2,0.0,0.03,3,3,1,40.015
45.8482,2,0.0,0.3,11,3,1,40.15
45.8521,0,0.0,0.12,44,3,2,0.06
45.8572,2,0.0,0.14,11,3,1,40.07
45.8622,2,0.0,0.11,8,3,1,40.055
45.8662,2,0.0,0.19,26,3,1,40.095
45.8699,2,0.0,0.87,17,1,1,40.435
45.8769,2,0.0,0.04,5,3,1,40.02
45.8812,2,0.0,0.2,8,3,1,40.1
45.8861,2,1.8,0.81,26,3,1,42.565
45.892,2,0.0,0.03,2,3,1,40.015
45.8973,3,0.0,0.21,24,3,1,60.105
45.9031,2,0.0,0.05,9,3,1,40.025
45.9101,0,0.0,0.06,28,3,2,0.03
45.9144,0,3.6,1.11,27,3,1,4.875
45.9188,2,0.0,0.08,5,3,1,40.04
45.9233,2,0.0,0.03,19,3,1,40.015
45.9269,2,0.0,0.11,10,3,1,40.055
45.9304,2,0.0,0.19,10,3,1,40.095
45.9348,2,0.0,0.43,5,3,1,40.215
45.9403,3,0.0,0.16,21,3,1,60.08
45.9448,2,0.0,0.3,14,3,1,40.15
45.9488,2,0.0,0.26,8,3,1,40.13
45.9531,2,0.0,0.05,2,3,1,40.025
45.9571,2,0.0,0.11,11,3,1,40.055
45.9625,2,0.0,0.03,20,3,1,40.015
45.9673,2,0.0,0.15,53,3,1,40.075
45.9718,2,1.8,1.32,40,3,1,42.81999999999999
45.9766,2,36.7,3.64,29,3,1,85.85999999999999
45.9802,2,0.0,0.07,8,3,1,40.035
45.9854,2,0.0,0.19,10,3,1,40.095
45.9898,2,0.0,0.24,10,3,1,40.12
45.9947,2,0.0,0.38,7,3,1,40.19
45.9995,2,0.0,0.65,10,3,1,40.325
46.0036,2,0.0,0.12,8,3,1,40.06
46.0087,3,0.0,0.73,22,3,1,60.365
46.0133,2,0.0,3.12,11,3,1,41.56
46.0174,3,8.2,1.36,19,3,1,70.52000000000001
46.0217,2,0.0,0.09,6,3,1,40.045
46.0272,2,0.0,0.11,6,3,1,40.055
46.0326,2,0.0,0.12,6,3,1,40.06
46.0369,2,0.0,0.3,11,3,1,40.15
46.0425,0,0.0,0.13,29,3,2,0.065
46.0471,2,0.0,1.69,13,3,1,40.845
46.0515,2,0.0,2.06,46,3,1,41.03
46.0566,2,0.0,0.0,10,3,1,40.0
46.0611,2,0.0,0.22,2,3,1,40.11
46.0653,2,92.7,0.43,23,3,0,151.455
46.0706,2,0.0,0.1,8,3,1,40.05
46.0748,0,0.0,0.66,28,3,2,0.33
46.0808,2,0.0,0.52,17,3,1,40.26
46.0851,2,0.0,0.05,8,3,1,40.025
46.0898,2,0.0,0.02,3,3,1,40.01
46.0948,0,0.0,1.69,28,3,2,0.845
46.0993,3,0.0,1.03,22,3,1,60.515
46.1029,2,2.8,0.31,25,3,1,43.515
46.1086,2,0.0,0.16,6,3,1,40.08
46.1124,0,0.9,1.92,34,3,2,2.04
46.1165,2,0.0,0.04,1,3,1,40.02
46.1218,2,0.0,0.1,15,3,1,40.05
46.128,2,0.0,0.18,10,3,1,40.09
46.1341,2,0.0,0.08,11,3,1,40.04
46.1398,2,0.0,0.13,8,3,1,40.065
46.1451,2,0.0,0.66,49,3,1,40.33
46.1494,2,0.0,0.13,8,3,1,40.065
46.1539,2,0.0,0.54,13,3,1,40.27
46.1579,2,0.0,0.52,30,3,1,40.26
47.1661,2,0.0,0.78,47,3,1,40.39
47.1753,2,0.0,0.99,17,3,1,40.495
47.1843,2,0.0,0.04,3,3,1,40.02
47.1941,2,3.7,1.9,21,3,1,45.39
47.2038,2,0.0,0.02,3,3,1,40.01
47.2127,3,0.0,0.14,6,3,1,60.07
47.2208,2,0.0,0.81,13,3,1,40.405
47.2298,2,0.0,0.09,3,3,1,40.045
47.2381,2,0.0,0.01,2,3,1,40.005
47.2449,4,0.0,0.42,18,3,0,80.21
47.2542,2,0.0,0.13,10,3,1,40.065
47.2612,2,0.0,0.14,8,3,1,40.07
47.2701,2,0.0,0.01,2,3,1,40.005
47.2774,2,1.8,3.78,79,3,1,44.05
47.2849,2,0.0,0.22,23,3,1,40.11
47.2914,2,0.0,0.24,13,3,1,40.12
47.2972,2,0.0,0.05,6,3,1,40.025
47.302,2,0.0,0.03,1,3,1,40.015
47.3079,0,0.0,0.09,28,3,2,0.045
47.3129,2,0.0,0.01,2,3,1,40.005
47.3179,1,0.0,0.09,16,3,2,20.045
47.3257,2,0.0,0.09,9,3,1,40.045
47.3311,2,0.0,0.05,9,3,1,40.025
47.3379,2,0.0,0.03,2,3,1,40.015
47.3446,2,0.0,0.3,5,3,1,40.15
47.3485,3,0.0,0.09,21,3,1,60.045
47.3526,2,42.3,1.99,36,3,1,91.755
47.3582,2,0.0,0.34,24,3,1,40.17
47.3623,2,0.0,0.21,8,3,1,40.105
47.367,2,0.0,0.03,2,3,1,40.015
47.3724,2,0.0,0.63,60,3,1,40.315
47.3767,2,0.0,0.04,4,3,1,40.02
47.381,2,0.0,0.73,31,1,1,40.365
47.3861,0,0.0,0.32,29,3,2,0.16
47.3913,2,0.0,0.26,31,3,1,40.13
47.397,2,0.9,0.38,11,3,1,41.269999999999996
47.4025,2,0.0,0.0,38,1,1,40.0
47.4088,2,0.0,0.01,17,3,1,40.005
47.4156,2,0.0,0.13,11,3,1,40.065
47.4215,2,0.0,0.3,5,3,1,40.15
47.4271,2,0.0,0.44,48,3,1,40.22
47.4307,2,0.0,0.05,9,3,1,40.025
47.4357,2,0.0,0.08,11,3,1,40.04
47.4418,2,0.0,0.07,24,3,1,40.035
47.4472,2,0.0,0.11,7,3,1,40.055
47.4517,2,0.0,0.19,2,3,1,40.095
47.458,2,0.0,0.06,8,3,1,40.03
47.4629,2,0.0,0.01,17,3,1,40.005
47.4669,2,0.0,0.04,3,3,1,40.02
47.4723,0,0.0,1.41,29,3,2,0.705
47.4773,2,0.0,0.04,4,3,1,40.02
47.482,0,0.0,0.16,29,3,2,0.08
47.4895,2,0.0,0.41,29,3,1,40.205
47.4978,2,0.0,0.01,2,3,1,40.005
47.5062,2,0.0,0.06,9,1,1,40.03
47.5132,2,0.0,0.32,20,3,1,40.16
47.5207,2,0.0,0.19,16,3,1,40.095
47.5284,2,0.0,0.07,2,3,1,40.035
47.5346,4,0.0,0.2,15,3,0,80.1
47.5427,2,0.0,0.22,6,3,1,40.11
47.5492,2,0.0,0.07,3,3,1,40.035
47.5557,2,0.0,0.95,16,1,1,40.475
47.5607,2,0.0,1.13,46,3,1,40.565
47.5672,2,0.0,2.51,27,3,1,41.255
47.5741,2,0.0,0.19,7,3,1,40.095
47.5803,2,0.0,0.03,4,3,1,40.015
47.5862,0,0.0,0.08,14,3,2,0.04
47.5914,2,0.0,0.07,8,3,1,40.035
47.5969,2,0.0,0.17,30,3,1,40.085
47.6016,4,0.0,0.07,3,3,0,80.035
47.6066,2,0.0,0.03,3,3,1,40.015
47.612,2,0.0,0.3,11,3,1,40.15
47.6196,0,0.0,0.12,44,3,2,0.06
47.6263,2,0.0,0.14,11,3,1,40.07
47.6319,2,0.0,0.11,8,3,1,40.055
47.6388,2,0.0,0.19,26,3,1,40.095
47.6434,2,0.0,0.87,17,1,1,40.435
47.648,2,0.9,0.04,5,3,1,41.1
47.6522,2,0.0,0.2,8,3,1,40.1
47.6588,2,0.0,0.81,26,3,1,40.405
47.6645,2,0.0,0.03,2,3,1,40.015
47.6691,3,0.0,0.21,24,3,1,60.105
47.6751,2,0.0,0.05,9,3,1,40.025
47.6802,0,0.0,0.06,28,3,2,0.03
47.6846,0,0.0,1.11,27,3,2,0.555
47.6901,2,0.0,0.08,5,3,1,40.04
47.6953,2,0.0,0.03,19,3,1,40.015
47.7025,2,0.0,0.11,10,3,1,40.055
47.7089,2,0.0,0.19,10,3,1,40.095
47.7147,2,0.0,0.43,5,3,1,40.215
47.7203,3,0.0,0.16,21,3,1,60.08
47.7258,2,0.0,0.3,14,3,1,40.15
47.7301,2,0.0,0.26,8,3,1,40.13
47.735,2,0.0,0.05,2,3,1,40.025
47.7403,2,0.0,0.11,11,3,1,40.055
47.7444,2,0.0,0.03,20,3,1,40.015
47.7491,2,0.0,0.15,53,3,1,40.075
47.7546,2,0.0,1.32,40,3,1,40.66
47.7612,2,29.0,3.64,29,3,1,76.61999999999999
47.766,2,0.0,0.07,8,3,1,40.035
47.7707,2,0.0,0.19,10,3,1,40.095
47.7751,2,0.0,0.24,10,3,1,40.12
47.7806,2,0.0,0.38,7,3,1,40.19
47.785,2,0.0,0.65,10,3,1,40.325
47.7901,2,0.0,0.12,8,3,1,40.06
47.7955,3,0.0,0.73,22,3,1,60.365
47.8015,2,0.0,3.12,11,3,1,41.56
47.8076,3,10.5,1.37,19,3,1,73.285
47.8133,2,0.0,0.09,6,3,1,40.045
47.8189,2,0.0,0.11,6,3,1,40.055
47.8237,2,0.0,0.12,6,3,1,40.06
47.829,2,0.0,0.3,11,3,1,40.15
47.8335,0,0.0,0.13,29,3,2,0.065
47.8393,2,0.9,1.69,13,3,1,41.925
47.8445,2,0.0,2.06,46,3,1,41.03
47.8484,2,0.0,0.0,10,3,1,40.0
47.8533,2,0.0,0.22,2,3,1,40.11
47.8585,2,96.5,0.43,23,3,0,156.01500000000001
47.8633,2,0.0,0.1,8,3,1,40.05
47.8673,0,0.0,0.66,28,3,2,0.33
47.8726,2,0.0,0.52,17,3,1,40.26
47.8779,2,0.0,0.05,8,3,1,40.025
47.8825,2,0.0,0.02,3,3,1,40.01
47.8876,0,0.0,1.69,28,3,2,0.845
47.8932,3,0.0,1.03,22,3,1,60.515
47.8979,2,0.0,0.31,25,3,1,40.155
47.9024,2,0.0,0.16,6,3,1,40.08
47.9072,0,0.0,1.92,34,3,2,0.96
47.9124,2,0.0,0.04,1,3,1,40.02
47.9183,2,0.0,0.1,15,3,1,40.05
47.9239,2,0.0,0.18,10,3,1,40.09
47.9282,2,0.0,0.08,11,3,1,40.04
47.9324,2,0.0,0.13,8,3,1,40.065
47.9369,2,0.0,0.66,49,3,1,40.33
47.9432,2,0.0,0.13,8,3,1,40.065
47.9473,2,0.0,0.54,13,3,1,40.27
47.9517,2,0.0,0.52,30,3,1,40.26
48.9657,2,0.9,0.78,47,3,1,41.47
48.9725,2,0.0,0.99,17,3,1,40.495
48.9811,2,0.0,0.04,3,3,1,40.02
48.9882,2,0.9,1.9,21,3,1,42.03
48.997,2,0.0,0.02,3,3,1,40.01
49.0044,3,0.0,0.14,6,3,1,60.07
49.0123,2,0.0,0.81,13,3,1,40.405
49.0177,2,0.0,0.09,3,3,1,40.045
49.0233,2,0.0,0.01,2,3,1,40.005
49.0287,4,0.0,0.42,18,3,0,80.21
49.0362,2,0.0,0.13,10,3,1,40.065
49.0414,2,0.0,0.14,8,3,1,40.07
49.0476,2,0.0,0.01,2,3,1,40.005
49.0551,2,0.0,3.78,79,3,1,41.89
49.0599,2,0.0,0.22,23,3,1,40.11
49.0655,2,0.0,0.24,13,3,1,40.12
49.0699,2,0.0,0.05,6,3,1,40.025
49.0754,2,0.0,0.03,1,3,1,40.015
49.0794,0,0.0,0.09,28,3,2,0.045
49.0842,2,0.0,0.01,2,3,1,40.005
49.0893,1,0.0,0.09,16,3,2,20.045
49.0933,2,0.0,0.09,9,3,1,40.045
49.0981,2,0.0,0.05,9,3,1,40.025
49.1034,2,0.0,0.03,2,3,1,40.015
49.109,2,0.0,0.3,5,3,1,40.15
49.1127,3,0.0,0.09,21,3,1,60.045
49.1183,2,41.6,2.0,36,3,1,90.92
49.1242,2,0.0,0.34,24,3,1,40.17
49.1296,2,0.0,0.21,8,3,1,40.105
49.1343,2,0.0,0.03,2,3,1,40.015
49.1389,2,0.0,0.63,60,3,1,40.315
49.1439,2,0.0,0.04,4,3,1,40.02
49.1474,2,0.0,0.73,31,1,1,40.365
49.1535,0,0.0,0.32,29,3,2,0.16
49.1591,2,0.0,0.26,31,3,1,40.13
49.1642,2,0.0,0.38,11,3,1,40.19
49.1694,2,0.0,0.0,38,1,1,40.0
49.1753,2,0.0,0.01,17,3,1,40.005
49.1806,2,0.0,0.13,11,3,1,40.065
49.1874,2,0.0,0.3,5,3,1,40.15
49.1952,2,0.0,0.44,48,3,1,40.22
49.2017,2,0.0,0.05,9,3,1,40.025
49.2072,2,0.0,0.08,11,3,1,40.04
49.2129,2,0.0,0.07,24,3,1,40.035
49.2192,2,0.0,0.11,7,3,1,40.055
49.225,2,0.0,0.19,2,3,1,40.095
49.2298,2,0.0,0.06,8,3,1,40.03
49.2337,2,0.0,0.01,17,3,1,40.005
49.239,2,0.0,0.04,3,3,1,40.02
49.2442,0,0.0,1.41,29,3,2,0.705
49.2473,2,0.0,0.04,4,3,1,40.02
49.2517,0,0.0,0.16,29,3,2,0.08
49.257,2,0.0,0.41,29,3,1,40.205
49.2611,2,0.0,0.01,2,3,1,40.005
49.2654,2,0.0,0.06,9,1,1,40.03
49.2691,2,0.0,0.32,20,3,1,40.16
49.2755,2,0.0,0.19,16,3,1,40.095
49.2812,2,0.0,0.08,3,3,1,40.04
49.2856,4,0.0,0.2,15,3,0,80.1
49.2911,2,0.0,0.22,6,3,1,40.11
49.2957,2,0.0,0.07,3,3,1,40.035
49.2997,2,0.0,0.95,16,1,1,40.475
49.3051,2,0.0,1.13,46,3,1,40.565
49.3111,2,0.0,2.51,27,3,1,41.255
49.3149,2,0.0,0.19,7,3,1,40.095
49.3193,2,0.0,0.03,4,3,1,40.015
49.3254,0,0.0,0.08,14,3,2,0.04
49.3305,2,0.0,0.07,8,3,1,40.035
49.3354,2,0.0,0.17,30,3,1,40.085
49.3403,4,0.0,0.07,3,3,0,80.035
49.3459,2,0.0,0.03,3,3,1,40.015
49.3516,2,0.0,0.3,11,3,1,40.15
49.3572,0,0.0,0.12,44,3,2,0.06
49.3618,2,0.0,0.14,11,3,1,40.07
49.3658,2,0.0,0.11,8,3,1,40.055
49.3702,2,0.0,0.19,26,3,1,40.095
49.3768,2,0.0,0.87,17,1,1,40.435
49.3819,2,0.0,0.04,5,3,1,40.02
49.386,2,0.0,0.2,8,3,1,40.1
49.3913,2,0.0,0.81,26,3,1,40.405
49.3954,2,0.0,0.03,2,3,1,40.015
49.3991,3,0.0,0.21,24,3,1,60.105
49.4039,2,0.0,0.05,9,3,1,40.025
49.4097,0,0.0,0.06,28,3,2,0.03
49.4139,0,0.0,1.11,27,3,2,0.555
49.4203,2,0.0,0.08,5,3,1,40.04
49.4283,2,0.0,0.03,19,3,1,40.015
49.4339,2,0.0,0.11,10,3,1,40.055
49.4406,2,0.0,0.19,10,3,1,40.095
49.4462,2,0.0,0.43,5,3,1,40.215
49.4512,3,0.0,0.16,21,3,1,60.08
49.4552,2,0.0,0.3,14,3,1,40.15
49.4596,2,0.0,0.26,8,3,1,40.13
49.4638,2,0.0,0.05,2,3,1,40.025
49.4691,2,0.0,0.11,11,3,1,40.055
49.4745,2,0.0,0.03,20,3,1,40.015
49.4798,2,0.0,0.15,53,3,1,40.075
49.4848,2,0.0,1.32,40,3,1,40.66
49.4898,2,36.9,3.65,29,3,1,86.105
49.495,2,0.0,0.07,8,3,1,40.035
49.4996,2,0.0,0.19,10,3,1,40.095
49.504,2,0.0,0.24,10,3,1,40.12
49.5096,2,0.0,0.38,7,3,1,40.19
49.514,2,0.0,0.65,10,3,1,40.325
49.5181,2,0.0,0.12,8,3,1,40.06
49.5223,3,0.0,0.73,22,3,1,60.365
49.529,2,0.0,3.12,11,3,1,41.56
49.5338,3,7.2,1.37,19,3,1,69.325
49.5385,2,0.0,0.09,6,3,1,40.045
49.5435,2,0.0,0.11,6,3,1,40.055
49.5481,2,0.0,0.12,6,3,1,40.06
49.5526,2,0.0,0.3,11,3,1,40.15
49.559,0,0.0,0.13,29,3,2,0.065
49.5639,2,0.0,1.69,13,3,1,40.845
49.5717,2,0.9,2.06,46,3,1,42.11
49.5781,2,0.0,0.0,10,3,1,40.0
49.5835,2,0.0,0.22,2,3,1,40.11
49.5889,2,97.3,0.43,23,3,0,156.975
49.5941,2,0.0,0.1,8,3,1,40.05
49.5983,0,0.0,0.66,28,3,2,0.33
49.6027,2,0.0,0.52,17,3,1,40.26
49.6073,2,0.0,0.05,8,3,1,40.025
49.6119,2,0.0,0.02,3,3,1,40.01
49.616,0,0.0,1.69,28,3,2,0.845
49.6202,3,0.0,1.03,22,3,1,60.515
49.6251,2,0.0,0.31,25,3,1,40.155
49.6308,2,0.0,0.16,6,3,1,40.08
49.6346,0,1.8,1.92,34,3,2,3.12
49.6402,2,0.0,0.04,1,3,1,40.02
49.6452,2,0.0,0.1,15,3,1,40.05
49.65,2,0.0,0.18,10,3,1,40.09
49.656,2,0.0,0.08,11,3,1,40.04
49.6594,2,0.0,0.13,8,3,1,40.065
49.6642,2,0.0,0.66,49,3,1,40.33
49.6685,2,0.0,0.13,8,3,1,40.065
49.6748,2,0.0,0.54,13,3,1,40.27
49.6799,2,0.0,0.52,30,3,1,40.26
50.6858,2,0.9,0.78,47,3,1,41.47
50.6939,2,0.0,0.99,17,3,1,40.495
50.7041,2,0.0,0.04,3,3,1,40.02
50.7124,2,0.0,1.9,21,3,1,40.95
50.7199,2,0.0,0.02,3,3,1,40.01
50.7259,3,0.0,0.14,6,3,1,60.07
50.7328,2,0.0,0.81,13,3,1,40.405
50.739,2,0.0,0.09,3,3,1,40.045
50.7471,2,0.0,0.01,2,3,1,40.005
50.7531,4,0.0,0.42,18,3,0,80.21
50.7621,2,0.0,0.13,10,3,1,40.065
50.7704,2,0.0,0.14,8,3,1,40.07
50.7758,2,0.0,0.01,2,3,1,40.005
50.7822,2,0.9,3.78,79,3,1,42.97
50.7871,2,0.0,0.22,23,3,1,40.11
50.7928,2,0.0,0.24,13,3,1,40.12
50.7973,2,0.0,0.05,6,3,1,40.025
50.8008,2,0.0,0.03,1,3,1,40.015
50.8058,0,0.0,0.09,28,3,2,0.045
50.8106,2,0.0,0.01,2,3,1,40.005
50.8154,1,0.0,0.09,16,3,2,20.045
50.8203,2,0.0,0.09,9,3,1,40.045
50.8263,2,0.0,0.05,9,3,1,40.025
50.8306,2,0.0,0.03,2,3,1,40.015
50.8366,2,0.0,0.3,5,3,1,40.15
50.8424,3,0.0,0.09,21,3,1,60.045
50.8489,2,38.7,2.0,36,3,1,87.44
50.8553,2,0.0,0.34,24,3,1,40.17
50.8621,2,0.0,0.21,8,3,1,40.105
50.8686,2,0.0,0.03,2,3,1,40.015
50.8769,2,0.0,0.63,60,3,1,40.315
50.8821,2,0.0,0.04,4,3,1,40.02
50.8867,2,0.0,0.73,31,1,1,40.365
50.892,0,0.0,0.32,29,3,2,0.16
50.8961,2,0.0,0.26,31,3,1,40.13
50.9019,2,0.0,0.38,11,3,1,40.19
50.9067,2,0.0,0.0,38,1,1,40.0
50.912,2,0.0,0.01,17,3,1,40.005
50.9172,2,0.0,0.13,11,3,1,40.065
50.9236,2,0.0,0.3,5,3,1,40.15
50.9298,2,0.0,0.44,48,3,1,40.22
50.9342,2,0.0,0.05,9,3,1,40.025
50.9391,2,0.0,0.08,11,3,1,40.04
50.9593,2,0.0,0.07,24,3,1,40.035
50.9701,2,0.0,0.11,7,3,1,40.055
50.9767,2,0.0,0.19,2,3,1,40.095
50.9835,2,0.0,0.06,8,3,1,40.03
50.9915,2,0.0,0.01,17,3,1,40.005
50.9955,2,0.0,0.04,3,3,1,40.02
51.001,0,0.0,1.41,29,3,2,0.705
51.0066,2,0.0,0.04,4,3,1,40.02
51.0114,0,0.0,0.16,29,3,2,0.08
51.0159,2,0.0,0.41,29,3,1,40.205
51.0201,2,0.0,0.01,2,3,1,40.005
51.0254,2,0.0,0.06,9,1,1,40.03
51.0306,2,1.8,0.32,20,3,1,42.31999999999999
51.0346,2,0.0,0.19,16,3,1,40.095
51.0401,2,0.0,0.08,3,3,1,40.04
51.0443,4,0.0,0.2,15,3,0,80.1
51.0492,2,0.0,0.22,6,3,1,40.11
51.0534,2,0.0,0.07,3,3,1,40.035
51.0586,2,0.0,0.95,16,1,1,40.475
51.063,2,0.0,1.13,46,3,1,40.565
51.068,2,0.9,2.51,27,3,1,42.335
51.0726,2,0.0,0.19,7,3,1,40.095
51.0782,2,0.0,0.03,4,3,1,40.015
51.0822,0,0.0,0.08,14,3,2,0.04
51.0875,2,0.0,0.07,8,3,1,40.035
51.093,2,0.0,0.17,30,3,1,40.085
51.0979,4,0.0,0.07,3,3,0,80.035
51.1025,2,0.0,0.03,3,3,1,40.015
51.1083,2,0.0,0.3,11,3,1,40.15
51.1133,0,0.0,0.12,44,3,2,0.06
51.1175,2,0.0,0.14,11,3,1,40.07
51.1235,2,0.0,0.11,8,3,1,40.055
51.1281,2,0.9,0.2,26,3,1,41.18
51.1333,2,0.0,0.87,17,1,1,40.435
51.1382,2,0.0,0.04,5,3,1,40.02
51.1427,2,0.0,0.2,8,3,1,40.1
51.147,2,0.0,0.81,26,3,1,40.405
51.1517,2,0.0,0.03,2,3,1,40.015
51.1583,3,0.0,0.21,24,3,1,60.105
51.1632,2,0.0,0.05,9,3,1,40.025
51.1683,0,0.0,0.06,28,3,2,0.03
51.1736,0,0.0,1.11,27,3,2,0.555
51.1786,2,0.0,0.08,5,3,1,40.04
51.1843,2,0.0,0.03,19,3,1,40.015
51.1902,2,0.0,0.11,10,3,1,40.055
51.1972,2,0.0,0.19,10,3,1,40.095
51.204,2,0.0,0.43,5,3,1,40.215
51.2102,3,0.0,0.16,21,3,1,60.08
51.2175,2,0.0,0.3,14,3,1,40.15
51.2248,2,0.0,0.26,8,3,1,40.13
51.2303,2,0.0,0.05,2,3,1,40.025
51.2356,2,0.0,0.11,11,3,1,40.055
51.2407,2,0.0,0.03,20,3,1,40.015
51.2449,2,0.0,0.15,53,3,1,40.075
51.2492,2,0.0,1.32,40,3,1,40.66
51.2543,2,33.6,3.67,29,3,1,82.15499999999999
51.26,2,0.0,0.07,8,3,1,40.035
51.2648,2,0.0,0.19,10,3,1,40.095
51.2696,2,0.0,0.24,10,3,1,40.12
51.2747,2,0.0,0.38,7,3,1,40.19
51.2792,2,0.0,0.65,10,3,1,40.325
51.2833,2,0.0,0.12,8,3,1,40.06
51.2878,3,0.0,0.73,22,3,1,60.365
51.2933,2,0.0,3.12,11,3,1,41.56
51.2969,3,14.2,1.37,19,3,1,77.725
51.3023,2,0.0,0.09,6,3,1,40.045
51.3085,2,0.0,0.11,6,3,1,40.055
51.3145,2,0.0,0.12,6,3,1,40.06
51.3221,2,0.0,0.3,11,3,1,40.15
51.3282,0,0.0,0.13,29,3,2,0.065
51.3333,2,0.0,1.69,13,3,1,40.845
51.3385,2,0.0,2.06,46,3,1,41.03
51.3436,2,0.0,0.0,10,3,1,40.0
51.3474,2,0.0,0.22,2,3,1,40.11
51.3521,2,100.0,0.43,23,3,0,160.215
51.3568,2,0.0,0.1,8,3,1,40.05
51.3627,0,0.0,0.66,28,3,2,0.33
51.3685,2,0.0,0.52,17,3,1,40.26
51.3761,2,0.0,0.05,8,3,1,40.025
51.3832,2,0.0,0.02,3,3,1,40.01
51.3881,0,0.0,1.69,28,3,2,0.845
51.3937,3,0.0,1.03,22,3,1,60.515
51.3974,2,0.0,0.31,25,3,1,40.155
51.4012,2,0.0,0.16,6,3,1,40.08
51.4062,0,0.0,1.92,34,3,2,0.96
51.4115,2,0.0,0.04,1,3,1,40.02
51.416,2,0.0,0.1,15,3,1,40.05
51.4215,2,0.0,0.18,10,3,1,40.09
51.4265,2,0.0,0.08,11,3,1,40.04
51.4308,2,0.0,0.13,8,3,1,40.065
51.4346,2,0.0,0.66,49,3,1,40.33
51.4402,2,0.0,0.13,8,3,1,40.065
51.4443,2,0.0,0.54,13,3,1,40.27
51.449,2,0.0,0.52,30,3,1,40.26
52.455,2,0.0,0.78,47,3,1,40.39
52.462,2,0.0,0.99,17,3,1,40.495
52.47,2,0.0,0.04,3,3,1,40.02
52.4797,2,0.9,1.9,21,3,1,42.03
52.4888,2,0.0,0.02,3,3,1,40.01
52.4959,3,0.0,0.14,6,3,1,60.07
52.5041,2,0.0,0.81,13,3,1,40.405
52.5127,2,0.0,0.09,3,3,1,40.045
52.52,2,0.0,0.01,2,3,1,40.005
52.528,4,0.0,0.42,18,3,0,80.21
52.5353,2,0.0,0.13,10,3,1,40.065
52.5411,2,0.0,0.14,8,3,1,40.07
52.5474,2,0.0,0.01,2,3,1,40.005
52.5534,2,0.0,3.78,79,3,1,41.89
52.5611,2,0.0,0.22,23,3,1,40.11
52.5691,2,0.0,0.24,13,3,1,40.12
52.5775,2,0.0,0.05,6,3,1,40.025
52.5858,2,0.0,0.03,1,3,1,40.015
52.5938,0,0.0,0.09,28,3,2,0.045
52.603,2,0.0,0.01,2,3,1,40.005
52.6085,1,0.0,0.09,16,3,2,20.045
52.6176,2,0.0,0.09,9,3,1,40.045
52.6254,2,0.0,0.05,9,3,1,40.025
52.6336,2,0.0,0.03,2,3,1,40.015
52.6406,2,0.0,0.3,5,3,1,40.15
52.6477,3,0.0,0.09,21,3,1,60.045
52.6563,2,42.3,2.0,36,3,1,91.75999999999999
52.6627,2,0.0,0.34,24,3,1,40.17
52.6686,2,0.0,0.21,8,3,1,40.105
52.6746,2,0.0,0.03,2,3,1,40.015
52.6789,2,0.0,0.63,60,3,1,40.315
52.6833,2,0.0,0.04,4,3,1,40.02
52.6891,2,0.0,0.73,31,1,1,40.365
52.6942,0,0.0,0.32,29,3,2,0.16
52.698,2,0.0,0.26,31,3,1,40.13
52.7039,2,0.0,0.38,11,3,1,40.19
52.7095,2,0.0,0.0,38,1,1,40.0
52.7145,2,0.0,0.01,17,3,1,40.005
52.72,2,0.0,0.13,11,3,1,40.065
52.725,2,0.0,0.3,5,3,1,40.15
52.73,2,0.0,0.44,48,3,1,40.22
52.7351,2,0.0,0.05,9,3,1,40.025
52.7405,2,0.0,0.08,11,3,1,40.04
52.745,2,0.0,0.07,24,3,1,40.035
52.749,2,0.0,0.11,7,3,1,40.055
52.7544,2,0.0,0.19,2,3,1,40.095
52.7589,2,0.0,0.06,8,3,1,40.03
52.7632,2,0.0,0.01,17,3,1,40.005
52.7674,2,0.0,0.04,3,3,1,40.02
52.7725,0,0.0,1.41,29,3,2,0.705
52.7775,2,0.0,0.04,4,3,1,40.02
52.7825,0,0.0,0.16,29,3,2,0.08
52.788,2,0.0,0.41,29,3,1,40.205
52.793,2,0.0,0.01,2,3,1,40.005
52.798,2,0.0,0.06,9,1,1,40.03
52.8024,2,0.0,0.32,20,3,1,40.16
52.8075,2,0.0,0.19,16,3,1,40.095
52.812,2,0.0,0.08,3,3,1,40.04
52.8159,4,0.0,0.2,15,3,0,80.1
52.8201,2,0.0,0.22,6,3,1,40.11
52.8255,2,0.0,0.07,3,3,1,40.035
52.8296,2,0.0,0.95,16,1,1,40.475
52.8354,2,0.0,1.13,46,3,1,40.565
52.8411,2,0.0,2.51,27,3,1,41.255
52.8459,2,0.0,0.19,7,3,1,40.095
52.8499,2,0.0,0.03,4,3,1,40.015
52.8551,0,0.0,0.08,14,3,2,0.04
52.8614,2,0.0,0.07,8,3,1,40.035
52.8659,2,0.0,0.17,30,3,1,40.085
52.8711,4,0.0,0.07,3,3,0,80.035
52.8767,2,0.0,0.03,3,3,1,40.015
52.8814,2,0.0,0.3,11,3,1,40.15
52.8867,0,0.0,0.12,44,3,2,0.06
52.8927,2,0.0,0.14,11,3,1,40.07
52.8981,2,0.0,0.11,8,3,1,40.055
52.9033,2,0.0,0.19,26,3,1,40.095
52.9095,2,0.0,0.87,17,1,1,40.435
52.9156,2,0.0,0.04,5,3,1,40.02
52.9228,2,0.0,0.2,8,3,1,40.1
52.9292,2,0.0,0.81,26,3,1,40.405
52.9366,2,0.0,0.03,2,3,1,40.015
52.9416,3,0.0,0.21,24,3,1,60.105
52.948,2,0.0,0.05,9,3,1,40.025
52.9526,0,0.0,0.06,28,3,2,0.03
52.9579,0,0.0,1.11,27,3,2,0.555
52.9632,2,0.0,0.08,5,3,1,40.04
52.9673,2,0.0,0.03,19,3,1,40.015
52.9729,2,0.0,0.11,10,3,1,40.055
52.9783,2,0.0,0.19,10,3,1,40.095
52.9841,2,0.0,0.43,5,3,1,40.215
52.9899,3,0.0,0.16,21,3,1,60.08
52.9946,2,0.0,0.3,14,3,1,40.15
52.999,2,0.0,0.27,8,3,1,40.135
53.0046,2,0.0,0.05,2,3,1,40.025
53.01,2,0.0,0.11,11,3,1,40.055
53.0155,2,0.0,0.03,20,3,1,40.015
53.0215,2,0.0,0.15,53,3,1,40.075
53.0265,2,0.0,1.32,40,3,1,40.66
53.0322,2,16.7,3.72,29,3,1,61.9
53.0375,2,0.0,0.07,8,3,1,40.035
53.0424,2,0.0,0.19,10,3,1,40.095
53.047,2,0.0,0.24,10,3,1,40.12
53.0519,2,0.0,0.38,7,3,1,40.19
53.0578,2,0.0,0.65,10,3,1,40.325
53.0622,2,0.0,0.12,8,3,1,40.06
53.0663,3,0.0,0.73,22,3,1,60.365
53.0715,2,0.0,3.12,11,3,1,41.56
53.0765,3,7.9,1.37,19,3,1,70.165
53.0805,2,0.0,0.09,6,3,1,40.045
53.0854,2,0.0,0.11,6,3,1,40.055
53.0914,2,0.0,0.12,6,3,1,40.06
53.0959,2,0.0,0.3,11,3,1,40.15
53.1005,0,0.0,0.13,29,3,2,0.065
53.1065,2,0.0,1.69,13,3,1,40.845
53.1112,2,0.0,2.06,46,3,1,41.03
53.1163,2,0.0,0.0,10,3,1,40.0
53.1218,2,0.0,0.22,2,3,1,40.11
53.1265,2,96.5,0.43,23,3,0,156.01500000000001
53.1307,2,0.0,0.1,8,3,1,40.05
53.1365,0,0.0,0.66,28,3,2,0.33
53.1413,2,0.0,0.52,17,3,1,40.26
53.1453,2,0.0,0.05,8,3,1,40.025
53.1505,2,0.0,0.02,3,3,1,40.01
53.156,0,0.0,1.69,28,3,2,0.845
53.1609,3,0.0,1.03,22,3,1,60.515
53.1649,2,0.0,0.31,25,3,1,40.155
53.169,2,0.0,0.16,6,3,1,40.08
53.1753,0,0.0,1.92,34,3,2,0.96
53.1794,2,0.0,0.04,1,3,1,40.02
53.1842,2,0.0,0.1,15,3,1,40.05
53.192,2,0.0,0.18,10,3,1,40.09
53.207,2,0.0,0.08,11,3,1,40.04
53.2192,2,0.0,0.13,8,3,1,40.065
53.2248,2,0.0,0.66,49,3,1,40.33
53.2313,2,0.0,0.13,8,3,1,40.065
53.2399,2,0.0,0.54,13,3,1,40.27
53.2457,2,0.0,0.52,30,3,1,40.26
54.2517,2,0.0,0.78,47,3,1,40.39
54.2592,2,0.0,0.99,17,3,1,40.495
54.267,2,0.0,0.04,3,3,1,40.02
54.274,2,1.7,1.9,21,3,1,42.99
54.2835,2,0.0,0.02,3,3,1,40.01
54.2908,3,0.0,0.14,6,3,1,60.07
54.2983,2,0.0,0.81,13,3,1,40.405
54.3034,2,0.0,0.09,3,3,1,40.045
54.3082,2,0.0,0.01,2,3,1,40.005
54.313,4,0.0,0.42,18,3,0,80.21
54.318,2,0.0,0.13,10,3,1,40.065
54.3234,2,0.0,0.14,8,3,1,40.07
54.3277,2,0.0,0.01,2,3,1,40.005
54.3329,2,0.0,3.78,79,3,1,41.89
54.3371,2,0.0,0.22,23,3,1,40.11
54.3439,2,0.0,0.24,13,3,1,40.12
54.3495,2,0.0,0.05,6,3,1,40.025
54.3548,2,0.0,0.03,1,3,1,40.015
54.3618,0,0.0,0.09,28,3,2,0.045
54.3661,2,0.0,0.01,2,3,1,40.005
54.3705,1,0.0,0.09,16,3,2,20.045
54.3755,2,0.0,0.09,9,3,1,40.045
54.3809,2,0.0,0.05,9,3,1,40.025
54.3865,2,0.0,0.03,2,3,1,40.015
54.3925,2,0.0,0.3,5,3,1,40.15
54.3963,3,0.0,0.09,21,3,1,60.045
54.4014,2,42.4,2.0,36,3,1,91.88
54.407,2,0.0,0.34,24,3,1,40.17
54.4112,2,0.0,0.21,8,3,1,40.105
54.4153,2,0.0,0.03,2,3,1,40.015
54.4195,2,0.0,0.63,60,3,1,40.315
54.4251,2,0.0,0.04,4,3,1,40.02
54.4291,2,0.0,0.73,31,1,1,40.365
54.4338,0,0.0,0.32,29,3,2,0.16
54.4387,2,0.0,0.26,31,3,1,40.13
54.4436,2,0.0,0.38,11,3,1,40.19
54.4485,2,0.0,0.0,38,1,1,40.0
54.4545,2,0.0,0.01,17,3,1,40.005
54.4611,2,0.0,0.13,11,3,1,40.065
54.4679,2,0.0,0.3,5,3,1,40.15
54.4744,2,0.0,0.44,48,3,1,40.22
54.4785,2,0.0,0.05,9,3,1,40.025
54.4834,2,0.0,0.08,11,3,1,40.04
54.4881,2,0.0,0.07,24,3,1,40.035
54.4926,2,0.0,0.11,7,3,1,40.055
54.4979,2,0.0,0.19,2,3,1,40.095
54.5021,2,0.0,0.06,8,3,1,40.03
54.5078,2,0.0,0.01,17,3,1,40.005
54.512,2,0.0,0.04,3,3,1,40.02
54.5157,0,0.0,1.41,29,3,2,0.705
54.521,2,0.0,0.04,4,3,1,40.02
54.5265,0,0.0,0.16,29,3,2,0.08
54.5298,2,0.0,0.41,29,3,1,40.205
54.5344,2,0.0,0.01,2,3,1,40.005
54.5398,2,0.0,0.06,9,1,1,40.03
54.5445,2,0.0,0.32,20,3,1,40.16
54.5489,2,0.0,0.19,16,3,1,40.095
54.5537,2,0.0,0.08,3,3,1,40.04
54.5589,4,0.0,0.2,15,3,0,80.1
54.5638,2,0.0,0.22,6,3,1,40.11
54.5679,2,0.0,0.07,3,3,1,40.035
54.5735,2,0.0,0.95,16,1,1,40.475
54.5775,2,0.0,1.13,46,3,1,40.565
54.5819,2,0.0,2.51,27,3,1,41.255
54.5873,2,0.0,0.19,7,3,1,40.095
54.5931,2,0.0,0.03,4,3,1,40.015
54.5981,0,0.0,0.08,14,3,2,0.04
54.6036,2,0.0,0.07,8,3,1,40.035
54.6089,2,0.0,0.17,30,3,1,40.085
54.6132,4,0.0,0.07,3,3,0,80.035
54.6174,2,0.0,0.03,3,3,1,40.015
54.6228,2,0.0,0.3,11,3,1,40.15
54.628,0,0.0,0.12,44,3,2,0.06
54.6324,2,0.0,0.14,11,3,1,40.07
54.6366,2,0.0,0.11,8,3,1,40.055
54.6416,2,0.0,0.2,26,3,1,40.1
54.647,2,0.0,0.87,17,1,1,40.435
54.6516,2,0.0,0.04,5,3,1,40.02
54.6579,2,0.0,0.2,8,3,1,40.1
54.6626,2,0.0,0.81,26,3,1,40.405
54.6667,2,0.0,0.03,2,3,1,40.015
54.6728,3,0.0,0.21,24,3,1,60.105
54.678,2,0.0,0.05,9,3,1,40.025
54.6821,0,0.0,0.06,28,3,2,0.03
54.6872,0,0.0,1.11,27,3,2,0.555
54.693,2,0.0,0.08,5,3,1,40.04
54.6978,2,0.0,0.03,19,3,1,40.015
54.7021,2,0.0,0.11,10,3,1,40.055
54.7084,2,0.0,0.19,10,3,1,40.095
54.712,2,0.0,0.43,5,3,1,40.215
54.7161,3,0.0,0.16,21,3,1,60.08
54.7213,2,0.0,0.3,14,3,1,40.15
54.7267,2,0.0,0.27,8,3,1,40.135
54.7302,2,0.0,0.05,2,3,1,40.025
54.7347,2,0.0,0.11,11,3,1,40.055
54.7413,2,0.0,0.03,20,3,1,40.015
54.7458,2,0.0,0.15,53,3,1,40.075
54.7498,2,0.0,1.32,40,3,1,40.66
54.7552,2,32.7,3.74,29,3,1,81.11000000000001
54.7597,2,0.0,0.07,8,3,1,40.035
54.7647,2,0.0,0.19,10,3,1,40.095
54.7698,2,0.0,0.24,10,3,1,40.12
54.7754,2,0.0,0.38,7,3,1,40.19
54.7798,2,0.0,0.65,10,3,1,40.325
54.7846,2,0.0,0.12,8,3,1,40.06
54.7905,3,0.0,0.73,22,3,1,60.365
54.795,2,0.0,3.12,11,3,1,41.56
54.7984,3,16.4,1.37,19,3,1,80.365
54.8037,2,0.0,0.09,6,3,1,40.045
54.8092,2,0.0,0.11,6,3,1,40.055
54.8133,2,0.0,0.12,6,3,1,40.06
54.8174,2,0.0,0.3,11,3,1,40.15
54.8229,0,0.0,0.13,29,3,2,0.065
54.8271,2,0.0,1.69,13,3,1,40.845
54.832,2,0.0,2.06,46,3,1,41.03
54.8375,2,0.0,0.0,10,3,1,40.0
54.8428,2,0.0,0.22,2,3,1,40.11
54.8475,2,96.3,0.43,23,3,0,155.775
54.8519,2,0.0,0.1,8,3,1,40.05
54.8574,0,0.0,0.66,28,3,2,0.33
54.8623,2,0.0,0.52,17,3,1,40.26
54.8664,2,0.0,0.05,8,3,1,40.025
54.8706,2,0.0,0.02,3,3,1,40.01
54.8766,0,0.0,1.69,28,3,2,0.845
54.881,3,0.0,1.03,22,3,1,60.515
54.8859,2,0.0,0.31,25,3,1,40.155
54.8915,2,0.0,0.16,6,3,1,40.08
54.8957,0,0.0,1.92,34,3,2,0.96
54.9005,2,0.0,0.04,1,3,1,40.02
54.9051,2,0.0,0.1,15,3,1,40.05
54.9092,2,0.0,0.18,10,3,1,40.09
54.9136,2,0.0,0.08,11,3,1,40.04
54.9176,2,0.0,0.13,8,3,1,40.065
54.9233,2,0.0,0.66,49,3,1,40.33
54.9284,2,0.0,0.13,8,3,1,40.065
54.9331,2,0.0,0.54,13,3,1,40.27
54.9388,2,0.0,0.52,30,3,1,40.26
55.9501,2,0.0,0.78,47,3,1,40.39
55.9602,2,0.0,0.99,17,3,1,40.495
55.9699,2,0.0,0.04,3,3,1,40.02
55.978,2,1.8,1.9,21,3,1,43.11
55.9833,2,0.0,0.02,3,3,1,40.01
55.9897,3,0.0,0.14,6,3,1,60.07
55.9938,2,0.0,0.81,13,3,1,40.405
55.9985,2,0.0,0.09,3,3,1,40.045
56.0031,2,0.0,0.01,2,3,1,40.005
56.0085,4,0.0,0.42,18,3,0,80.21
56.0139,2,0.0,0.13,10,3,1,40.065
56.019,2,0.0,0.14,8,3,1,40.07
56.0257,2,0.0,0.01,2,3,1,40.005
56.0325,2,0.0,3.78,79,3,1,41.89
56.039,2,0.0,0.22,23,3,1,40.11
56.0451,2,0.0,0.24,13,3,1,40.12
56.0511,2,0.0,0.05,6,3,1,40.025
56.0586,2,0.0,0.03,1,3,1,40.015
56.0654,0,0.0,0.09,28,3,2,0.045
56.0726,2,0.0,0.01,2,3,1,40.005
56.0803,1,0.0,0.09,16,3,2,20.045
56.0862,2,0.0,0.09,9,3,1,40.045
56.0903,2,0.0,0.05,9,3,1,40.025
56.0947,2,0.0,0.03,2,3,1,40.015
56.0985,2,0.0,0.3,5,3,1,40.15
56.1042,3,0.0,0.09,21,3,1,60.045
56.1086,2,40.9,2.0,36,3,1,90.08
56.1122,2,0.0,0.34,24,3,1,40.17
56.1176,2,0.0,0.21,8,3,1,40.105
56.1234,2,0.0,0.03,2,3,1,40.015
56.1276,2,0.0,0.63,60,3,1,40.315
56.1325,2,0.0,0.04,4,3,1,40.02
56.1367,2,0.0,0.73,31,1,1,40.365
56.1419,0,0.0,0.32,29,3,2,0.16
56.1462,2,0.0,0.26,31,3,1,40.13
56.1501,2,0.0,0.38,11,3,1,40.19
56.1557,2,0.0,0.0,38,1,1,40.0
56.1611,2,0.0,0.01,17,3,1,40.005
56.1673,2,0.0,0.13,11,3,1,40.065
56.1728,2,0.0,0.3,5,3,1,40.15
56.1782,2,0.0,0.44,48,3,1,40.22
56.1823,2,0.0,0.05,9,3,1,40.025
56.1876,2,0.0,0.08,11,3,1,40.04
56.1931,2,0.0,0.07,24,3,1,40.035
56.1982,2,0.0,0.11,7,3,1,40.055
56.2041,2,0.0,0.19,2,3,1,40.095
56.2086,2,0.0,0.06,8,3,1,40.03
56.2126,2,0.0,0.01,17,3,1,40.005
56.2184,2,0.0,0.04,3,3,1,40.02
56.227,0,0.0,1.41,29,3,2,0.705
56.2361,2,0.0,0.04,4,3,1,40.02
56.2485,0,0.0,0.16,29,3,2,0.08
56.2543,2,2.7,0.41,35,3,1,43.445
56.2587,2,0.0,0.01,2,3,1,40.005
56.263,2,0.0,0.06,9,1,1,40.03
56.2679,2,0.0,0.32,20,3,1,40.16
56.2727,2,0.0,0.19,16,3,1,40.095
56.2771,2,0.0,0.08,3,3,1,40.04
56.2817,4,0.0,0.2,15,3,0,80.1
56.286,2,0.0,0.22,6,3,1,40.11
56.2909,2,0.0,0.07,3,3,1,40.035
56.295,2,0.0,0.95,16,1,1,40.475
56.2995,2,0.0,1.13,46,3,1,40.565
56.3049,2,0.0,2.5,27,3,1,41.25
56.3089,2,0.0,0.19,7,3,1,40.095
56.3131,2,0.0,0.03,4,3,1,40.015
56.3172,0,0.0,0.08,14,3,2,0.04
56.323,2,0.0,0.07,8,3,1,40.035
56.3279,2,0.0,0.17,30,3,1,40.085
56.3325,4,0.0,0.07,3,3,0,80.035
56.3367,2,0.0,0.03,3,3,1,40.015
56.3412,2,0.0,0.3,11,3,1,40.15
56.3453,0,0.0,0.12,44,3,2,0.06
56.3491,2,0.0,0.14,11,3,1,40.07
56.3543,2,0.0,0.11,8,3,1,40.055
56.3594,2,0.0,0.2,26,3,1,40.1
56.3632,2,0.0,0.87,17,1,1,40.435
56.368,2,0.0,0.04,5,3,1,40.02
56.3744,2,0.0,0.2,8,3,1,40.1
56.3797,2,0.0,0.81,26,3,1,40.405
56.383,2,0.0,0.03,2,3,1,40.015
56.3889,3,0.0,0.21,24,3,1,60.105
56.3932,2,0.0,0.05,9,3,1,40.025
56.3978,0,0.0,0.06,28,3,2,0.03
56.4021,0,0.0,1.11,27,3,2,0.555
56.4067,2,0.0,0.08,5,3,1,40.04
56.4116,2,0.0,0.03,19,3,1,40.015
56.4159,2,0.0,0.11,10,3,1,40.055
56.4221,2,0.0,0.19,10,3,1,40.095
56.4274,2,0.0,0.43,5,3,1,40.215
56.4321,3,0.0,0.16,21,3,1,60.08
56.4382,2,0.0,0.3,14,3,1,40.15
56.4432,2,0.0,0.27,8,3,1,40.135
56.4483,2,0.0,0.05,2,3,1,40.025
56.455,2,0.0,0.11,11,3,1,40.055
56.4632,2,0.0,0.03,20,3,1,40.015
56.4681,2,0.0,0.15,53,3,1,40.075
56.4736,2,0.0,1.32,40,3,1,40.66
56.4788,2,31.8,3.67,29,3,1,79.99499999999999
56.4834,2,0.0,0.07,8,3,1,40.035
56.489,2,0.0,0.19,10,3,1,40.095
56.4934,2,0.0,0.24,10,3,1,40.12
56.4975,2,0.0,0.38,7,3,1,40.19
56.5017,2,0.0,0.65,10,3,1,40.325
56.5071,2,0.0,0.12,8,3,1,40.06
56.512,3,0.0,0.73,22,3,1,60.365
56.5166,2,0.0,3.12,11,3,1,41.56
56.5219,3,10.9,1.37,19,3,1,73.765
56.5272,2,0.0,0.09,6,3,1,40.045
56.5319,2,0.0,0.11,6,3,1,40.055
56.5364,2,0.0,0.12,6,3,1,40.06
56.5418,2,0.0,0.3,11,3,1,40.15
56.5459,0,0.0,0.13,29,3,2,0.065
56.5494,2,0.0,1.69,13,3,1,40.845
56.5557,2,0.0,2.06,46,3,1,41.03
56.5613,2,0.0,0.0,10,3,1,40.0
56.5681,2,0.0,0.22,2,3,1,40.11
56.5734,2,95.5,0.43,23,3,0,154.815
56.5793,2,0.0,0.1,8,3,1,40.05
56.5853,0,0.0,0.66,28,3,2,0.33
56.5906,2,0.0,0.52,17,3,1,40.26
56.5958,2,0.0,0.05,8,3,1,40.025
56.5994,2,0.0,0.02,3,3,1,40.01
56.605,0,0.0,1.69,28,3,2,0.845
56.6087,3,0.0,1.03,22,3,1,60.515
56.6136,2,0.0,0.31,25,3,1,40.155
56.6187,2,0.0,0.16,6,3,1,40.08
56.6247,0,0.0,1.92,34,3,2,0.96
56.6304,2,0.0,0.04,1,3,1,40.02
56.636,2,0.0,0.1,15,3,1,40.05
56.6404,2,0.0,0.18,10,3,1,40.09
56.6456,2,0.0,0.08,11,3,1,40.04
56.6495,2,0.0,0.13,8,3,1,40.065
56.6544,2,0.0,0.66,49,3,1,40.33
56.6589,2,0.0,0.13,8,3,1,40.065
56.6632,2,0.0,0.54,13,3,1,40.27
56.6683,2,0.0,0.52,30,3,1,40.26
57.676,2,0.0,0.78,47,3,1,40.39
57.6852,2,0.0,0.99,17,3,1,40.495
57.6929,2,0.0,0.04,3,3,1,40.02
57.7024,2,3.6,1.9,21,3,1,45.27
57.7098,2,0.0,0.02,2,3,1,40.01
57.7189,3,0.0,0.14,6,3,1,60.07
57.7255,2,0.0,0.81,10,3,1,40.405
57.7341,2,0.0,0.09,3,3,1,40.045
57.7409,2,0.0,0.01,2,3,1,40.005
57.7469,4,0.0,0.42,18,3,0,80.21
57.7527,2,0.0,0.13,10,3,1,40.065
57.7587,2,0.0,0.14,8,3,1,40.07
57.7665,2,0.0,0.01,2,3,1,40.005
57.7815,2,0.0,3.78,79,3,1,41.89
57.7878,2,0.0,0.22,23,3,1,40.11
57.7927,2,0.0,0.24,12,3,1,40.12
57.7975,2,0.0,0.05,6,3,1,40.025
57.8021,2,0.0,0.03,1,3,1,40.015
57.8072,0,0.0,0.09,28,3,2,0.045
57.812,2,0.0,0.01,2,3,1,40.005
57.8161,1,0.0,0.09,16,3,2,20.045
57.822,2,0.0,0.09,9,3,1,40.045
57.8266,2,0.0,0.05,9,3,1,40.025
57.831,2,0.0,0.03,2,3,1,40.015
57.8366,2,0.0,0.3,5,3,1,40.15
57.8421,3,0.0,0.09,21,3,1,60.045
57.8454,2,40.5,2.0,33,3,1,89.6
57.8502,2,0.0,0.34,24,3,1,40.17
57.8552,2,0.0,0.21,7,3,1,40.105
57.8605,2,0.0,0.03,2,3,1,40.015
57.8646,2,0.0,0.63,60,3,1,40.315
57.8709,2,0.0,0.04,3,3,1,40.02
57.8764,2,0.0,0.73,31,1,1,40.365
57.8802,0,0.0,0.32,28,3,2,0.16
57.886,2,0.0,0.26,30,3,1,40.13
57.8909,2,0.0,0.38,11,3,1,40.19
57.8949,2,0.0,0.0,38,1,1,40.0
57.8994,2,0.0,0.01,17,3,1,40.005
57.9061,2,0.0,0.13,11,3,1,40.065
57.9119,2,0.0,0.3,5,3,1,40.15
57.9179,2,0.0,0.44,48,3,1,40.22
57.9241,2,0.0,0.05,9,3,1,40.025
57.9291,2,0.0,0.08,11,3,1,40.04
57.9331,2,0.0,0.07,23,3,1,40.035
57.9383,2,0.0,0.11,7,3,1,40.055
57.9446,2,0.0,0.19,2,3,1,40.095
57.9482,2,0.0,0.06,8,3,1,40.03
57.9526,2,0.0,0.01,17,3,1,40.005
57.9576,2,0.0,0.04,3,3,1,40.02
57.9616,0,0.0,1.41,29,3,2,0.705
57.9652,2,0.0,0.04,4,3,1,40.02
57.9717,0,0.0,0.16,29,3,2,0.08
57.9772,2,0.0,0.41,35,3,1,40.205
57.9811,2,0.0,0.01,2,3,1,40.005
57.9871,2,0.0,0.06,9,1,1,40.03
57.9918,2,0.0,0.32,20,3,1,40.16
57.9978,2,0.0,0.19,16,3,1,40.095
58.0052,2,0.0,0.08,3,3,1,40.04
58.0123,4,0.0,0.2,15,3,0,80.1
58.0186,2,0.0,0.22,5,3,1,40.11
58.0246,2,0.0,0.07,2,3,1,40.035
58.0304,2,0.0,0.95,16,1,1,40.475
58.0373,2,0.0,1.13,46,3,1,40.565
58.0433,2,0.0,2.5,27,3,1,41.25
58.0483,2,0.0,0.19,7,3,1,40.095
58.0532,2,0.0,0.03,4,3,1,40.015
58.0577,0,0.0,0.08,14,3,2,0.04
58.0634,2,0.0,0.07,8,3,1,40.035
58.0703,2,0.0,0.17,30,3,1,40.085
58.0757,4,0.0,0.07,3,3,0,80.035
58.082,2,0.0,0.03,3,3,1,40.015
58.0899,2,0.0,0.3,11,3,1,40.15
58.0969,0,0.0,0.12,44,3,2,0.06
58.1049,2,0.0,0.14,11,3,1,40.07
58.1118,2,0.0,0.11,8,3,1,40.055
58.116,2,0.0,0.19,26,3,1,40.095
58.1203,2,0.0,0.87,17,1,1,40.435
58.1281,2,0.9,0.04,5,3,1,41.1
58.132,2,0.0,0.2,8,3,1,40.1
58.1375,2,0.0,0.81,26,3,1,40.405
58.1427,2,0.0,0.03,2,3,1,40.015
58.1497,3,0.0,0.21,24,3,1,60.105
58.1566,2,0.0,0.05,8,3,1,40.025
58.1638,0,0.0,0.06,27,3,2,0.03
58.1692,0,0.0,1.11,27,3,2,0.555
58.1749,2,0.0,0.08,5,3,1,40.04
58.1825,2,0.0,0.03,19,3,1,40.015
58.1883,2,0.0,0.11,9,3,1,40.055
58.1947,2,0.0,0.19,10,3,1,40.095
58.2013,2,0.0,0.43,5,3,1,40.215
58.2071,3,0.0,0.16,21,3,1,60.08
58.2127,2,0.0,0.3,14,3,1,40.15
58.2169,2,0.0,0.27,8,3,1,40.135
58.228,2,0.0,0.05,2,3,1,40.025
58.2322,2,0.0,0.11,11,3,1,40.055
58.237,2,0.0,0.03,20,3,1,40.015
58.2414,2,0.0,0.15,53,3,1,40.075
58.2455,2,0.0,1.32,40,3,1,40.66
58.2492,2,23.7,3.67,29,3,1,70.27499999999999
58.2541,2,0.0,0.07,8,3,1,40.035
58.2581,2,0.0,0.19,10,3,1,40.095
58.2632,2,0.0,0.24,10,3,1,40.12
58.2685,2,0.0,0.38,7,3,1,40.19
58.2738,2,0.0,0.65,10,3,1,40.325
58.2788,2,0.0,0.12,8,3,1,40.06
58.2838,3,0.0,0.73,22,3,1,60.365
58.2905,2,0.0,3.12,11,3,1,41.56
58.296,3,7.0,1.37,19,3,1,69.08500000000001
58.302,2,0.0,0.09,6,3,1,40.045
58.3062,2,0.0,0.11,6,3,1,40.055
58.3098,2,0.0,0.12,6,3,1,40.06
58.315,2,0.0,0.3,11,3,1,40.15
58.3209,0,0.0,0.13,29,3,2,0.065
58.3253,2,0.0,1.69,13,3,1,40.845
58.3297,2,0.0,2.06,46,3,1,41.03
58.3334,2,0.0,0.0,10,3,1,40.0
58.3389,2,0.0,0.22,2,3,1,40.11
58.3422,2,94.7,0.43,23,3,0,153.855
58.3468,2,0.0,0.1,9,3,1,40.05
58.3503,0,0.0,0.66,28,3,2,0.33
58.3557,2,0.0,0.52,17,3,1,40.26
58.3602,2,0.0,0.05,8,3,1,40.025
58.3645,2,0.0,0.02,3,3,1,40.01
58.3689,0,0.0,1.69,28,3,2,0.845
58.3741,3,0.0,1.03,22,3,1,60.515
58.3783,2,0.0,0.31,25,3,1,40.155
58.3831,2,0.0,0.16,6,3,1,40.08
58.3887,0,0.0,1.92,34,3,2,0.96
58.3929,2,0.0,0.04,1,3,1,40.02
58.3972,2,0.0,0.1,15,3,1,40.05
58.4016,2,0.0,0.18,10,3,1,40.09
58.4067,2,0.0,0.08,11,3,1,40.04
58.4112,2,0.0,0.13,8,3,1,40.065
58.4155,2,0.0,0.66,49,3,1,40.33
58.4236,2,0.0,0.13,8,3,1,40.065
58.434,2,0.0,0.54,13,3,1,40.27
58.4429,2,0.0,0.52,30,3,1,40.26
59.4576,2,0.0,0.78,47,3,1,40.39
59.4663,2,0.0,0.99,17,3,1,40.495
59.4714,2,0.0,0.04,3,3,1,40.02
59.4765,2,0.9,1.9,21,3,1,42.03
59.4801,2,0.0,0.02,3,3,1,40.01
59.4856,3,0.0,0.14,6,3,1,60.07
59.4907,2,0.0,0.81,10,3,1,40.405
59.4949,2,0.0,0.09,3,3,1,40.045
59.4994,2,0.0,0.01,2,3,1,40.005
59.5044,4,0.0,0.42,18,3,0,80.21
59.509,2,0.0,0.13,10,3,1,40.065
59.5128,2,0.0,0.14,8,3,1,40.07
59.5179,2,0.0,0.01,2,3,1,40.005
59.5223,2,0.0,3.78,79,3,1,41.89
59.5285,2,0.0,0.22,23,3,1,40.11
59.5334,2,0.0,0.24,12,3,1,40.12
59.5383,2,0.0,0.05,6,3,1,40.025
59.5436,2,0.0,0.03,1,3,1,40.015
59.5482,0,0.0,0.09,28,3,2,0.045
59.5551,2,0.0,0.01,2,3,1,40.005
59.5619,1,0.0,0.09,16,3,2,20.045
59.5676,2,0.0,0.09,9,3,1,40.045
59.5746,2,0.0,0.05,9,3,1,40.025
59.5806,2,0.0,0.03,2,3,1,40.015
59.5875,2,0.0,0.3,5,3,1,40.15
59.5931,3,0.0,0.09,21,3,1,60.045
59.5988,2,42.9,2.0,33,3,1,92.47999999999999
59.606,2,0.0,0.34,24,3,1,40.17
59.6128,2,0.0,0.21,8,3,1,40.105
59.6182,2,0.0,0.03,2,3,1,40.015
59.6236,2,0.0,0.63,60,3,1,40.315
59.629,2,0.0,0.04,4,3,1,40.02
59.6334,2,0.0,0.73,31,1,1,40.365
59.6392,0,0.0,0.32,29,3,2,0.16
59.6443,2,0.0,0.26,31,3,1,40.13
59.6495,2,0.0,0.38,11,3,1,40.19
59.6558,2,0.0,0.0,38,1,1,40.0
59.6601,2,0.0,0.01,17,3,1,40.005
59.6646,2,0.0,0.13,11,3,1,40.065
59.6699,2,0.0,0.3,5,3,1,40.15
59.6755,2,0.0,0.44,48,3,1,40.22
59.6809,2,0.0,0.05,9,3,1,40.025
59.6853,2,0.0,0.08,11,3,1,40.04
59.6909,2,0.0,0.07,24,3,1,40.035
59.697,2,0.0,0.11,7,3,1,40.055
59.7027,2,0.0,0.19,2,3,1,40.095
59.7083,2,0.0,0.06,8,3,1,40.03
59.7141,2,0.0,0.01,17,3,1,40.005
59.7203,2,0.0,0.04,3,3,1,40.02
59.7273,0,0.0,1.41,29,3,2,0.705
59.7333,2,0.0,0.04,4,3,1,40.02
59.7392,0,0.0,0.16,29,3,2,0.08
59.7446,2,0.0,0.41,35,3,1,40.205
59.7484,2,0.0,0.01,2,3,1,40.005
59.7548,2,0.0,0.06,9,1,1,40.03
59.7603,2,0.0,0.32,20,3,1,40.16
59.7649,2,0.0,0.19,16,3,1,40.095
59.7712,2,0.0,0.08,3,3,1,40.04
59.7762,4,0.0,0.2,15,3,0,80.1
59.7806,2,0.0,0.22,6,3,1,40.11
59.7852,2,0.0,0.07,3,3,1,40.035
59.791,2,0.0,0.95,16,1,1,40.475
59.795,2,0.0,1.13,46,3,1,40.565
59.7995,2,0.0,2.5,27,3,1,41.25
59.8063,2,0.0,0.19,7,3,1,40.095
59.8108,2,0.0,0.03,4,3,1,40.015
59.8148,0,0.0,0.08,14,3,2,0.04
59.8216,2,0.0,0.07,8,3,1,40.035
59.8267,2,0.0,0.17,30,3,1,40.085
59.8335,4,0.0,0.07,3,3,0,80.035
59.8385,2,0.0,0.03,3,3,1,40.015
59.844,2,0.0,0.3,11,3,1,40.15
59.8487,0,0.0,0.12,44,3,2,0.06
59.8543,2,0.0,0.14,11,3,1,40.07
59.8596,2,0.0,0.11,8,3,1,40.055
59.8652,2,0.0,0.2,26,3,1,40.1
59.8707,2,0.0,0.87,17,1,1,40.435
59.8757,2,0.0,0.04,5,3,1,40.02
59.8809,2,0.0,0.2,8,3,1,40.1
59.8862,2,0.0,0.79,26,3,1,40.395
59.8918,2,0.0,0.03,2,3,1,40.015
59.8972,3,0.0,0.21,24,3,1,60.105
59.9018,2,0.0,0.05,9,3,1,40.025
59.9068,0,0.0,0.06,28,3,2,0.03
59.9121,0,0.0,1.11,27,3,2,0.555
59.9174,2,0.0,0.08,5,3,1,40.04
59.9227,2,0.0,0.03,19,3,1,40.015
59.9282,2,0.0,0.11,10,3,1,40.055
59.9333,2,0.0,0.19,10,3,1,40.095
59.9389,2,0.0,0.43,5,3,1,40.215
59.9434,3,0.0,0.16,21,3,1,60.08
59.9472,2,0.0,0.3,14,3,1,40.15
59.9518,2,0.0,0.27,8,3,1,40.135
59.9558,2,0.0,0.05,2,3,1,40.025
59.9614,2,0.0,0.11,11,3,1,40.055
59.9657,2,0.0,0.03,20,3,1,40.015
59.971,2,0.0,0.15,53,3,1,40.075
59.9762,2,0.0,1.32,40,3,1,40.66
59.9808,2,35.4,3.74,29,3,1,84.35
59.9845,2,0.0,0.07,8,3,1,40.035
59.989,2,0.0,0.19,10,3,1,40.095
59.9932,2,0.0,0.24,10,3,1,40.12
59.9968,2,0.0,0.38,7,3,1,40.19
60.0018,2,0.0,0.65,10,3,1,40.325
60.0071,2,0.0,0.12,8,3,1,40.06
60.0113,3,0.0,0.73,22,3,1,60.365
60.015,2,0.0,3.12,11,3,1,41.56
60.0208,3,7.3,1.37,19,3,1,69.44500000000001
60.0259,2,0.0,0.09,6,3,1,40.045
60.0303,2,0.0,0.11,6,3,1,40.055
60.0361,2,0.0,0.12,6,3,1,40.06
60.0416,2,0.0,0.3,11,3,1,40.15
60.0472,0,0.0,0.13,29,3,2,0.065
60.0519,2,0.0,1.69,13,3,1,40.845
60.0572,2,0.0,2.06,46,3,1,41.03
60.0623,2,0.0,0.0,10,3,1,40.0
60.0657,2,0.0,0.22,2,3,1,40.11
60.0717,2,97.3,0.43,23,3,0,156.975
60.076,2,0.0,0.1,8,3,1,40.05
60.0805,0,0.0,0.66,28,3,2,0.33
60.0871,2,0.0,0.52,17,3,1,40.26
60.0926,2,0.0,0.05,8,3,1,40.025
60.0992,2,0.0,0.02,3,3,1,40.01
60.1036,0,0.0,1.69,28,3,2,0.845
60.1095,3,0.0,1.03,22,3,1,60.515
60.1144,2,0.0,0.31,25,3,1,40.155
60.1192,2,0.0,0.16,6,3,1,40.08
60.1245,0,0.0,1.92,34,3,2,0.96
60.1291,2,0.0,0.04,1,3,1,40.02
60.134,2,0.0,0.1,15,3,1,40.05
60.1384,2,0.0,0.18,10,3,1,40.09
60.1433,2,0.0,0.08,11,3,1,40.04
60.1468,2,0.0,0.13,8,3,1,40.065
60.1517,2,0.0,0.67,49,3,1,40.335
60.1573,2,0.0,0.13,8,3,1,40.065
60.162,2,0.0,0.54,13,3,1,40.27
60.1666,2,0.0,0.52,30,3,1,40.26
61.1743,2,0.0,0.78,47,3,1,40.39
61.1833,2,0.0,0.99,17,3,1,40.495
61.1908,2,0.0,0.04,3,3,1,40.02
61.2,2,2.7,1.9,21,3,1,44.190000000000005
61.2063,2,0.0,0.02,3,3,1,40.01
61.2171,3,0.0,0.14,6,3,1,60.07
61.2252,2,0.0,0.81,10,3,1,40.405
61.2356,2,0.0,0.09,3,3,1,40.045
61.2453,2,0.0,0.01,2,3,1,40.005
61.2527,4,0.0,0.42,18,3,0,80.21
61.2587,2,0.0,0.13,10,3,1,40.065
61.2631,2,0.0,0.14,8,3,1,40.07
61.2672,2,0.0,0.01,2,3,1,40.005
61.2737,2,0.0,3.78,79,3,1,41.89
61.2781,2,0.0,0.22,23,3,1,40.11
61.2839,2,0.0,0.24,12,3,1,40.12
61.2888,2,0.0,0.05,6,3,1,40.025
61.2945,2,0.0,0.03,1,3,1,40.015
61.2998,0,0.0,0.09,28,3,2,0.045
61.3057,2,0.0,0.01,2,3,1,40.005
61.3099,1,0.0,0.09,16,3,2,20.045
61.3151,2,0.0,0.09,9,3,1,40.045
61.3201,2,0.0,0.05,9,3,1,40.025
61.3254,2,0.0,0.03,2,3,1,40.015
61.3297,2,0.0,0.3,5,3,1,40.15
61.3344,3,0.0,0.09,21,3,1,60.045
61.3394,2,42.4,2.0,33,3,1,91.88
61.3453,2,0.0,0.34,24,3,1,40.17
61.3521,2,0.0,0.21,8,3,1,40.105
61.3641,2,0.0,0.03,2,3,1,40.015
61.3722,2,0.0,0.63,60,3,1,40.315
61.3834,2,0.0,0.04,4,3,1,40.02
61.3879,2,0.0,0.73,31,1,1,40.365
61.3932,0,0.0,0.32,29,3,2,0.16
61.397,2,0.0,0.26,31,3,1,40.13
61.4005,2,0.0,0.38,11,3,1,40.19
61.4048,2,0.0,0.0,38,1,1,40.0
61.4099,2,0.0,0.01,17,3,1,40.005
61.4138,2,0.0,0.13,11,3,1,40.065
61.418,2,0.0,0.3,5,3,1,40.15
61.4231,2,0.0,0.44,48,3,1,40.22
61.4271,2,0.0,0.05,9,3,1,40.025
61.4309,2,0.0,0.08,11,3,1,40.04
61.4358,2,0.0,0.07,24,3,1,40.035
61.4396,2,0.0,0.11,7,3,1,40.055
61.4437,2,0.0,0.19,2,3,1,40.095
61.4484,2,0.0,0.06,8,3,1,40.03
61.4536,2,0.0,0.01,17,3,1,40.005
61.4581,2,0.0,0.04,3,3,1,40.02
61.4621,0,0.0,1.41,29,3,2,0.705
61.4672,2,0.0,0.04,4,3,1,40.02
61.4721,0,0.0,0.16,29,3,2,0.08
61.4763,2,0.0,0.41,35,3,1,40.205
61.4809,2,0.0,0.01,2,3,1,40.005
61.4854,2,0.0,0.06,9,1,1,40.03
61.4909,2,0.0,0.32,20,3,1,40.16
61.4951,2,0.0,0.19,16,3,1,40.095
61.5003,2,0.0,0.08,3,3,1,40.04
61.5151,4,0.0,0.2,15,3,0,80.1
61.5204,2,0.0,0.22,6,3,1,40.11
61.5258,2,0.0,0.07,3,3,1,40.035
61.5303,2,0.0,0.95,16,1,1,40.475
61.5361,2,0.0,1.13,46,3,1,40.565
61.5416,2,0.0,2.5,27,3,1,41.25
61.5489,2,0.0,0.19,7,3,1,40.095
61.5558,2,0.0,0.03,4,3,1,40.015
61.561,0,0.0,0.08,14,3,2,0.04
61.5652,2,0.0,0.07,8,3,1,40.035
61.5706,2,0.0,0.17,30,3,1,40.085
61.5745,4,0.0,0.07,3,3,0,80.035
61.5787,2,0.0,0.03,3,3,1,40.015
61.584,2,0.0,0.3,11,3,1,40.15
61.5884,0,0.0,0.12,44,3,2,0.06
61.5928,2,0.0,0.14,11,3,1,40.07
61.597,2,0.0,0.11,8,3,1,40.055
61.6014,2,0.0,0.19,26,3,1,40.095
61.606,2,0.0,0.87,17,1,1,40.435
61.6103,2,0.0,0.04,5,3,1,40.02
61.6153,2,0.0,0.2,8,3,1,40.1
61.6207,2,0.0,0.79,26,3,1,40.395
61.6249,2,0.0,0.03,2,3,1,40.015
61.6295,3,0.0,0.21,24,3,1,60.105
61.6356,2,0.0,0.05,9,3,1,40.025
61.6399,0,0.0,0.06,28,3,2,0.03
61.6441,0,0.0,1.11,27,3,2,0.555
61.6482,2,0.0,0.08,5,3,1,40.04
61.6538,2,0.0,0.03,19,3,1,40.015
61.6587,2,0.0,0.11,10,3,1,40.055
61.6634,2,0.0,0.19,10,3,1,40.095
61.6689,2,0.0,0.43,5,3,1,40.215
61.674,3,0.0,0.16,21,3,1,60.08
61.6786,2,0.0,0.3,14,3,1,40.15
61.6829,2,0.0,0.27,8,3,1,40.135
61.6887,2,0.0,0.05,2,3,1,40.025
61.6953,2,0.0,0.11,11,3,1,40.055
61.7027,2,0.0,0.03,20,3,1,40.015
61.7094,2,0.0,0.15,53,3,1,40.075
61.7148,2,0.0,1.32,40,3,1,40.66
61.7205,2,29.5,3.69,29,3,1,77.245
61.7251,2,0.0,0.07,8,3,1,40.035
61.7292,2,0.0,0.19,10,3,1,40.095
61.7347,2,0.0,0.24,10,3,1,40.12
61.74,2,0.0,0.38,7,3,1,40.19
61.7444,2,0.0,0.65,10,3,1,40.325
61.7483,2,0.0,0.12,8,3,1,40.06
61.7533,3,0.0,0.73,22,3,1,60.365
61.7578,2,0.0,3.12,11,3,1,41.56
61.7632,3,12.5,1.37,19,3,1,75.685
61.7685,2,0.0,0.09,6,3,1,40.045
61.7752,2,0.0,0.11,6,3,1,40.055
61.7798,2,0.0,0.12,6,3,1,40.06
61.7855,2,0.0,0.3,11,3,1,40.15
61.7908,0,0.0,0.13,29,3,2,0.065
61.796,2,0.0,1.69,13,3,1,40.845
61.8014,2,0.0,2.06,46,3,1,41.03
61.8079,2,0.0,0.0,10,3,1,40.0
61.813,2,0.0,0.22,2,3,1,40.11
61.8184,2,97.3,0.43,23,3,0,156.975
61.8244,2,0.0,0.1,8,3,1,40.05
61.8303,0,0.0,0.66,28,3,2,0.33
61.838,2,0.0,0.52,17,3,1,40.26
61.8434,2,0.0,0.05,8,3,1,40.025
61.8483,2,0.0,0.02,3,3,1,40.01
61.8531,0,0.0,1.69,28,3,2,0.845
61.8576,3,0.0,1.03,22,3,1,60.515
61.8629,2,0.0,0.31,25,3,1,40.155
61.8682,2,0.0,0.16,6,3,1,40.08
61.8761,0,0.0,1.92,34,3,2,0.96
61.8806,2,0.0,0.04,1,3,1,40.02
61.8864,2,0.0,0.1,15,3,1,40.05
61.8926,2,0.0,0.18,10,3,1,40.09
61.8972,2,0.0,0.08,11,3,1,40.04
61.9042,2,0.0,0.13,8,3,1,40.065
61.9098,2,0.0,0.67,49,3,1,40.335
61.9188,2,0.0,0.13,8,3,1,40.065
61.9275,2,0.0,0.54,13,3,1,40.27
61.9338,2,0.0,0.52,30,3,1,40.26
62.9543,2,0.0,0.78,47,3,1,40.39
62.9635,2,0.0,0.99,17,3,1,40.495
62.9708,2,0.0,0.04,3,3,1,40.02
62.9785,2,0.9,1.9,21,3,1,42.03
62.9864,2,0.0,0.02,3,3,1,40.01
62.9957,3,0.0,0.14,6,3,1,60.07
63.0041,2,0.0,0.81,10,3,1,40.405
63.0136,2,0.0,0.09,3,3,1,40.045
63.0202,2,0.0,0.01,2,3,1,40.005
63.0243,4,0.0,0.42,18,3,0,80.21
63.0289,2,0.0,0.13,10,3,1,40.065
63.0351,2,0.0,0.14,8,3,1,40.07
63.0399,2,0.0,0.01,2,3,1,40.005
63.0445,2,0.0,3.78,79,3,1,41.89
63.0484,2,0.0,0.22,23,3,1,40.11
63.0535,2,0.0,0.24,12,3,1,40.12
63.0578,2,0.0,0.05,6,3,1,40.025
63.0621,2,0.0,0.03,1,3,1,40.015
63.0669,0,0.0,0.09,28,3,2,0.045
63.0719,2,0.0,0.01,2,3,1,40.005
63.0776,1,0.0,0.09,16,3,2,20.045
63.0821,2,0.0,0.09,9,3,1,40.045
63.0877,2,0.0,0.05,9,3,1,40.025
63.0923,2,0.0,0.03,2,3,1,40.015
63.0958,2,0.0,0.3,5,3,1,40.15
63.1021,3,0.0,0.09,21,3,1,60.045
63.1066,2,39.5,2.0,33,3,1,88.4
63.1101,2,0.0,0.34,24,3,1,40.17
63.1149,2,0.0,0.21,8,3,1,40.105
63.12,2,0.0,0.03,2,3,1,40.015
63.125,2,0.0,0.63,60,3,1,40.315
63.1301,2,0.0,0.05,5,3,1,40.025
63.1346,2,0.0,0.73,31,1,1,40.365
63.14,0,0.0,0.32,29,3,2,0.16
63.1436,2,0.0,0.26,31,3,1,40.13
63.1473,2,0.0,0.38,11,3,1,40.19
63.153,2,0.0,0.0,38,1,1,40.0
63.1575,2,0.0,0.01,17,3,1,40.005
63.1612,2,0.0,0.13,11,3,1,40.065
63.165,2,0.0,0.3,5,3,1,40.15
63.1714,2,0.0,0.44,48,3,1,40.22
63.1765,2,0.0,0.05,9,3,1,40.025
63.1809,2,0.0,0.08,11,3,1,40.04
63.1854,2,0.0,0.07,24,3,1,40.035
63.1908,2,0.0,0.11,7,3,1,40.055
63.1948,2,0.0,0.19,2,3,1,40.095
63.1981,2,0.0,0.06,8,3,1,40.03
63.2033,2,0.0,0.01,17,3,1,40.005
63.2069,2,0.0,0.04,3,3,1,40.02
63.2117,0,0.0,1.41,29,3,2,0.705
63.2163,2,0.0,0.04,4,3,1,40.02
63.2221,0,0.0,0.16,29,3,2,0.08
63.2267,2,0.0,0.41,35,3,1,40.205
63.2314,2,0.0,0.01,2,3,1,40.005
63.2367,2,0.0,0.06,9,1,1,40.03
63.2405,2,0.0,0.32,20,3,1,40.16
63.2449,2,0.0,0.19,16,3,1,40.095
63.2484,2,0.0,0.08,3,3,1,40.04
63.2545,4,0.0,0.2,15,3,0,80.1
63.2585,2,0.0,0.22,6,3,1,40.11
63.2633,2,0.0,0.07,3,3,1,40.035
63.2687,2,0.0,0.95,16,1,1,40.475
63.2737,2,0.0,1.13,46,3,1,40.565
63.2778,2,0.0,2.5,27,3,1,41.25
63.2826,2,0.0,0.19,7,3,1,40.095
63.2882,2,0.0,0.03,4,3,1,40.015
63.2924,0,0.0,0.08,14,3,2,0.04
63.2955,2,0.0,0.07,8,3,1,40.035
63.3008,2,0.0,0.17,30,3,1,40.085
63.3048,4,0.0,0.07,3,3,0,80.035
63.3088,2,0.0,0.03,3,3,1,40.015
63.3135,2,0.0,0.3,11,3,1,40.15
63.3188,0,0.0,0.12,44,3,2,0.06
63.3234,2,0.0,0.14,11,3,1,40.07
63.3284,2,0.0,0.11,8,3,1,40.055
63.3324,2,0.0,0.19,26,3,1,40.095
63.3372,2,0.0,0.87,17,1,1,40.435
63.3415,2,0.0,0.04,5,3,1,40.02
63.3469,2,0.0,0.2,8,3,1,40.1
63.3511,2,0.0,0.79,26,3,1,40.395
63.3564,2,0.0,0.03,2,3,1,40.015
63.3615,3,0.0,0.21,24,3,1,60.105
63.3665,2,0.0,0.05,9,3,1,40.025
63.3708,0,0.0,0.06,28,3,2,0.03
63.3759,0,0.0,1.11,27,3,2,0.555
63.3833,2,0.0,0.08,5,3,1,40.04
63.3888,2,0.0,0.03,19,3,1,40.015
63.3949,2,0.0,0.11,10,3,1,40.055
63.4059,2,0.0,0.19,10,3,1,40.095
63.4141,2,0.0,0.43,5,3,1,40.215
63.4256,3,0.0,0.16,21,3,1,60.08
63.4322,2,0.0,0.3,14,3,1,40.15
63.4376,2,0.0,0.27,8,3,1,40.135
63.4448,2,0.0,0.05,2,3,1,40.025
63.4509,2,0.0,0.11,11,3,1,40.055
63.4607,2,0.0,0.03,20,3,1,40.015
63.4723,2,0.0,0.15,53,3,1,40.075
63.4782,2,0.9,1.33,40,3,1,41.745
63.4843,2,13.3,3.69,29,3,1,57.805
63.4905,2,0.0,0.07,8,3,1,40.035
63.4959,2,0.0,0.19,10,3,1,40.095
63.5015,2,0.0,0.24,10,3,1,40.12
63.506,2,0.0,0.38,7,3,1,40.19
63.5111,2,0.0,0.65,10,3,1,40.325
63.5196,2,0.0,0.12,8,3,1,40.06
63.5313,3,0.0,0.73,22,3,1,60.365
63.5429,2,0.0,3.12,11,3,1,41.56
63.557,3,13.2,1.37,19,3,1,76.525
63.5645,2,0.0,0.09,6,3,1,40.045
63.57,2,0.0,0.11,6,3,1,40.055
63.5749,2,0.0,0.12,6,3,1,40.06
63.5799,2,0.0,0.3,11,3,1,40.15
63.5858,0,0.0,0.13,29,3,2,0.065
63.5906,2,0.0,1.69,13,3,1,40.845
63.5957,2,0.0,2.06,46,3,1,41.03
63.6013,2,0.0,0.0,10,3,1,40.0
63.6067,2,0.0,0.22,2,3,1,40.11
63.6093,2,95.6,0.43,23,3,0,154.93499999999997
63.6147,2,0.0,0.1,8,3,1,40.05
63.6199,0,0.0,0.66,28,3,2,0.33
63.6249,2,0.0,0.52,17,3,1,40.26
63.6298,2,0.0,0.05,8,3,1,40.025
63.6344,2,0.0,0.02,3,3,1,40.01
63.6392,0,0.0,1.69,28,3,2,0.845
63.6445,3,0.0,1.03,22,3,1,60.515
63.6492,2,0.0,0.31,25,3,1,40.155
63.6541,2,0.0,0.16,6,3,1,40.08
63.6583,0,0.0,1.92,34,3,2,0.96
63.6627,2,0.0,0.04,1,3,1,40.02
63.6686,2,0.0,0.1,15,3,1,40.05
63.6738,2,0.0,0.18,10,3,1,40.09
63.6788,2,0.0,0.08,11,3,1,40.04
63.6834,2,0.0,0.13,8,3,1,40.065
63.689,2,0.9,0.67,49,3,1,41.415
63.6933,2,0.0,0.13,8,3,1,40.065
63.6969,2,0.0,0.54,13,3,1,40.27
63.702,2,0.0,0.52,30,3,1,40.26
64.7175,2,0.0,0.78,47,3,1,40.39
64.725,2,0.0,0.99,17,3,1,40.495
64.7322,2,0.0,0.04,3,3,1,40.02
64.741,2,4.4,1.9,21,3,1,46.230000000000004
64.7499,2,0.0,0.02,3,3,1,40.01
64.7593,3,0.0,0.14,6,3,1,60.07
64.7694,2,0.0,0.81,9,3,1,40.405
64.776,2,0.0,0.09,3,3,1,40.045
64.7827,2,0.0,0.01,2,3,1,40.005
64.7887,4,0.0,0.42,18,3,0,80.21
64.7943,2,0.0,0.13,10,3,1,40.065
64.7986,2,0.0,0.14,8,3,1,40.07
64.804,2,0.0,0.01,2,3,1,40.005
64.8095,2,0.0,3.78,79,3,1,41.89
64.8138,2,0.0,0.22,23,3,1,40.11
64.8195,2,0.0,0.24,12,3,1,40.12
64.8239,2,0.0,0.05,6,3,1,40.025
64.8282,2,0.0,0.03,1,3,1,40.015
64.8324,0,0.0,0.09,28,3,2,0.045
64.838,2,0.0,0.01,2,3,1,40.005
64.8424,1,0.0,0.09,16,3,2,20.045
64.8474,2,0.0,0.09,9,3,1,40.045
64.8517,2,0.0,0.05,9,3,1,40.025
64.8574,2,0.0,0.03,2,3,1,40.015
64.8621,2,0.0,0.3,5,3,1,40.15
64.8663,3,0.0,0.09,21,3,1,60.045
64.8713,2,42.9,2.0,33,3,1,92.47999999999999
64.8758,2,0.0,0.34,24,3,1,40.17
64.8805,2,0.0,0.21,8,3,1,40.105
64.8853,2,0.0,0.03,2,3,1,40.015
64.8906,2,0.0,0.63,60,3,1,40.315
64.8938,2,0.0,0.05,5,3,1,40.025
64.898,2,0.0,0.73,31,1,1,40.365
64.9038,0,0.0,0.32,29,3,2,0.16
64.9088,2,0.0,0.26,31,3,1,40.13
64.9127,2,0.0,0.38,11,3,1,40.19
64.9179,2,0.0,0.0,38,1,1,40.0
64.9244,2,0.0,0.01,17,3,1,40.005
64.9301,2,0.0,0.13,11,3,1,40.065
64.9352,2,0.0,0.3,5,3,1,40.15
64.9406,2,0.0,0.44,48,3,1,40.22
64.9439,2,0.0,0.05,9,3,1,40.025
64.948,2,0.0,0.08,11,3,1,40.04
64.9546,2,0.0,0.07,24,3,1,40.035
64.9592,2,0.0,0.11,7,3,1,40.055
64.9639,2,0.0,0.19,2,3,1,40.095
64.9703,2,0.0,0.06,8,3,1,40.03
64.9754,2,0.0,0.01,17,3,1,40.005
64.9807,2,0.0,0.04,3,3,1,40.02
64.9862,0,0.0,1.41,29,3,2,0.705
64.9904,2,0.0,0.04,4,3,1,40.02
64.9945,0,0.0,0.16,29,3,2,0.08
64.999,2,0.0,0.41,35,3,1,40.205
65.0049,2,0.0,0.01,2,3,1,40.005
65.0095,2,0.0,0.06,9,1,1,40.03
65.0144,2,0.0,0.32,20,3,1,40.16
65.0204,2,0.0,0.19,16,3,1,40.095
65.0248,2,0.0,0.08,3,3,1,40.04
65.0304,4,0.0,0.2,15,3,0,80.1
65.0354,2,0.0,0.22,6,3,1,40.11
65.0407,2,0.0,0.07,3,3,1,40.035
65.0448,2,0.0,0.95,16,1,1,40.475
65.0491,2,0.0,1.13,46,3,1,40.565
65.0549,2,0.0,2.5,27,3,1,41.25
65.0599,2,0.0,0.19,7,3,1,40.095
65.0641,2,0.0,0.03,4,3,1,40.015
65.0694,0,0.0,0.08,14,3,2,0.04
65.0736,2,0.0,0.07,8,3,1,40.035
65.0781,2,0.0,0.17,30,3,1,40.085
65.083,4,0.0,0.07,3,3,0,80.035
65.088,2,0.0,0.03,3,3,1,40.015
65.0925,2,0.0,0.3,12,3,1,40.15
65.097,0,0.0,0.12,44,3,2,0.06
65.1032,2,0.0,0.14,11,3,1,40.07
65.1077,2,0.0,0.11,8,3,1,40.055
65.1124,2,0.0,0.19,26,3,1,40.095
65.1181,2,0.0,0.87,17,1,1,40.435
65.1224,2,0.0,0.04,5,3,1,40.02
65.1274,2,0.0,0.2,8,3,1,40.1
65.1326,2,0.0,0.79,26,3,1,40.395
65.1376,2,0.0,0.03,2,3,1,40.015
65.1415,3,0.0,0.21,24,3,1,60.105
65.1457,2,0.0,0.05,9,3,1,40.025
65.1513,0,0.0,0.06,28,3,2,0.03
65.1559,0,0.0,1.11,27,3,2,0.555
65.1596,2,0.0,0.08,5,3,1,40.04
65.1647,2,0.0,0.03,19,3,1,40.015
65.1687,2,0.0,0.11,10,3,1,40.055
65.1739,2,0.0,0.19,10,3,1,40.095
65.1782,2,0.0,0.43,5,3,1,40.215
65.1832,3,0.0,0.16,21,3,1,60.08
65.188,2,0.0,0.3,14,3,1,40.15
65.1923,2,0.0,0.27,8,3,1,40.135
65.1976,2,0.0,0.05,2,3,1,40.025
65.2032,2,0.0,0.11,11,3,1,40.055
65.2073,2,0.0,0.03,20,3,1,40.015
65.212,2,0.0,0.15,53,3,1,40.075
65.2166,2,0.0,1.32,40,3,1,40.66
65.2218,2,33.3,3.68,29,3,1,81.8
65.227,2,0.0,0.07,8,3,1,40.035
65.2303,2,0.0,0.19,10,3,1,40.095
65.2361,2,0.0,0.24,10,3,1,40.12
65.2403,2,0.0,0.38,7,3,1,40.19
65.246,2,0.0,0.65,10,3,1,40.325
65.2513,2,0.0,0.12,8,3,1,40.06
65.2562,3,0.0,0.73,22,3,1,60.365
65.2604,2,0.0,3.12,11,3,1,41.56
65.2649,3,9.1,1.37,19,3,1,71.605
65.2701,2,0.0,0.09,6,3,1,40.045
65.2742,2,0.0,0.11,6,3,1,40.055
65.2785,2,0.0,0.12,6,3,1,40.06
65.2834,2,0.0,0.3,11,3,1,40.15
65.2886,0,0.0,0.13,29,3,2,0.065
65.2942,2,0.0,1.69,13,3,1,40.845
65.299,2,0.0,2.06,46,3,1,41.03
65.3037,2,0.0,0.0,10,3,1,40.0
65.3087,2,0.0,0.22,2,3,1,40.11
65.3129,2,98.2,0.43,23,3,0,158.055
65.3182,2,0.0,0.1,8,3,1,40.05
65.3226,0,0.0,0.66,28,3,2,0.33
65.3267,2,0.0,0.52,17,3,1,40.26
65.3314,2,0.0,0.05,8,3,1,40.025
65.3361,2,0.0,0.02,3,3,1,40.01
65.3415,0,0.0,1.69,28,3,2,0.845
65.346,3,0.0,1.03,22,3,1,60.515
65.3513,2,0.0,0.31,25,3,1,40.155
65.3574,2,0.0,0.16,6,3,1,40.08
65.3622,0,0.9,1.92,34,3,2,2.04
65.3658,2,0.0,0.04,1,3,1,40.02
65.371,2,0.0,0.1,15,3,1,40.05
65.3752,2,0.0,0.18,10,3,1,40.09
65.3792,2,0.0,0.08,11,3,1,40.04
65.384,2,0.0,0.13,8,3,1,40.065
65.3885,2,0.0,0.67,49,3,1,40.335
65.393,2,0.0,0.13,8,3,1,40.065
65.3972,2,0.0,0.54,13,3,1,40.27
65.4021,2,0.0,0.52,30,3,1,40.26
66.4165,2,0.0,0.78,47,3,1,40.39
66.4238,2,0.0,0.99,17,3,1,40.495
66.4307,2,0.0,0.04,3,3,1,40.02
66.4378,2,1.8,1.9,21,3,1,43.11
66.4455,2,0.0,0.02,3,3,1,40.01
66.4517,3,0.0,0.14,6,3,1,60.07
66.4612,2,0.0,0.81,9,3,1,40.405
66.4677,2,0.0,0.09,3,3,1,40.045
66.4752,2,0.0,0.01,2,3,1,40.005
66.4874,4,0.9,0.42,18,3,0,81.28999999999999
66.496,2,0.0,0.13,10,3,1,40.065
66.5049,2,0.0,0.14,8,3,1,40.07
66.5093,2,0.0,0.01,2,3,1,40.005
66.5149,2,0.0,3.78,79,3,1,41.89
66.5202,2,0.0,0.22,23,3,1,40.11
66.5244,2,0.0,0.24,12,3,1,40.12
66.5286,2,0.0,0.05,6,3,1,40.025
66.534,2,0.0,0.03,1,3,1,40.015
66.5385,0,0.0,0.09,28,3,2,0.045
66.5428,2,0.0,0.01,2,3,1,40.005
66.5474,1,0.0,0.09,16,3,2,20.045
66.5525,2,0.0,0.09,9,3,1,40.045
66.5565,2,0.0,0.05,9,3,1,40.025
66.5595,2,0.0,0.03,2,3,1,40.015
66.5644,2,0.0,0.3,5,3,1,40.15
66.5689,3,0.0,0.09,21,3,1,60.045
66.5739,2,41.3,2.0,33,3,1,90.56
66.5787,2,0.0,0.34,24,3,1,40.17
66.5846,2,0.0,0.21,8,3,1,40.105
66.589,2,0.0,0.03,2,3,1,40.015
66.593,2,0.0,0.63,60,3,1,40.315
66.5981,2,0.0,0.05,5,3,1,40.025
66.6038,2,0.0,0.73,31,1,1,40.365
66.6084,0,0.0,0.32,29,3,2,0.16
66.6126,2,0.0,0.26,31,3,1,40.13
66.6188,2,0.0,0.38,11,3,1,40.19
66.6248,2,0.0,0.0,38,1,1,40.0
66.6298,2,0.0,0.01,17,3,1,40.005
66.6356,2,0.0,0.13,11,3,1,40.065
66.6404,2,0.0,0.3,5,3,1,40.15
66.6445,2,0.0,0.44,48,3,1,40.22
66.6491,2,0.0,0.05,9,3,1,40.025
66.6551,2,0.0,0.08,11,3,1,40.04
66.6594,2,0.0,0.07,24,3,1,40.035
66.6639,2,0.0,0.11,7,3,1,40.055
66.6694,2,0.0,0.19,2,3,1,40.095
66.6749,2,0.0,0.06,8,3,1,40.03
66.6793,2,0.0,0.01,17,3,1,40.005
66.684,2,0.0,0.04,3,3,1,40.02
66.6886,0,0.0,1.41,29,3,2,0.705
66.6929,2,0.0,0.04,4,3,1,40.02
66.6969,0,0.0,0.16,29,3,2,0.08
66.7028,2,0.0,0.41,35,3,1,40.205
66.7059,2,0.0,0.01,2,3,1,40.005
66.71,2,0.0,0.06,9,1,1,40.03
66.714,2,0.0,0.32,20,3,1,40.16
66.7225,2,0.0,0.19,16,3,1,40.095
66.7279,2,0.0,0.08,3,3,1,40.04
66.7347,4,0.0,0.2,15,3,0,80.1
66.7391,2,0.0,0.22,6,3,1,40.11
66.7433,2,0.0,0.07,3,3,1,40.035
66.7475,2,0.0,0.95,16,1,1,40.475
66.7527,2,0.0,1.13,46,3,1,40.565
66.7568,2,0.0,2.5,27,3,1,41.25
66.7602,2,0.0,0.19,7,3,1,40.095
66.7653,2,0.0,0.03,4,3,1,40.015
66.7706,0,0.0,0.08,14,3,2,0.04
66.775,2,0.0,0.07,8,3,1,40.035
66.7793,2,0.0,0.17,30,3,1,40.085
66.7863,4,0.0,0.07,3,3,0,80.035
66.7909,2,0.0,0.03,3,3,1,40.015
66.7945,2,0.0,0.3,12,3,1,40.15
66.7992,0,0.0,0.12,44,3,2,0.06
66.8042,2,0.0,0.14,11,3,1,40.07
66.8082,2,0.0,0.11,8,3,1,40.055
66.8135,2,0.0,0.19,26,3,1,40.095
66.8198,2,0.0,0.87,17,1,1,40.435
66.8252,2,0.0,0.04,5,3,1,40.02
66.832,2,0.0,0.2,8,3,1,40.1
66.8379,2,0.0,0.79,26,3,1,40.395
66.8432,2,0.0,0.03,2,3,1,40.015
66.8486,3,0.0,0.21,24,3,1,60.105
66.8532,2,0.0,0.05,9,3,1,40.025
66.8579,0,0.0,0.06,28,3,2,0.03
66.862,0,0.0,1.11,27,3,2,0.555
66.8666,2,0.0,0.08,5,3,1,40.04
66.8718,2,0.0,0.03,19,3,1,40.015
66.8774,2,0.0,0.11,10,3,1,40.055
66.8823,2,0.0,0.19,10,3,1,40.095
66.8875,2,0.0,0.43,5,3,1,40.215
66.8917,3,0.0,0.16,21,3,1,60.08
66.896,2,0.0,0.3,14,3,1,40.15
66.9009,2,0.0,0.27,8,3,1,40.135
66.9059,2,0.0,0.05,2,3,1,40.025
66.9106,2,0.0,0.11,11,3,1,40.055
66.9141,2,0.0,0.03,20,3,1,40.015
66.9205,2,0.0,0.15,53,3,1,40.075
66.9259,2,0.0,1.32,40,3,1,40.66
66.9297,2,33.0,3.69,29,3,1,81.445
66.9357,2,0.0,0.07,8,3,1,40.035
66.9399,2,0.0,0.19,10,3,1,40.095
66.9439,2,0.0,0.24,10,3,1,40.12
66.9482,2,0.0,0.38,7,3,1,40.19
66.9528,2,0.0,0.65,10,3,1,40.325
66.9578,2,0.0,0.12,8,3,1,40.06
66.9622,3,0.0,0.73,22,3,1,60.365
66.9686,2,0.0,3.12,11,3,1,41.56
66.9739,3,13.8,1.37,19,3,1,77.245
66.978,2,0.0,0.09,6,3,1,40.045
66.9827,2,0.9,0.11,6,3,1,41.135
66.9879,2,0.0,0.12,6,3,1,40.06
66.9922,2,0.0,0.3,11,3,1,40.15
66.9963,0,0.0,0.13,29,3,2,0.065
67.002,2,0.0,1.69,13,3,1,40.845
67.0061,2,0.0,2.06,46,3,1,41.03
67.0104,2,0.0,0.0,10,3,1,40.0
67.0162,2,0.0,0.22,2,3,1,40.11
67.0215,2,96.3,0.43,23,3,0,155.775
67.0253,2,0.0,0.1,8,3,1,40.05
67.031,0,0.0,0.66,28,3,2,0.33
67.036,2,0.0,0.52,17,3,1,40.26
67.0406,2,0.0,0.05,8,3,1,40.025
67.0446,2,0.0,0.02,3,3,1,40.01
67.0494,0,0.0,1.69,28,3,2,0.845
67.054,3,0.0,1.03,22,3,1,60.515
67.0577,2,0.0,0.31,25,3,1,40.155
67.0627,2,0.0,0.16,6,3,1,40.08
67.0686,0,1.8,1.92,34,3,2,3.12
67.0735,2,0.0,0.04,1,3,1,40.02
67.0781,2,0.0,0.1,15,3,1,40.05
67.083,2,0.0,0.18,10,3,1,40.09
67.0878,2,0.0,0.08,11,3,1,40.04
67.0919,2,0.0,0.13,8,3,1,40.065
67.096,2,0.0,0.67,49,3,1,40.335
67.1015,2,0.0,0.13,8,3,1,40.065
67.1062,2,0.0,0.54,13,3,1,40.27
67.1105,2,0.0,0.52,30,3,1,40.26
68.1307,2,0.0,0.78,47,3,1,40.39
68.1366,2,0.0,0.99,17,3,1,40.495
68.141,2,0.0,0.04,3,3,1,40.02
68.1454,2,1.8,1.9,21,3,1,43.11
68.154,2,0.0,0.02,3,3,1,40.01
68.1627,3,0.0,0.14,6,3,1,60.07
68.1726,2,0.0,0.81,9,3,1,40.405
68.1821,2,0.0,0.09,3,3,1,40.045
68.1892,2,0.0,0.01,2,3,1,40.005
68.1939,4,0.9,0.42,18,3,0,81.28999999999999
68.1987,2,0.0,0.13,10,3,1,40.065
68.2044,2,0.0,0.14,8,3,1,40.07
68.2102,2,0.0,0.01,2,3,1,40.005
68.2178,2,0.0,3.78,79,3,1,41.89
68.2253,2,0.0,0.22,23,3,1,40.11
68.2327,2,0.0,0.24,12,3,1,40.12
68.2394,2,0.0,0.05,6,3,1,40.025
68.2436,2,0.0,0.03,1,3,1,40.015
68.248,0,0.0,0.09,28,3,2,0.045
68.2537,2,0.0,0.01,2,3,1,40.005
68.2588,1,0.0,0.09,16,3,2,20.045
68.2646,2,0.0,0.09,9,3,1,40.045
68.2698,2,0.0,0.05,9,3,1,40.025
68.2743,2,0.0,0.03,2,3,1,40.015
68.2786,2,0.0,0.3,5,3,1,40.15
68.2835,3,0.0,0.09,21,3,1,60.045
68.2881,2,40.0,2.0,33,3,1,89.0
68.2925,2,0.0,0.34,24,3,1,40.17
68.2957,2,0.0,0.21,8,3,1,40.105
68.3022,2,0.0,0.03,2,3,1,40.015
68.3067,2,0.0,0.63,60,3,1,40.315
68.3121,2,0.0,0.05,5,3,1,40.025
68.3177,2,0.0,0.73,31,1,1,40.365
68.3222,0,0.0,0.32,29,3,2,0.16
68.3266,2,0.0,0.26,31,3,1,40.13
68.3312,2,0.9,0.38,11,3,1,41.269999999999996
68.3359,2,0.0,0.0,38,1,1,40.0
68.3402,2,0.0,0.01,17,3,1,40.005
68.3445,2,0.0,0.13,11,3,1,40.065
68.3498,2,0.0,0.3,5,3,1,40.15
68.3549,2,0.0,0.44,48,3,1,40.22
68.3599,2,0.0,0.05,9,3,1,40.025
68.3648,2,0.0,0.08,11,3,1,40.04
68.3704,2,0.0,0.07,24,3,1,40.035
68.3749,2,0.0,0.11,7,3,1,40.055
68.3782,2,0.0,0.19,2,3,1,40.095
68.3841,2,0.0,0.06,8,3,1,40.03
68.3885,2,0.0,0.01,17,3,1,40.005
68.3919,2,0.0,0.04,3,3,1,40.02
68.3978,0,0.0,1.41,29,3,2,0.705
68.4035,2,0.0,0.04,4,3,1,40.02
68.4078,0,0.0,0.16,29,3,2,0.08
68.4128,2,0.0,0.41,35,3,1,40.205
68.4183,2,0.0,0.01,2,3,1,40.005
68.4233,2,0.0,0.06,9,1,1,40.03
68.4289,2,0.0,0.32,20,3,1,40.16
68.4365,2,0.0,0.19,16,3,1,40.095
68.4423,2,0.0,0.08,3,3,1,40.04
68.4487,4,0.0,0.2,15,3,0,80.1
68.4559,2,0.0,0.22,6,3,1,40.11
68.4622,2,0.0,0.07,3,3,1,40.035
68.4696,2,0.0,0.95,16,1,1,40.475
68.4747,2,0.0,1.13,46,3,1,40.565
68.482,2,0.0,2.51,27,3,1,41.255
68.4896,2,0.0,0.19,7,3,1,40.095
68.4945,2,0.0,0.03,4,3,1,40.015
68.4992,0,0.0,0.08,14,3,2,0.04
68.5032,2,0.0,0.07,8,3,1,40.035
68.5079,2,0.0,0.17,30,3,1,40.085
68.5134,4,0.0,0.07,3,3,0,80.035
68.5229,2,0.0,0.03,3,3,1,40.015
68.5346,2,0.0,0.3,12,3,1,40.15
68.5419,0,0.0,0.12,44,3,2,0.06
68.5491,2,0.0,0.14,11,3,1,40.07
68.5577,2,0.0,0.11,8,3,1,40.055
68.5615,2,0.0,0.19,26,3,1,40.095
68.5665,2,0.0,0.87,17,1,1,40.435
68.5709,2,0.9,0.04,5,3,1,41.1
68.5741,2,0.0,0.2,8,3,1,40.1
68.579,2,0.0,0.79,26,3,1,40.395
68.5842,2,0.0,0.03,2,3,1,40.015
68.5885,3,0.0,0.21,24,3,1,60.105
68.5938,2,0.0,0.05,9,3,1,40.025
68.5979,0,0.0,0.06,28,3,2,0.03
68.6027,0,0.0,1.11,27,3,2,0.555
68.6068,2,0.0,0.08,5,3,1,40.04
68.6118,2,0.0,0.03,19,3,1,40.015
68.616,2,0.0,0.11,10,3,1,40.055
68.6215,2,0.0,0.19,10,3,1,40.095
68.6265,2,0.0,0.43,5,3,1,40.215
68.6318,3,0.0,0.16,21,3,1,60.08
68.6372,2,0.0,0.3,14,3,1,40.15
68.6415,2,0.0,0.27,8,3,1,40.135
68.6456,2,0.0,0.05,2,3,1,40.025
68.6513,2,0.0,0.11,11,3,1,40.055
68.6564,2,0.0,0.03,20,3,1,40.015
68.6612,2,0.0,0.15,53,3,1,40.075
68.6683,2,0.0,1.32,40,3,1,40.66
68.6734,2,40.2,3.68,29,3,1,90.08000000000001
68.6788,2,0.0,0.07,8,3,1,40.035
68.6848,2,0.0,0.19,10,3,1,40.095
68.6896,2,0.0,0.24,10,3,1,40.12
68.6949,2,0.0,0.38,7,3,1,40.19
68.7007,2,0.0,0.65,9,3,1,40.325
68.7067,2,0.0,0.12,8,3,1,40.06
68.7121,3,0.0,0.73,22,3,1,60.365
68.7192,2,0.0,3.12,11,3,1,41.56
68.7249,3,5.4,1.37,19,3,1,67.165
68.7289,2,0.0,0.09,6,3,1,40.045
68.7362,2,0.0,0.11,6,3,1,40.055
68.7418,2,0.0,0.12,6,3,1,40.06
68.7462,2,0.0,0.3,11,3,1,40.15
68.7523,0,0.0,0.13,29,3,2,0.065
68.7563,2,0.0,1.69,13,3,1,40.845
68.7617,2,0.0,2.06,46,3,1,41.03
68.7663,2,0.0,0.0,10,3,1,40.0
68.7712,2,0.0,0.22,2,3,1,40.11
68.7746,2,95.5,0.43,23,3,0,154.815
68.7791,2,0.0,0.1,8,3,1,40.05
68.785,0,0.0,0.66,28,3,2,0.33
68.7902,2,0.0,0.52,17,3,1,40.26
68.7945,2,0.0,0.05,8,3,1,40.025
68.7992,2,0.0,0.02,3,3,1,40.01
68.8047,0,0.0,1.69,28,3,2,0.845
68.8084,3,0.0,1.03,22,3,1,60.515
68.8128,2,0.0,0.31,25,3,1,40.155
68.8189,2,0.0,0.16,6,3,1,40.08
68.8236,0,0.0,1.92,34,3,2,0.96
68.8277,2,0.0,0.04,1,3,1,40.02
68.8338,2,0.0,0.1,15,3,1,40.05
68.8387,2,0.0,0.18,10,3,1,40.09
68.8431,2,0.0,0.08,11,3,1,40.04
68.8487,2,0.0,0.13,8,3,1,40.065
68.8536,2,0.0,0.67,49,3,1,40.335
68.8577,2,0.0,0.13,8,3,1,40.065
68.8623,2,0.0,0.54,13,3,1,40.27
68.8671,2,0.0,0.52,30,3,1,40.26
69.8849,2,0.0,0.78,47,3,1,40.39
69.8926,2,0.0,0.99,17,3,1,40.495
69.8984,2,0.0,0.04,3,3,1,40.02
69.9035,2,0.9,1.9,21,3,1,42.03
69.9089,2,0.0,0.02,3,3,1,40.01
69.9131,3,0.0,0.14,6,3,1,60.07
69.919,2,0.0,0.81,9,3,1,40.405
69.9231,2,0.0,0.09,3,3,1,40.045
69.9271,2,0.0,0.01,2,3,1,40.005
69.9324,4,0.0,0.42,18,3,0,80.21
69.9364,2,0.0,0.13,10,3,1,40.065
69.9408,2,0.0,0.14,8,3,1,40.07
69.9455,2,0.0,0.01,2,3,1,40.005
69.9515,2,0.0,3.78,78,3,1,41.89
69.9564,2,0.0,0.22,23,3,1,40.11
69.9597,2,0.0,0.24,12,3,1,40.12
69.9651,2,0.0,0.05,6,3,1,40.025
69.9709,2,0.0,0.03,1,3,1,40.015
69.9763,0,0.0,0.09,28,3,2,0.045
69.9824,2,0.0,0.01,2,3,1,40.005
69.9886,1,0.0,0.09,16,3,2,20.045
69.9944,2,0.0,0.09,9,3,1,40.045
70.0012,2,0.0,0.05,9,3,1,40.025
70.0062,2,0.0,0.03,2,3,1,40.015
70.0118,2,0.0,0.3,5,3,1,40.15
70.0173,3,0.0,0.09,21,3,1,60.045
70.0241,2,42.4,2.0,33,3,1,91.88
70.0289,2,0.0,0.34,24,3,1,40.17
70.0344,2,0.0,0.21,8,3,1,40.105
70.0389,2,0.0,0.03,2,3,1,40.015
70.0438,2,0.0,0.63,60,3,1,40.315
70.048,2,0.0,0.05,5,3,1,40.025
70.0538,2,0.0,0.73,31,1,1,40.365
70.0602,0,0.0,0.32,29,3,2,0.16
70.0665,2,0.0,0.26,31,3,1,40.13
70.0734,2,0.0,0.38,11,3,1,40.19
70.0791,2,0.0,0.0,38,1,1,40.0
70.0865,2,0.0,0.01,17,3,1,40.005
70.0907,2,0.0,0.13,11,3,1,40.065
70.0951,2,0.0,0.3,5,3,1,40.15
70.1004,2,0.0,0.44,48,3,1,40.22
70.1048,2,0.0,0.05,9,3,1,40.025
70.1095,2,0.0,0.08,11,3,1,40.04
70.1149,2,0.0,0.07,24,3,1,40.035
70.1197,2,0.0,0.11,7,3,1,40.055
70.125,2,0.0,0.19,2,3,1,40.095
70.1288,2,0.0,0.06,8,3,1,40.03
70.1347,2,0.0,0.01,17,3,1,40.005
70.1387,2,0.0,0.04,3,3,1,40.02
70.1422,0,0.0,1.41,29,3,2,0.705
70.1469,2,0.0,0.04,4,3,1,40.02
70.1517,0,0.0,0.16,29,3,2,0.08
70.1568,2,0.0,0.41,35,3,1,40.205
70.1613,2,0.0,0.01,2,3,1,40.005
70.1663,2,0.0,0.06,9,1,1,40.03
70.1721,2,0.0,0.32,20,3,1,40.16
70.1764,2,0.0,0.19,16,3,1,40.095
70.1819,2,0.0,0.08,3,3,1,40.04
70.1868,4,0.0,0.2,15,3,0,80.1
70.1912,2,0.0,0.22,6,3,1,40.11
70.1952,2,0.0,0.07,3,3,1,40.035
70.2005,2,0.0,0.95,16,1,1,40.475
70.2057,2,0.0,1.13,46,3,1,40.565
70.2108,2,0.0,2.51,27,3,1,41.255
70.2165,2,0.0,0.19,7,3,1,40.095
70.222,2,0.0,0.03,4,3,1,40.015
70.2275,0,0.0,0.08,14,3,2,0.04
70.2336,2,0.0,0.07,8,3,1,40.035
70.2396,2,0.0,0.17,30,3,1,40.085
70.2453,4,0.0,0.07,3,3,0,80.035
70.2511,2,0.0,0.03,3,3,1,40.015
70.2554,2,0.0,0.3,12,3,1,40.15
70.2612,0,0.0,0.12,44,3,2,0.06
70.2668,2,0.0,0.14,11,3,1,40.07
70.2723,2,0.0,0.11,8,3,1,40.055
70.2764,2,0.0,0.2,26,3,1,40.1
70.2811,2,0.0,0.87,17,1,1,40.435
70.2866,2,0.0,0.04,5,3,1,40.02
70.2908,2,0.0,0.2,8,3,1,40.1
70.2945,2,0.0,0.79,26,3,1,40.395
70.2994,2,0.0,0.03,2,3,1,40.015
70.3039,3,0.0,0.21,24,3,1,60.105
70.3093,2,0.0,0.05,9,3,1,40.025
70.3144,0,0.0,0.06,28,3,2,0.03
70.3196,0,2.7,1.13,27,3,1,3.805
70.3239,2,0.0,0.08,5,3,1,40.04
70.329,2,0.0,0.03,19,3,1,40.015
70.3337,2,0.0,0.11,10,3,1,40.055
70.3386,2,0.0,0.19,10,3,1,40.095
70.3427,2,0.0,0.43,5,3,1,40.215
70.3474,3,0.0,0.16,21,3,1,60.08
70.3518,2,0.0,0.3,13,3,1,40.15
70.3569,2,0.0,0.27,8,3,1,40.135
70.3618,2,0.0,0.05,2,3,1,40.025
70.3666,2,0.0,0.11,11,3,1,40.055
70.3721,2,0.0,0.03,20,3,1,40.015
70.3774,2,0.0,0.15,53,3,1,40.075
70.3821,2,0.0,1.32,40,3,1,40.66
70.3863,2,26.6,3.68,29,3,1,73.76
70.3913,2,0.0,0.07,8,3,1,40.035
70.3954,2,0.0,0.19,10,3,1,40.095
70.4012,2,0.0,0.24,10,3,1,40.12
70.4059,2,0.0,0.38,7,3,1,40.19
70.4123,2,0.0,0.65,9,3,1,40.325
70.42,2,0.0,0.12,8,3,1,40.06
70.4255,3,0.0,0.73,22,3,1,60.365
70.4311,2,0.0,3.12,11,3,1,41.56
70.4354,3,10.0,1.37,19,3,1,72.685
70.4396,2,0.0,0.09,6,3,1,40.045
70.4432,2,0.0,0.11,6,3,1,40.055
70.4479,2,0.0,0.12,6,3,1,40.06
70.4522,2,0.0,0.3,11,3,1,40.15
70.4571,0,0.0,0.13,29,3,2,0.065
70.4614,2,0.0,1.69,13,3,1,40.845
70.4664,2,0.9,2.07,46,3,1,42.114999999999995
70.4719,2,0.0,0.0,10,3,1,40.0
70.477,2,0.0,0.22,2,3,1,40.11
70.4803,2,99.0,0.43,23,3,0,159.01500000000001
70.4856,2,0.0,0.1,8,3,1,40.05
70.49,0,0.0,0.66,28,3,2,0.33
70.494,2,0.0,0.52,17,3,1,40.26
70.4996,2,0.0,0.05,8,3,1,40.025
70.5053,2,0.0,0.02,3,3,1,40.01
70.5097,0,0.0,1.69,28,3,2,0.845
70.5144,3,0.0,1.03,22,3,1,60.515
70.52,2,0.0,0.31,25,3,1,40.155
70.5242,2,0.0,0.16,6,3,1,40.08
70.5284,0,0.0,1.92,34,3,2,0.96
70.5342,2,0.0,0.04,1,3,1,40.02
70.5382,2,0.0,0.1,15,3,1,40.05
70.5435,2,0.0,0.18,10,3,1,40.09
70.5471,2,0.0,0.08,11,3,1,40.04
70.5536,2,0.0,0.13,8,3,1,40.065
70.558,2,0.9,0.67,49,3,1,41.415
70.5633,2,0.0,0.13,8,3,1,40.065
70.5689,2,0.0,0.54,13,3,1,40.27
70.5743,2,0.0,0.52,30,3,1,40.26
71.5928,2,0.0,0.78,47,3,1,40.39
71.6022,2,0.0,0.99,17,3,1,40.495
71.6101,2,0.0,0.04,3,3,1,40.02
71.6183,2,1.8,1.9,21,3,1,43.11
71.6267,2,0.0,0.02,3,3,1,40.01
71.6357,3,0.0,0.14,6,3,1,60.07
71.6463,2,0.0,0.81,9,3,1,40.405
71.6569,2,0.0,0.09,3,3,1,40.045
71.6646,2,0.0,0.01,2,3,1,40.005
71.6732,4,0.0,0.42,18,3,0,80.21
71.6806,2,0.0,0.13,10,3,1,40.065
71.6869,2,0.0,0.14,8,3,1,40.07
71.6923,2,0.0,0.01,2,3,1,40.005
71.7001,2,0.0,3.78,78,3,1,41.89
71.7079,2,0.0,0.22,23,3,1,40.11
71.7158,2,0.0,0.24,12,3,1,40.12
71.7209,2,0.0,0.05,6,3,1,40.025
71.7252,2,0.0,0.03,1,3,1,40.015
71.7302,0,0.0,0.09,28,3,2,0.045
71.7354,2,0.0,0.01,2,3,1,40.005
71.7395,1,0.0,0.09,16,3,2,20.045
71.745,2,0.0,0.09,9,3,1,40.045
71.7504,2,0.0,0.05,9,3,1,40.025
71.7548,2,0.0,0.03,2,3,1,40.015
71.7592,2,0.0,0.3,5,3,1,40.15
71.765,3,0.0,0.09,21,3,1,60.045
71.7708,2,42.0,2.0,33,3,1,91.4
71.7763,2,0.0,0.34,24,3,1,40.17
71.7835,2,0.0,0.21,8,3,1,40.105
71.7882,2,0.0,0.03,2,3,1,40.015
71.7928,2,0.0,0.63,60,3,1,40.315
71.7982,2,0.0,0.05,5,3,1,40.025
71.803,2,0.0,0.73,31,1,1,40.365
71.808,0,0.0,0.32,29,3,2,0.16
71.8133,2,0.0,0.26,31,3,1,40.13
71.8212,2,0.0,0.38,11,3,1,40.19
71.8277,2,0.0,0.0,38,1,1,40.0
71.834,2,0.0,0.01,17,3,1,40.005
71.8403,2,0.0,0.13,11,3,1,40.065
71.847,2,0.0,0.3,5,3,1,40.15
71.8512,2,0.0,0.44,48,3,1,40.22
71.8553,2,0.0,0.05,9,3,1,40.025
71.8595,2,0.0,0.08,11,3,1,40.04
71.8638,2,0.0,0.07,24,3,1,40.035
71.8688,2,0.0,0.11,7,3,1,40.055
71.8749,2,0.0,0.19,2,3,1,40.095
71.8808,2,0.0,0.06,8,3,1,40.03
71.8868,2,0.0,0.01,17,3,1,40.005
71.8916,2,0.0,0.04,3,3,1,40.02
71.897,0,0.0,1.41,29,3,2,0.705
71.9014,2,0.0,0.04,4,3,1,40.02
71.9064,0,0.0,0.16,29,3,2,0.08
71.9103,2,0.0,0.41,35,3,1,40.205
71.9155,2,0.0,0.01,2,3,1,40.005
71.9198,2,0.0,0.06,9,1,1,40.03
71.9257,2,0.0,0.32,20,3,1,40.16
71.9308,2,0.0,0.19,16,3,1,40.095
71.9365,2,0.0,0.08,3,3,1,40.04
71.9409,4,0.0,0.2,15,3,0,80.1
71.9449,2,0.0,0.22,6,3,1,40.11
71.95,2,0.0,0.07,3,3,1,40.035
71.9541,2,0.0,0.95,16,1,1,40.475
71.9587,2,0.0,1.13,46,3,1,40.565
71.9629,2,0.0,2.51,27,3,1,41.255
71.9681,2,0.0,0.19,7,3,1,40.095
71.9738,2,0.0,0.03,4,3,1,40.015
71.9789,0,0.0,0.08,14,3,2,0.04
71.9843,2,0.0,0.07,8,3,1,40.035
71.9889,2,0.0,0.17,30,3,1,40.085
71.9946,4,0.0,0.07,3,3,0,80.035
71.9998,2,0.0,0.03,3,3,1,40.015
72.0045,2,0.0,0.3,12,3,1,40.15
72.0085,0,0.0,0.12,44,3,2,0.06
72.0135,2,0.0,0.14,11,3,1,40.07
72.0192,2,0.0,0.11,8,3,1,40.055
72.0247,2,0.0,0.2,26,3,1,40.1
72.0291,2,0.0,0.87,17,1,1,40.435
72.035,2,0.0,0.04,5,3,1,40.02
72.039,2,0.0,0.2,8,3,1,40.1
72.0433,2,0.0,0.79,26,3,1,40.395
72.048,2,0.0,0.03,2,3,1,40.015
72.052,3,0.0,0.21,24,3,1,60.105
72.0561,2,0.0,0.05,9,3,1,40.025
72.0609,0,0.0,0.06,28,3,2,0.03
72.0655,0,0.0,1.13,27,3,2,0.565
72.0721,2,0.0,0.08,5,3,1,40.04
72.0763,2,0.0,0.03,19,3,1,40.015
72.0811,2,0.0,0.11,10,3,1,40.055
72.0862,2,0.0,0.19,10,3,1,40.095
72.0916,2,0.0,0.43,5,3,1,40.215
72.0968,3,0.0,0.16,21,3,1,60.08
72.1028,2,0.0,0.3,13,3,1,40.15
72.1088,2,0.0,0.27,8,3,1,40.135
72.1182,2,0.0,0.05,2,3,1,40.025
72.1249,2,0.0,0.11,11,3,1,40.055
72.1316,2,0.0,0.03,20,3,1,40.015
72.1384,2,0.0,0.15,53,3,1,40.075
72.1469,2,0.0,1.32,40,3,1,40.66
72.1526,2,29.2,3.66,29,3,1,76.86999999999999
72.1567,2,0.0,0.07,8,3,1,40.035
72.161,2,0.0,0.19,10,3,1,40.095
72.1667,2,0.0,0.24,10,3,1,40.12
72.171,2,0.0,0.38,7,3,1,40.19
72.175,2,0.0,0.65,9,3,1,40.325
72.1803,2,0.0,0.12,8,3,1,40.06
72.1877,3,0.0,0.73,22,3,1,60.365
72.1925,2,0.0,3.12,11,3,1,41.56
72.1972,3,14.3,1.37,19,3,1,77.845
72.2027,2,0.0,0.09,6,3,1,40.045
72.2073,2,0.0,0.11,6,3,1,40.055
72.2119,2,0.0,0.12,6,3,1,40.06
72.2173,2,0.0,0.3,11,3,1,40.15
72.2216,0,0.0,0.13,29,3,2,0.065
72.2266,2,0.0,1.69,13,3,1,40.845
72.2319,2,0.0,2.07,46,3,1,41.035
72.2375,2,0.0,0.0,10,3,1,40.0
72.242,2,0.0,0.22,2,3,1,40.11
72.2473,2,98.3,0.43,23,3,0,158.17499999999998
72.2534,2,0.0,0.1,8,3,1,40.05
72.2575,0,0.0,0.66,28,3,2,0.33
72.2612,2,0.0,0.52,17,3,1,40.26
72.2667,2,0.0,0.05,8,3,1,40.025
72.2722,2,0.0,0.02,3,3,1,40.01
72.2765,0,0.0,1.69,28,3,2,0.845
72.281,3,0.0,1.03,22,3,1,60.515
72.2867,2,0.0,0.31,25,3,1,40.155
72.2912,2,0.0,0.16,6,3,1,40.08
72.2954,0,1.8,1.92,34,3,2,3.12
72.3007,2,0.0,0.04,1,3,1,40.02
72.3049,2,0.0,0.1,15,3,1,40.05
72.3089,2,0.0,0.18,10,3,1,40.09
72.3138,2,0.0,0.08,11,3,1,40.04
72.3198,2,0.0,0.13,8,3,1,40.065
72.3234,2,0.0,0.67,49,3,1,40.335
72.3278,2,0.0,0.13,8,3,1,40.065
72.3335,2,0.0,0.54,13,3,1,40.27
72.3383,2,0.0,0.52,30,3,1,40.26
73.3461,2,0.0,0.78,47,3,1,40.39
73.3537,2,0.0,0.99,17,3,1,40.495
73.3611,2,0.0,0.04,3,3,1,40.02
73.3666,2,3.6,1.9,21,3,1,45.27
73.3718,2,0.0,0.02,3,3,1,40.01
73.3808,3,0.0,0.14,6,3,1,60.07
73.3882,2,0.0,0.81,9,3,1,40.405
73.3955,2,0.0,0.09,3,3,1,40.045
73.4042,2,0.0,0.01,2,3,1,40.005
73.4129,4,0.0,0.42,18,3,0,80.21
73.4241,2,0.0,0.13,10,3,1,40.065
73.4321,2,0.0,0.14,8,3,1,40.07
73.4382,2,0.0,0.01,2,3,1,40.005
73.4464,2,0.0,3.78,78,3,1,41.89
73.4541,2,0.0,0.22,23,3,1,40.11
73.4631,2,0.0,0.24,12,3,1,40.12
73.4714,2,0.0,0.05,6,3,1,40.025
73.4763,2,0.0,0.03,1,3,1,40.015
73.4837,0,0.0,0.09,28,3,2,0.045
73.4887,2,0.0,0.01,2,3,1,40.005
73.4948,1,0.0,0.09,16,3,2,20.045
73.5016,2,0.0,0.09,9,3,1,40.045
73.5074,2,0.0,0.05,9,3,1,40.025
73.5123,2,0.0,0.03,2,3,1,40.015
73.5187,2,0.0,0.3,5,3,1,40.15
73.5245,3,0.0,0.09,21,3,1,60.045
73.5302,2,42.5,2.01,33,3,1,92.005
73.5357,2,0.0,0.34,24,3,1,40.17
73.5423,2,0.0,0.21,8,3,1,40.105
73.5478,2,0.0,0.03,2,3,1,40.015
73.5542,2,0.0,0.63,60,3,1,40.315
73.5611,2,0.0,0.05,5,3,1,40.025
73.567,2,0.0,0.73,31,1,1,40.365
73.5733,0,0.0,0.32,29,3,2,0.16
73.5784,2,0.0,0.26,31,3,1,40.13
73.5844,2,0.0,0.38,11,3,1,40.19
73.5885,2,0.0,0.0,38,1,1,40.0
73.5918,2,0.0,0.01,17,3,1,40.005
73.5979,2,0.0,0.13,11,3,1,40.065
73.6039,2,0.0,0.3,5,3,1,40.15
73.6124,2,0.0,0.44,48,3,1,40.22
73.619,2,0.0,0.05,9,3,1,40.025
73.626,2,0.0,0.08,11,3,1,40.04
73.6308,2,0.0,0.07,24,3,1,40.035
73.6472,2,0.0,0.11,7,3,1,40.055
73.6635,2,0.0,0.19,2,3,1,40.095
73.6757,2,0.0,0.06,8,3,1,40.03
73.6839,2,0.0,0.01,17,3,1,40.005
73.6928,2,0.0,0.04,3,3,1,40.02
73.6985,0,0.0,1.41,29,3,2,0.705
73.7027,2,0.0,0.04,4,3,1,40.02
73.7073,0,0.0,0.16,29,3,2,0.08
73.711,2,0.0,0.41,35,3,1,40.205
73.7166,2,0.0,0.01,2,3,1,40.005
73.721,2,0.0,0.06,9,1,1,40.03
73.726,2,0.0,0.32,20,3,1,40.16
73.73,2,0.0,0.19,16,3,1,40.095
73.7345,2,0.0,0.08,3,3,1,40.04
73.7395,4,0.0,0.2,15,3,0,80.1
73.744,2,0.0,0.22,6,3,1,40.11
73.7501,2,0.0,0.07,3,3,1,40.035
73.7541,2,0.0,0.95,16,1,1,40.475
73.759,2,0.0,1.13,46,3,1,40.565
73.7628,2,0.0,2.51,27,3,1,41.255
73.7691,2,0.0,0.19,7,3,1,40.095
73.7733,2,0.0,0.03,4,3,1,40.015
73.7774,0,0.0,0.08,14,3,2,0.04
73.7828,2,0.0,0.07,8,3,1,40.035
73.7885,2,0.0,0.17,30,3,1,40.085
73.7929,4,0.0,0.07,3,3,0,80.035
73.7984,2,0.0,0.03,3,3,1,40.015
73.8032,2,0.0,0.3,12,3,1,40.15
73.8083,0,0.0,0.12,44,3,2,0.06
73.8129,2,0.0,0.14,11,3,1,40.07
73.8179,2,0.0,0.11,8,3,1,40.055
73.8235,2,0.0,0.19,26,3,1,40.095
73.8302,2,0.0,0.87,17,1,1,40.435
73.836,2,0.0,0.04,5,3,1,40.02
73.843,2,0.0,0.2,8,3,1,40.1
73.8511,2,0.0,0.79,26,3,1,40.395
73.8593,2,0.0,0.03,2,3,1,40.015
73.8674,3,0.0,0.21,24,3,1,60.105
73.8753,2,0.0,0.05,9,3,1,40.025
73.8824,0,0.0,0.06,28,3,2,0.03
73.8865,0,0.0,1.13,27,3,2,0.565
73.8911,2,0.0,0.08,5,3,1,40.04
73.8961,2,0.0,0.03,19,3,1,40.015
73.9017,2,0.0,0.11,10,3,1,40.055
73.907,2,0.0,0.19,10,3,1,40.095
73.9138,2,0.0,0.43,5,3,1,40.215
73.9213,3,0.0,0.16,21,3,1,60.08
73.9265,2,0.0,0.3,13,3,1,40.15
73.9335,2,0.0,0.27,8,3,1,40.135
73.9381,2,0.0,0.05,2,3,1,40.025
73.9433,2,0.0,0.11,11,3,1,40.055
73.9492,2,0.0,0.03,20,3,1,40.015
73.9536,2,0.0,0.15,53,3,1,40.075
73.9582,2,0.0,1.32,40,3,1,40.66
73.964,2,47.4,3.68,29,3,0,98.72
73.9697,2,0.0,0.07,8,3,1,40.035
73.9764,2,0.0,0.19,10,3,1,40.095
73.9835,2,0.0,0.24,10,3,1,40.12
73.9881,2,0.0,0.38,7,3,1,40.19
73.9973,2,0.0,0.65,9,3,1,40.325
74.0018,2,0.0,0.12,8,3,1,40.06
74.0057,3,0.0,0.73,22,3,1,60.365
74.0104,2,0.0,3.12,11,3,1,41.56
74.0143,3,9.4,1.37,19,3,1,71.965
74.0199,2,0.0,0.09,6,3,1,40.045
74.0249,2,0.0,0.11,6,3,1,40.055
74.03,2,0.0,0.12,6,3,1,40.06
74.0346,2,0.0,0.3,11,3,1,40.15
74.0398,0,0.0,0.13,29,3,2,0.065
74.0431,2,0.0,1.69,13,3,1,40.845
74.0487,2,0.0,2.06,46,3,1,41.03
74.0535,2,0.0,0.0,10,3,1,40.0
74.0576,2,0.0,0.22,2,3,1,40.11
74.0613,2,94.9,0.43,23,3,0,154.095
74.0668,2,0.0,0.1,8,3,1,40.05
74.0723,0,0.0,0.66,28,3,2,0.33
74.0768,2,0.0,0.52,17,3,1,40.26
74.0873,2,0.0,0.05,8,3,1,40.025
74.0931,2,0.0,0.02,3,3,1,40.01
74.0995,0,0.0,1.69,28,3,2,0.845
74.1041,3,0.0,1.03,22,3,1,60.515
74.1084,2,0.0,0.31,25,3,1,40.155
74.113,2,0.0,0.16,6,3,1,40.08
74.1209,0,0.0,1.92,32,3,2,0.96
74.1259,2,0.0,0.04,1,3,1,40.02
74.1313,2,0.0,0.1,14,3,1,40.05
74.1371,2,0.0,0.18,10,3,1,40.09
74.1407,2,0.0,0.08,11,3,1,40.04
74.1452,2,0.0,0.13,6,3,1,40.065
74.1499,2,0.0,0.67,49,3,1,40.335
74.1537,2,0.0,0.13,8,3,1,40.065
74.1569,2,0.0,0.54,11,3,1,40.27
74.1611,2,0.0,0.52,30,3,1,40.26
75.1769,2,0.0,0.78,45,3,1,40.39
75.1843,2,0.0,0.99,15,3,1,40.495
75.1931,2,0.0,0.04,1,3,1,40.02
75.1995,2,0.9,1.9,21,3,1,42.03
75.2083,2,0.0,0.02,3,3,1,40.01
75.2157,3,0.0,0.14,6,3,1,60.07
75.2209,2,0.0,0.81,9,3,1,40.405
75.2259,2,0.0,0.09,3,3,1,40.045
75.2301,2,0.0,0.01,2,3,1,40.005
75.2346,4,0.0,0.42,18,3,0,80.21
75.2394,2,0.0,0.13,9,3,1,40.065
75.2447,2,0.0,0.14,8,3,1,40.07
75.2502,2,0.0,0.01,2,3,1,40.005
75.2549,2,0.0,3.78,76,3,1,41.89
75.2599,2,0.0,0.22,23,3,1,40.11
75.2658,2,0.0,0.24,12,3,1,40.12
75.271,2,0.0,0.05,5,3,1,40.025
75.2766,2,0.0,0.03,1,3,1,40.015
75.2822,0,0.0,0.09,28,3,2,0.045
75.2869,2,0.0,0.01,2,3,1,40.005
75.2919,1,0.0,0.09,14,3,2,20.045
75.2974,2,0.0,0.09,6,3,1,40.045
75.3028,2,0.0,0.04,8,3,1,40.02
75.3072,2,0.0,0.03,2,3,1,40.015
75.3111,2,0.0,0.3,5,3,1,40.15
75.317,3,0.0,0.09,21,3,1,60.045
75.3214,2,42.1,2.01,33,3,1,91.525
75.3257,2,0.0,0.34,24,3,1,40.17
75.3299,2,0.0,0.21,7,3,1,40.105
75.3353,2,0.0,0.03,2,3,1,40.015
75.3406,2,0.0,0.63,60,3,1,40.315
75.3466,2,0.0,0.05,5,3,1,40.025
75.3522,2,0.0,0.73,31,1,1,40.365
75.3572,0,0.0,0.32,29,3,2,0.16
75.3625,2,0.0,0.26,31,3,1,40.13
75.3677,2,0.0,0.38,11,3,1,40.19
75.374,2,0.0,0.0,38,1,1,40.0
75.38,2,0.0,0.01,17,3,1,40.005
75.3849,2,0.0,0.13,11,3,1,40.065
75.3897,2,0.0,0.3,5,3,1,40.15
75.3937,2,0.0,0.44,48,3,1,40.22
75.3996,2,0.0,0.05,8,3,1,40.025
75.4046,2,0.0,0.08,11,3,1,40.04
75.4094,2,0.0,0.07,24,3,1,40.035
75.417,2,0.0,0.11,6,3,1,40.055
75.4235,2,0.0,0.19,2,3,1,40.095
75.4306,2,0.0,0.06,7,3,1,40.03
75.4394,2,0.0,0.01,17,3,1,40.005
75.4461,2,0.0,0.04,2,3,1,40.02
75.4512,0,0.0,1.41,29,3,2,0.705
75.4563,2,0.0,0.04,3,3,1,40.02
75.4621,0,0.0,0.16,29,3,2,0.08
75.4684,2,0.0,0.41,35,3,1,40.205
75.4773,2,0.0,0.01,2,3,1,40.005
75.4842,2,0.0,0.06,9,1,1,40.03
75.4898,2,0.0,0.32,20,3,1,40.16
75.4941,2,0.0,0.18,14,3,1,40.09
75.4988,2,0.0,0.08,3,3,1,40.04
75.5041,4,0.0,0.2,15,3,0,80.1
75.5074,2,0.0,0.22,6,3,1,40.11
75.5129,2,0.0,0.07,2,3,1,40.035
75.5182,2,0.0,0.95,16,1,1,40.475
75.5233,2,0.0,1.13,46,3,1,40.565
75.5276,2,0.0,2.51,27,3,1,41.255
75.5336,2,0.0,0.19,7,3,1,40.095
75.5377,2,0.0,0.03,4,3,1,40.015
75.5419,0,0.0,0.08,14,3,2,0.04
75.5471,2,0.0,0.07,8,3,1,40.035
75.552,2,0.0,0.17,30,3,1,40.085
75.5561,4,0.0,0.07,3,3,0,80.035
75.5603,2,0.0,0.03,2,3,1,40.015
75.5669,2,0.0,0.3,12,3,1,40.15
75.5719,0,0.0,0.12,44,3,2,0.06
75.5756,2,1.8,0.14,11,3,1,42.23
75.581,2,0.0,0.11,8,3,1,40.055
75.5855,2,0.0,0.2,26,3,1,40.1
75.5895,2,0.0,0.87,17,1,1,40.435
75.5937,2,0.0,0.04,4,3,1,40.02
75.6001,2,0.0,0.2,8,3,1,40.1
75.6045,2,0.0,0.03,2,3,1,40.015
75.6088,3,0.0,0.21,24,3,1,60.105
75.6146,2,0.0,0.05,8,3,1,40.025
75.6193,0,0.0,0.06,28,3,2,0.03
75.623,0,0.0,1.14,27,3,2,0.57
75.6272,2,0.0,0.08,4,3,1,40.04
75.6322,2,0.0,0.03,19,3,1,40.015
75.6373,2,0.0,0.11,10,3,1,40.055
75.6419,2,0.0,0.19,9,3,1,40.095
75.6457,2,0.0,0.43,5,3,1,40.215
75.6508,3,0.0,0.16,21,3,1,60.08
75.6549,2,0.0,0.3,13,3,1,40.15
75.6599,2,0.0,0.27,8,3,1,40.135
75.666,2,0.0,0.05,2,3,1,40.025
75.6703,2,0.0,0.11,9,3,1,40.055
75.6755,2,0.0,0.03,20,3,1,40.015
75.6808,2,0.0,0.15,52,3,1,40.075
75.6854,2,0.0,1.32,40,3,1,40.66
75.6893,2,21.6,3.7,29,3,1,67.77
75.6934,2,0.0,0.07,8,3,1,40.035
75.698,2,0.0,0.19,10,3,1,40.095
75.7023,2,0.0,0.24,10,3,1,40.12
75.7071,2,0.0,0.38,6,3,1,40.19
75.7116,2,0.0,0.65,9,3,1,40.325
75.7168,2,0.0,0.12,8,3,1,40.06
75.7212,3,0.0,0.73,22,3,1,60.365
75.7256,2,0.0,3.12,11,3,1,41.56
75.7307,3,4.6,1.37,19,3,1,66.205
75.7354,2,0.0,0.09,6,3,1,40.045
75.7391,2,0.0,0.11,6,3,1,40.055
75.7424,2,0.0,0.12,6,3,1,40.06
75.747,2,0.0,0.3,11,3,1,40.15
75.752,0,0.0,0.13,29,3,2,0.065
75.7563,2,0.0,1.69,13,3,1,40.845
75.76,2,0.9,2.06,46,3,1,42.11
75.7654,2,0.0,0.0,10,3,1,40.0
75.7697,2,0.0,0.22,2,3,1,40.11
75.7743,2,99.1,0.43,22,3,0,159.135
75.7785,2,0.0,0.1,8,3,1,40.05
75.7829,0,0.0,0.66,28,3,2,0.33
75.7871,2,0.0,0.52,15,3,1,40.26
75.7915,2,0.0,0.05,8,3,1,40.025
75.7967,2,0.0,0.02,3,3,1,40.01
75.8022,0,0.0,1.69,28,3,2,0.845
75.8056,3,0.0,1.03,22,3,1,60.515
75.81,2,0.0,0.31,25,3,1,40.155
75.8159,2,0.0,0.16,6,3,1,40.08
75.8206,0,0.0,1.92,32,3,2,0.96
75.8239,2,0.0,0.04,1,3,1,40.02
75.8282,2,0.0,0.1,14,3,1,40.05
75.8332,2,0.0,0.18,10,3,1,40.09
75.8365,2,0.0,0.08,11,3,1,40.04
75.8412,2,0.0,0.13,6,3,1,40.065
75.8466,2,0.0,0.67,49,3,1,40.335
75.8522,2,0.0,0.13,8,3,1,40.065
75.8574,2,0.0,0.54,11,3,1,40.27
75.862,2,0.0,0.52,30,3,1,40.26
76.8747,2,0.0,0.78,45,3,1,40.39
76.8838,2,0.0,0.99,15,3,1,40.495
76.8928,2,0.0,0.04,1,3,1,40.02
76.9031,2,3.7,1.9,21,3,1,45.39
76.9087,2,0.0,0.02,3,3,1,40.01
76.9158,3,0.0,0.14,6,3,1,60.07
76.9198,2,0.0,0.81,9,3,1,40.405
76.9251,2,0.0,0.09,3,3,1,40.045
76.9312,2,0.0,0.01,2,3,1,40.005
76.9359,4,0.0,0.42,17,3,0,80.21
76.941,2,0.0,0.13,9,3,1,40.065
76.9453,2,0.0,0.14,8,3,1,40.07
76.9526,2,0.0,0.01,2,3,1,40.005
76.9597,2,0.0,3.78,76,3,1,41.89
76.9669,2,0.0,0.22,23,3,1,40.11
76.9758,2,0.0,0.24,12,3,1,40.12
76.9844,2,0.0,0.05,5,3,1,40.025
76.9919,2,0.0,0.03,1,3,1,40.015
76.9993,0,0.0,0.09,28,3,2,0.045
77.0045,2,0.0,0.01,2,3,1,40.005
77.0113,1,0.0,0.09,14,3,2,20.045
77.0191,2,0.0,0.09,6,3,1,40.045
77.0268,2,0.0,0.04,8,3,1,40.02
77.0323,2,0.0,0.03,2,3,1,40.015
77.0368,2,0.0,0.3,5,3,1,40.15
77.042,3,0.0,0.09,21,3,1,60.045
77.047,2,39.6,2.01,33,3,1,88.525
77.0518,2,0.0,0.34,24,3,1,40.17
77.0558,2,0.0,0.21,7,3,1,40.105
77.0601,2,0.0,0.03,2,3,1,40.015
77.067,2,0.0,0.63,60,3,1,40.315
77.0714,2,0.0,0.05,5,3,1,40.025
77.0745,2,0.0,0.73,31,1,1,40.365
77.0801,0,0.0,0.32,29,3,2,0.16
77.0858,2,0.0,0.26,31,3,1,40.13
77.0916,2,0.0,0.38,11,3,1,40.19
77.0969,2,0.0,0.0,38,1,1,40.0
77.1018,2,0.0,0.01,17,3,1,40.005
77.1061,2,0.0,0.13,11,3,1,40.065
77.1095,2,0.0,0.3,5,3,1,40.15
77.115,2,0.0,0.44,48,3,1,40.22
77.1191,2,0.0,0.05,8,3,1,40.025
77.1234,2,0.0,0.08,11,3,1,40.04
77.1274,2,0.0,0.07,24,3,1,40.035
77.1333,2,0.0,0.11,6,3,1,40.055
77.1383,2,0.0,0.19,2,3,1,40.095
77.1424,2,0.0,0.06,7,3,1,40.03
77.1482,2,0.0,0.01,17,3,1,40.005
77.1518,2,0.0,0.04,2,3,1,40.02
77.1566,0,0.0,1.41,29,3,2,0.705
77.1608,2,0.0,0.04,3,3,1,40.02
77.1655,0,0.0,0.16,29,3,2,0.08
77.1696,2,0.0,0.41,33,3,1,40.205
77.1743,2,0.0,0.01,2,3,1,40.005
77.1796,2,0.0,0.06,9,1,1,40.03
77.1854,2,0.0,0.32,20,3,1,40.16
77.1913,2,0.0,0.18,14,3,1,40.09
77.1981,2,0.0,0.08,3,3,1,40.04
77.2045,4,0.0,0.2,15,3,0,80.1
77.2123,2,0.0,0.22,6,3,1,40.11
77.2205,2,0.0,0.07,2,3,1,40.035
77.2261,2,0.0,0.95,16,1,1,40.475
77.2326,2,0.0,1.13,46,3,1,40.565
77.2396,2,0.0,2.51,27,3,1,41.255
77.2464,2,0.0,0.19,7,3,1,40.095
77.2517,2,0.0,0.03,4,3,1,40.015
77.2577,0,0.0,0.08,14,3,2,0.04
77.2628,2,0.0,0.07,8,3,1,40.035
77.2693,2,0.0,0.17,30,3,1,40.085
77.2736,4,0.0,0.07,3,3,0,80.035
77.2778,2,0.0,0.03,2,3,1,40.015
77.2836,2,0.0,0.3,12,3,1,40.15
77.2879,0,0.0,0.12,44,3,2,0.06
77.2925,2,0.0,0.14,11,3,1,40.07
77.2996,2,0.0,0.11,8,3,1,40.055
77.3052,2,0.0,0.19,26,3,1,40.095
77.3115,2,0.0,0.87,17,1,1,40.435
77.318,2,0.0,0.04,4,3,1,40.02
77.3224,2,0.0,0.2,8,3,1,40.1
77.3267,2,0.0,0.03,2,3,1,40.015
77.3323,3,0.0,0.21,24,3,1,60.105
77.3373,2,0.0,0.05,8,3,1,40.025
77.3419,0,0.0,0.06,28,3,2,0.03
77.3482,0,0.0,1.14,27,3,2,0.57
77.3518,2,0.0,0.08,4,3,1,40.04
77.357,2,0.0,0.03,19,3,1,40.015
77.3619,2,0.0,0.11,10,3,1,40.055
77.3665,2,0.0,0.19,9,3,1,40.095
77.3708,2,0.0,0.43,5,3,1,40.215
77.3749,3,0.0,0.16,21,3,1,60.08
77.3803,2,0.0,0.3,13,3,1,40.15
77.3852,2,0.0,0.27,8,3,1,40.135
77.3882,2,0.0,0.05,2,3,1,40.025
77.3922,2,0.0,0.11,9,3,1,40.055
77.3982,2,0.0,0.03,20,3,1,40.015
77.4027,2,0.0,0.15,52,3,1,40.075
77.4078,2,0.0,1.32,40,3,1,40.66
77.4124,2,32.7,3.67,29,3,1,81.075
77.4175,2,0.0,0.07,8,3,1,40.035
77.4218,2,0.0,0.19,10,3,1,40.095
77.4259,2,0.0,0.24,10,3,1,40.12
77.4318,2,0.0,0.38,6,3,1,40.19
77.436,2,0.0,0.65,9,3,1,40.325
77.4421,2,0.0,0.12,8,3,1,40.06
77.4476,3,0.0,0.73,22,3,1,60.365
77.453,2,0.0,3.12,11,3,1,41.56
77.4568,3,5.4,1.37,19,3,1,67.165
77.4612,2,0.0,0.09,6,3,1,40.045
77.4654,2,0.0,0.11,6,3,1,40.055
77.4707,2,0.0,0.12,6,3,1,40.06
77.4742,2,0.0,0.3,11,3,1,40.15
77.4784,0,0.0,0.13,29,3,2,0.065
77.483,2,0.0,1.69,13,3,1,40.845
77.4877,2,0.0,2.06,46,3,1,41.03
77.4908,2,0.0,0.0,10,3,1,40.0
77.4962,2,0.0,0.22,2,3,1,40.11
77.5007,2,95.5,0.43,22,3,0,154.815
77.5044,2,0.0,0.1,8,3,1,40.05
77.5085,0,0.0,0.66,28,3,2,0.33
77.5139,2,0.0,0.52,15,3,1,40.26
77.518,2,0.0,0.05,8,3,1,40.025
77.5217,2,0.0,0.02,3,3,1,40.01
77.5248,0,0.0,1.69,28,3,2,0.845
77.5301,3,0.0,1.03,22,3,1,60.515
77.5346,2,0.0,0.31,25,3,1,40.155
77.5386,2,0.0,0.16,6,3,1,40.08
77.5434,0,0.0,1.92,32,3,2,0.96
77.5484,2,0.0,0.04,1,3,1,40.02
77.5526,2,0.0,0.1,14,3,1,40.05
77.5567,2,0.0,0.18,10,3,1,40.09
77.5614,2,0.0,0.08,11,3,1,40.04
77.566,2,0.0,0.13,6,3,1,40.065
77.5703,2,0.0,0.67,49,3,1,40.335
77.577,2,0.0,0.13,8,3,1,40.065
77.5819,2,0.0,0.54,11,3,1,40.27
77.5888,2,0.0,0.52,30,3,1,40.26
78.5941,2,0.0,0.78,45,3,1,40.39
78.6005,2,0.0,0.99,15,3,1,40.495
78.6061,2,0.0,0.04,1,3,1,40.02
78.6156,2,1.8,1.9,21,3,1,43.11
78.6237,2,0.0,0.02,3,3,1,40.01
78.6321,3,0.0,0.14,6,3,1,60.07
78.6395,2,0.0,0.81,9,3,1,40.405
78.645,2,0.0,0.09,3,3,1,40.045
78.6492,2,0.0,0.01,2,3,1,40.005
78.6545,4,0.0,0.42,17,3,0,80.21
78.6586,2,0.0,0.13,9,3,1,40.065
78.6639,2,0.0,0.14,8,3,1,40.07
78.6684,2,0.0,0.01,2,3,1,40.005
78.6727,2,0.0,3.78,76,3,1,41.89
78.6784,2,0.0,0.22,23,3,1,40.11
78.6825,2,0.0,0.24,12,3,1,40.12
78.6866,2,0.0,0.05,5,3,1,40.025
78.6904,2,0.0,0.03,1,3,1,40.015
78.6955,0,0.0,0.09,28,3,2,0.045
78.7007,2,0.0,0.01,2,3,1,40.005
78.7047,1,0.0,0.09,14,3,2,20.045
78.7087,2,0.0,0.09,6,3,1,40.045
78.7148,2,0.0,0.04,8,3,1,40.02
78.7196,2,0.0,0.03,2,3,1,40.015
78.7239,2,0.0,0.3,5,3,1,40.15
78.7291,3,0.0,0.09,21,3,1,60.045
78.7342,2,39.8,2.01,33,3,1,88.76499999999999
78.7382,2,0.0,0.34,24,3,1,40.17
78.7427,2,0.0,0.21,7,3,1,40.105
78.7488,2,0.0,0.03,2,3,1,40.015
78.7548,2,0.0,0.63,60,3,1,40.315
78.7622,2,0.0,0.05,5,3,1,40.025
78.7679,2,0.0,0.73,31,1,1,40.365
78.7742,0,0.0,0.32,29,3,2,0.16
78.7792,2,0.0,0.26,31,3,1,40.13
78.785,2,0.0,0.38,11,3,1,40.19
78.789,2,0.0,0.0,38,1,1,40.0
78.7944,2,0.0,0.01,17,3,1,40.005
78.799,2,0.0,0.13,11,3,1,40.065
78.8045,2,0.0,0.3,5,3,1,40.15
78.8084,2,0.0,0.44,48,3,1,40.22
78.8134,2,0.0,0.05,8,3,1,40.025
78.8189,2,0.0,0.08,11,3,1,40.04
78.8232,2,0.0,0.07,24,3,1,40.035
78.8283,2,0.0,0.11,6,3,1,40.055
78.8338,2,0.0,0.19,2,3,1,40.095
78.8456,2,0.0,0.06,7,3,1,40.03
78.852,2,0.0,0.01,17,3,1,40.005
78.8593,2,0.0,0.04,2,3,1,40.02
78.8661,0,0.0,1.41,29,3,2,0.705
78.8707,2,0.0,0.04,3,3,1,40.02
78.8745,0,0.0,0.16,29,3,2,0.08
78.8804,2,0.0,0.41,34,3,1,40.205
78.8854,2,0.0,0.01,2,3,1,40.005
78.8897,2,0.0,0.06,9,1,1,40.03
78.8933,2,0.0,0.32,20,3,1,40.16
78.8988,2,0.0,0.18,14,3,1,40.09
78.9024,2,0.0,0.08,3,3,1,40.04
78.9085,4,0.0,0.2,15,3,0,80.1
78.9139,2,0.0,0.22,6,3,1,40.11
78.9195,2,0.0,0.07,2,3,1,40.035
78.9238,2,0.0,0.95,16,1,1,40.475
78.929,2,0.0,1.13,46,3,1,40.565
78.9332,2,0.0,2.51,27,3,1,41.255
78.9372,2,0.0,0.19,7,3,1,40.095
78.9416,2,0.0,0.03,4,3,1,40.015
78.9458,0,0.0,0.08,14,3,2,0.04
78.9496,2,0.0,0.07,8,3,1,40.035
78.9543,2,0.0,0.17,30,3,1,40.085
78.9586,4,0.0,0.07,3,3,0,80.035
78.9646,2,0.0,0.03,2,3,1,40.015
78.9699,2,0.0,0.3,12,3,1,40.15
78.975,0,0.0,0.12,44,3,2,0.06
78.9805,2,0.0,0.14,11,3,1,40.07
78.9858,2,0.0,0.11,8,3,1,40.055
78.99,2,0.0,0.19,26,3,1,40.095
78.9941,2,0.0,0.87,17,1,1,40.435
78.9994,2,0.9,0.04,4,3,1,41.1
79.0044,2,0.0,0.2,8,3,1,40.1
79.0085,2,0.0,0.03,2,3,1,40.015
79.0153,3,0.0,0.21,24,3,1,60.105
79.0201,2,0.0,0.05,8,3,1,40.025
79.0252,0,0.0,0.06,28,3,2,0.03
79.0307,0,0.0,1.14,27,3,2,0.57
79.0344,2,0.0,0.08,4,3,1,40.04
79.0385,2,0.0,0.03,19,3,1,40.015
79.0427,2,0.0,0.11,10,3,1,40.055
79.0478,2,0.0,0.19,9,3,1,40.095
79.052,2,0.0,0.43,5,3,1,40.215
79.0564,3,0.0,0.16,21,3,1,60.08
79.0614,2,0.0,0.3,13,3,1,40.15
79.0657,2,0.0,0.27,8,3,1,40.135
79.07,2,0.0,0.05,2,3,1,40.025
79.0741,2,0.0,0.11,9,3,1,40.055
79.0783,2,0.0,0.03,20,3,1,40.015
79.0839,2,0.0,0.15,52,3,1,40.075
79.088,2,0.0,1.32,40,3,1,40.66
79.0922,2,32.4,3.69,29,3,1,80.725
79.0968,2,0.0,0.07,8,3,1,40.035
79.1018,2,0.0,0.19,10,3,1,40.095
79.1062,2,0.0,0.24,10,3,1,40.12
79.1096,2,0.0,0.38,6,3,1,40.19
79.1157,2,0.0,0.65,9,3,1,40.325
79.12,2,0.0,0.12,8,3,1,40.06
79.1241,3,0.0,0.73,22,3,1,60.365
79.1291,2,0.0,3.12,11,3,1,41.56
79.133,3,14.0,1.37,19,3,1,77.485
79.1372,2,0.0,0.09,6,3,1,40.045
79.1411,2,0.0,0.11,6,3,1,40.055
79.147,2,0.0,0.12,6,3,1,40.06
79.1515,2,0.0,0.3,11,3,1,40.15
79.1559,0,0.0,0.13,29,3,2,0.065
79.1621,2,0.0,1.69,13,3,1,40.845
79.1673,2,0.0,2.06,46,3,1,41.03
79.1722,2,0.0,0.0,10,3,1,40.0
79.1763,2,0.0,0.22,2,3,1,40.11
79.182,2,97.2,0.43,22,3,0,156.855
79.1857,2,0.0,0.1,8,3,1,40.05
79.1901,0,0.0,0.66,28,3,2,0.33
79.1949,2,0.0,0.52,15,3,1,40.26
79.2008,2,0.0,0.05,8,3,1,40.025
79.2045,2,0.0,0.02,3,3,1,40.01
79.2085,0,0.0,1.69,28,3,2,0.845
79.2138,3,0.0,1.03,22,3,1,60.515
79.2194,2,0.0,0.31,25,3,1,40.155
79.2239,2,0.0,0.16,6,3,1,40.08
79.2281,0,0.0,1.92,32,3,2,0.96
79.233,2,0.0,0.04,1,3,1,40.02
79.2374,2,0.0,0.1,14,3,1,40.05
79.2422,2,0.0,0.18,10,3,1,40.09
79.2471,2,0.0,0.08,11,3,1,40.04
79.2514,2,0.0,0.13,6,3,1,40.065
79.2565,2,0.0,0.67,49,3,1,40.335
79.2596,2,0.0,0.13,8,3,1,40.065
79.2658,2,0.0,0.54,11,3,1,40.27
79.2699,2,0.0,0.52,30,3,1,40.26
80.2831,2,0.0,0.78,45,3,1,40.39
80.2916,2,0.0,0.99,15,3,1,40.495
80.3002,2,0.0,0.04,1,3,1,40.02
80.3098,2,0.9,1.9,21,3,1,42.03
80.319,2,0.0,0.02,3,3,1,40.01
80.3282,3,0.0,0.14,6,3,1,60.07
80.3347,2,0.0,0.81,9,3,1,40.405
80.3422,2,0.0,0.09,3,3,1,40.045
80.3486,2,0.0,0.01,2,3,1,40.005
80.3545,4,0.0,0.42,17,3,0,80.21
80.36,2,0.0,0.13,9,3,1,40.065
80.3652,2,0.0,0.14,8,3,1,40.07
80.3685,2,0.0,0.01,2,3,1,40.005
80.3741,2,0.0,3.78,76,3,1,41.89
80.3787,2,0.0,0.22,23,3,1,40.11
80.3845,2,0.0,0.24,12,3,1,40.12
80.39,2,0.0,0.05,5,3,1,40.025
80.3957,2,0.0,0.03,1,3,1,40.015
80.4019,0,0.0,0.09,28,3,2,0.045
80.406,2,0.0,0.01,2,3,1,40.005
80.4101,1,0.0,0.09,14,3,2,20.045
80.4158,2,0.0,0.09,6,3,1,40.045
80.4211,2,0.0,0.04,8,3,1,40.02
80.4272,2,0.0,0.03,2,3,1,40.015
80.4332,2,0.0,0.3,5,3,1,40.15
80.4373,3,0.0,0.09,21,3,1,60.045
80.4418,2,39.5,2.01,33,3,1,88.405
80.447,2,0.0,0.34,24,3,1,40.17
80.451,2,0.0,0.21,7,3,1,40.105
80.4556,2,0.0,0.03,2,3,1,40.015
80.4601,2,0.0,0.63,60,3,1,40.315
80.4648,2,0.0,0.05,5,3,1,40.025
80.4699,2,0.0,0.73,31,1,1,40.365
80.4749,0,0.0,0.32,29,3,2,0.16
80.4809,2,0.0,0.26,31,3,1,40.13
80.4851,2,0.0,0.38,11,3,1,40.19
80.49,2,0.0,0.0,38,1,1,40.0
80.4951,2,0.0,0.01,17,3,1,40.005
80.501,2,0.0,0.13,11,3,1,40.065
80.5056,2,0.0,0.3,5,3,1,40.15
80.5097,2,0.0,0.44,48,3,1,40.22
80.5149,2,0.0,0.05,8,3,1,40.025
80.5197,2,0.0,0.08,11,3,1,40.04
80.5243,2,0.0,0.07,24,3,1,40.035
80.5299,2,0.0,0.11,6,3,1,40.055
80.5351,2,0.0,0.19,2,3,1,40.095
80.5391,2,0.0,0.06,7,3,1,40.03
80.5425,2,0.0,0.01,17,3,1,40.005
80.5483,2,0.0,0.04,2,3,1,40.02
80.5524,0,0.0,1.41,29,3,2,0.705
80.5555,2,0.0,0.04,3,3,1,40.02
80.5599,0,0.0,0.16,29,3,2,0.08
80.5649,2,0.0,0.41,34,3,1,40.205
80.57,2,0.0,0.01,2,3,1,40.005
80.5755,2,0.0,0.06,9,1,1,40.03
80.581,2,0.0,0.32,20,3,1,40.16
80.5864,2,0.0,0.18,14,3,1,40.09
80.5907,2,0.0,0.08,3,3,1,40.04
80.5948,4,0.0,0.2,15,3,0,80.1
80.5993,2,0.0,0.22,6,3,1,40.11
80.6044,2,0.0,0.07,2,3,1,40.035
80.6074,2,0.0,0.95,16,1,1,40.475
80.6129,2,0.0,1.13,46,3,1,40.565
80.6178,2,0.0,2.51,27,3,1,41.255
80.6233,2,0.0,0.19,7,3,1,40.095
80.6289,2,0.0,0.03,4,3,1,40.015
80.6343,0,0.0,0.08,14,3,2,0.04
80.6394,2,0.0,0.07,8,3,1,40.035
80.6444,2,0.0,0.17,30,3,1,40.085
80.6492,4,0.0,0.07,3,3,0,80.035
80.6526,2,0.0,0.03,2,3,1,40.015
80.6567,2,0.0,0.3,12,3,1,40.15
80.661,0,0.0,0.12,44,3,2,0.06
80.666,2,0.0,0.14,11,3,1,40.07
80.6706,2,0.0,0.11,8,3,1,40.055
80.6754,2,0.0,0.2,26,3,1,40.1
80.6804,2,0.0,0.87,17,1,1,40.435
80.6854,2,0.0,0.04,4,3,1,40.02
80.6895,2,0.0,0.2,8,3,1,40.1
80.6937,2,0.0,0.03,2,3,1,40.015
80.6982,3,0.0,0.21,24,3,1,60.105
80.7016,2,0.0,0.05,8,3,1,40.025
80.7052,0,0.0,0.06,28,3,2,0.03
80.7105,0,0.0,1.14,27,3,2,0.57
80.7156,2,0.0,0.08,4,3,1,40.04
80.7203,2,0.0,0.03,19,3,1,40.015
80.7246,2,0.0,0.11,10,3,1,40.055
80.7296,2,0.0,0.19,9,3,1,40.095
80.7335,2,0.0,0.43,5,3,1,40.215
80.7383,3,0.0,0.16,21,3,1,60.08
80.7417,2,0.0,0.3,13,3,1,40.15
80.7473,2,0.0,0.27,8,3,1,40.135
80.7514,2,0.0,0.05,2,3,1,40.025
80.7561,2,0.0,0.11,9,3,1,40.055
80.7604,2,0.0,0.03,20,3,1,40.015
80.7662,2,0.0,0.15,52,3,1,40.075
80.7704,2,0.0,1.32,40,3,1,40.66
80.7747,2,18.7,3.66,29,3,1,64.27
80.78,2,0.0,0.07,8,3,1,40.035
80.7845,2,0.0,0.19,10,3,1,40.095
80.7886,2,0.0,0.24,10,3,1,40.12
80.7929,2,0.0,0.38,6,3,1,40.19
80.7983,2,0.0,0.65,9,3,1,40.325
80.8032,2,0.0,0.12,8,3,1,40.06
80.8075,3,0.0,0.73,22,3,1,60.365
80.8121,2,0.0,3.12,11,3,1,41.56
80.8177,3,12.0,1.37,19,3,1,75.08500000000001
80.8219,2,0.0,0.09,6,3,1,40.045
80.826,2,0.0,0.11,6,3,1,40.055
80.8312,2,0.0,0.12,6,3,1,40.06
80.8347,2,0.0,0.3,11,3,1,40.15
80.8388,0,0.0,0.13,29,3,2,0.065
80.8421,2,0.0,1.69,13,3,1,40.845
80.8483,2,0.0,2.06,46,3,1,41.03
80.8542,2,0.0,0.0,10,3,1,40.0
80.8612,2,0.0,0.22,2,3,1,40.11
80.8679,2,96.3,0.43,22,3,0,155.775
80.8732,2,0.0,0.1,8,3,1,40.05
80.8803,0,0.0,0.66,28,3,2,0.33
80.886,2,0.0,0.52,15,3,1,40.26
80.891,2,0.0,0.05,8,3,1,40.025
80.8961,2,0.0,0.02,3,3,1,40.01
80.9009,0,0.0,1.69,28,3,2,0.845
80.9069,3,0.0,1.03,22,3,1,60.515
80.9132,2,0.0,0.31,25,3,1,40.155
80.9183,2,0.0,0.16,6,3,1,40.08
80.9225,0,0.0,1.92,32,3,2,0.96
80.9275,2,0.0,0.04,1,3,1,40.02
80.9321,2,0.0,0.1,14,3,1,40.05
80.9363,2,0.0,0.18,10,3,1,40.09
80.9403,2,0.0,0.08,11,3,1,40.04
80.9453,2,0.0,0.13,6,3,1,40.065
80.9492,2,0.0,0.67,49,3,1,40.335
80.9542,2,0.0,0.13,8,3,1,40.065
80.9585,2,0.0,0.54,11,3,1,40.27
80.9664,2,0.0,0.52,30,3,1,40.26
81.9851,2,0.0,0.78,45,3,1,40.39
81.9954,2,0.0,0.99,15,3,1,40.495
82.005,2,0.0,0.04,1,3,1,40.02
82.0139,2,0.0,1.91,21,3,1,40.955
82.0226,2,0.0,0.02,3,3,1,40.01
82.0295,3,0.0,0.14,6,3,1,60.07
82.0366,2,0.0,0.81,9,3,1,40.405
82.0426,2,0.0,0.09,3,3,1,40.045
82.0489,2,0.0,0.01,2,3,1,40.005
82.0553,4,0.0,0.42,17,3,0,80.21
82.0639,2,0.0,0.13,9,3,1,40.065
82.0704,2,0.0,0.14,8,3,1,40.07
82.0765,2,0.0,0.01,2,3,1,40.005
82.082,2,0.0,3.78,76,3,1,41.89
82.0898,2,0.0,0.22,23,3,1,40.11
82.0969,2,0.0,0.24,12,3,1,40.12
82.1014,2,0.0,0.05,5,3,1,40.025
82.1065,2,0.0,0.03,1,3,1,40.015
82.1115,0,0.0,0.09,28,3,2,0.045
82.1157,2,0.0,0.01,2,3,1,40.005
82.1203,1,0.0,0.09,14,3,2,20.045
82.1247,2,0.0,0.09,6,3,1,40.045
82.1298,2,0.0,0.04,8,3,1,40.02
82.1344,2,0.0,0.03,2,3,1,40.015
82.1384,2,0.0,0.3,5,3,1,40.15
82.1426,3,0.0,0.09,21,3,1,60.045
82.1473,2,39.5,2.01,33,3,1,88.405
82.1525,2,0.0,0.34,24,3,1,40.17
82.1564,2,0.0,0.21,7,3,1,40.105
82.161,2,0.0,0.03,2,3,1,40.015
82.1657,2,0.0,0.63,60,3,1,40.315
82.1701,2,0.0,0.05,5,3,1,40.025
82.1741,2,0.0,0.73,31,1,1,40.365
82.1792,0,0.0,0.32,29,3,2,0.16
82.1844,2,0.0,0.26,31,3,1,40.13
82.1883,2,0.0,0.38,11,3,1,40.19
82.1917,2,0.0,0.0,38,1,1,40.0
82.1977,2,0.0,0.01,17,3,1,40.005
82.2021,2,0.0,0.13,11,3,1,40.065
82.2059,2,0.0,0.3,5,3,1,40.15
82.2113,2,0.0,0.44,48,3,1,40.22
82.2152,2,0.0,0.05,8,3,1,40.025
82.2199,2,0.0,0.08,11,3,1,40.04
82.2242,2,0.0,0.07,24,3,1,40.035
82.2295,2,0.0,0.11,6,3,1,40.055
82.2342,2,0.0,0.19,2,3,1,40.095
82.2384,2,0.0,0.06,7,3,1,40.03
82.2435,2,0.0,0.01,17,3,1,40.005
82.2491,2,0.0,0.04,2,3,1,40.02
82.2534,0,0.0,1.41,29,3,2,0.705
82.2575,2,0.0,0.04,3,3,1,40.02
82.2628,0,0.0,0.16,29,3,2,0.08
82.2684,2,0.0,0.41,34,3,1,40.205
82.2726,2,0.0,0.01,2,3,1,40.005
82.2776,2,0.0,0.06,9,1,1,40.03
82.2823,2,0.0,0.32,20,3,1,40.16
82.2866,2,0.0,0.18,14,3,1,40.09
82.2914,2,0.0,0.08,3,3,1,40.04
82.298,4,0.0,0.2,15,3,0,80.1
82.3019,2,0.0,0.22,6,3,1,40.11
82.3081,2,0.0,0.07,2,3,1,40.035
82.314,2,0.0,0.95,16,1,1,40.475
82.3205,2,0.0,1.13,46,3,1,40.565
82.3277,2,0.0,2.51,27,3,1,41.255
82.3356,2,0.0,0.19,7,3,1,40.095
82.341,2,0.0,0.03,4,3,1,40.015
82.3457,0,0.0,0.08,14,3,2,0.04
82.3522,2,0.0,0.07,8,3,1,40.035
82.3566,2,0.0,0.17,30,3,1,40.085
82.3619,4,0.0,0.07,3,3,0,80.035
82.3665,2,0.0,0.03,2,3,1,40.015
82.3719,2,0.0,0.3,12,3,1,40.15
82.377,0,0.0,0.12,44,3,2,0.06
82.3827,2,0.0,0.14,11,3,1,40.07
82.3867,2,0.0,0.11,8,3,1,40.055
82.3905,2,0.0,0.19,26,3,1,40.095
82.3956,2,0.0,0.87,17,1,1,40.435
82.4011,2,0.0,0.04,4,3,1,40.02
82.4056,2,0.0,0.2,8,3,1,40.1
82.4105,2,0.0,0.03,2,3,1,40.015
82.4158,3,0.0,0.21,24,3,1,60.105
82.4188,2,0.0,0.05,8,3,1,40.025
82.4242,0,0.0,0.06,28,3,2,0.03
82.4294,0,0.0,1.14,27,3,2,0.57
82.4342,2,0.0,0.08,4,3,1,40.04
82.4379,2,0.0,0.03,19,3,1,40.015
82.4411,2,0.0,0.11,10,3,1,40.055
82.4472,2,0.0,0.19,9,3,1,40.095
82.4514,2,0.0,0.43,5,3,1,40.215
82.4557,3,0.0,0.16,21,3,1,60.08
82.461,2,0.0,0.3,13,3,1,40.15
82.4651,2,0.0,0.27,8,3,1,40.135
82.4697,2,0.0,0.05,2,3,1,40.025
82.474,2,0.0,0.11,9,3,1,40.055
82.4794,2,0.0,0.03,20,3,1,40.015
82.4836,2,0.0,0.15,52,3,1,40.075
82.4876,2,0.0,1.32,40,3,1,40.66
82.4924,2,36.4,3.69,29,3,1,85.525
82.4976,2,0.0,0.07,8,3,1,40.035
82.5022,2,0.0,0.19,10,3,1,40.095
82.5062,2,0.0,0.24,10,3,1,40.12
82.5104,2,0.0,0.38,6,3,1,40.19
82.5149,2,0.0,0.65,9,3,1,40.325
82.5194,2,0.0,0.12,8,3,1,40.06
82.5235,3,0.0,0.73,22,3,1,60.365
82.5275,2,0.0,3.12,11,3,1,41.56
82.5323,3,7.3,1.37,19,3,1,69.44500000000001
82.5367,2,0.0,0.09,6,3,1,40.045
82.5407,2,0.0,0.11,6,3,1,40.055
82.5451,2,0.0,0.12,6,3,1,40.06
82.55,2,0.0,0.3,11,3,1,40.15
82.5541,0,0.0,0.13,29,3,2,0.065
82.5581,2,0.0,1.69,13,3,1,40.845
82.5629,2,0.0,2.06,46,3,1,41.03
82.5669,2,0.0,0.0,10,3,1,40.0
82.5713,2,0.0,0.22,2,3,1,40.11
82.5743,2,99.1,0.43,22,3,0,159.135
82.5813,2,0.0,0.1,8,3,1,40.05
82.5861,0,0.0,0.66,28,3,2,0.33
82.59,2,0.0,0.52,15,3,1,40.26
82.5963,2,0.0,0.05,8,3,1,40.025
82.6004,2,0.0,0.02,3,3,1,40.01
82.6044,0,0.0,1.69,28,3,2,0.845
82.6081,3,0.0,1.03,22,3,1,60.515
82.6128,2,0.0,0.31,25,3,1,40.155
82.6168,2,0.0,0.16,6,3,1,40.08
82.6212,0,0.0,1.92,32,3,2,0.96
82.6265,2,0.0,0.04,1,3,1,40.02
82.6324,2,0.0,0.1,14,3,1,40.05
82.637,2,0.0,0.18,10,3,1,40.09
82.6415,2,0.0,0.08,11,3,1,40.04
82.6471,2,0.0,0.13,6,3,1,40.065
82.6518,2,0.0,0.67,49,3,1,40.335
82.6564,2,0.0,0.13,8,3,1,40.065
82.6622,2,0.0,0.54,11,3,1,40.27
82.6681,2,0.0,0.52,30,3,1,40.26
83.6882,2,0.0,0.78,45,3,1,40.39
83.6956,2,0.0,0.99,15,3,1,40.495
83.6999,2,0.0,0.04,1,3,1,40.02
83.7052,2,1.9,1.91,21,3,1,43.235
83.7109,2,0.0,0.02,3,3,1,40.01
83.7174,3,0.0,0.14,6,3,1,60.07
83.722,2,0.0,0.81,9,3,1,40.405
83.7273,2,0.0,0.09,3,3,1,40.045
83.7323,2,0.0,0.01,2,3,1,40.005
83.7358,4,0.0,0.42,17,3,0,80.21
83.7402,2,0.0,0.13,9,3,1,40.065
83.7458,2,0.0,0.14,8,3,1,40.07
83.7505,2,0.0,0.01,2,3,1,40.005
83.7555,2,0.0,3.78,76,3,1,41.89
83.7611,2,0.0,0.22,23,3,1,40.11
83.7662,2,0.0,0.24,12,3,1,40.12
83.7722,2,0.0,0.05,5,3,1,40.025
83.7784,2,0.0,0.03,1,3,1,40.015
83.7836,0,0.0,0.09,28,3,2,0.045
83.788,2,0.0,0.01,2,3,1,40.005
83.7923,1,0.0,0.09,14,3,2,20.045
83.7988,2,0.0,0.09,6,3,1,40.045
83.8044,2,0.0,0.04,8,3,1,40.02
83.8095,2,0.0,0.03,2,3,1,40.015
83.8147,2,0.0,0.3,5,3,1,40.15
83.8188,3,0.0,0.09,21,3,1,60.045
83.8222,2,38.3,2.01,33,3,1,86.96499999999999
83.8263,2,0.0,0.34,24,3,1,40.17
83.8321,2,0.0,0.21,7,3,1,40.105
83.8362,2,0.0,0.03,2,3,1,40.015
83.8392,2,0.0,0.63,60,3,1,40.315
83.8457,2,0.0,0.05,5,3,1,40.025
83.8497,2,0.0,0.73,31,1,1,40.365
83.854,0,0.0,0.32,29,3,2,0.16
83.859,2,0.0,0.26,31,3,1,40.13
83.8654,2,0.0,0.38,11,3,1,40.19
83.8712,2,0.0,0.0,38,1,1,40.0
83.8821,2,0.0,0.01,17,3,1,40.005
83.8875,2,0.0,0.13,11,3,1,40.065
83.8918,2,0.0,0.3,5,3,1,40.15
83.8974,2,0.0,0.44,48,3,1,40.22
83.9016,2,0.0,0.05,8,3,1,40.025
83.9054,2,0.0,0.08,11,3,1,40.04
83.9099,2,0.0,0.07,24,3,1,40.035
83.915,2,0.0,0.11,6,3,1,40.055
83.9193,2,0.0,0.19,2,3,1,40.095
83.923,2,0.0,0.06,7,3,1,40.03
83.9291,2,0.0,0.01,17,3,1,40.005
83.9327,2,0.0,0.04,2,3,1,40.02
83.9374,0,0.0,1.41,29,3,2,0.705
83.9407,2,0.0,0.04,3,3,1,40.02
83.9467,0,0.0,0.16,29,3,2,0.08
83.9511,2,0.0,0.41,34,3,1,40.205
83.955,2,0.0,0.01,2,3,1,40.005
83.9601,2,0.0,0.06,9,1,1,40.03
83.9651,2,0.0,0.32,20,3,1,40.16
83.9695,2,0.0,0.18,14,3,1,40.09
83.979,2,0.0,0.08,3,3,1,40.04
83.9878,4,0.0,0.2,15,3,0,80.1
83.9986,2,0.0,0.22,6,3,1,40.11
84.0042,2,0.0,0.07,2,3,1,40.035
84.0098,2,0.0,0.95,16,1,1,40.475
84.0148,2,0.0,1.13,46,3,1,40.565
84.0199,2,0.0,2.51,27,3,1,41.255
84.0239,2,0.0,0.19,7,3,1,40.095
84.0293,2,0.0,0.03,4,3,1,40.015
84.0329,0,0.0,0.08,14,3,2,0.04
84.0369,2,0.0,0.07,8,3,1,40.035
84.0413,2,0.0,0.17,30,3,1,40.085
84.0453,4,0.0,0.07,3,3,0,80.035
84.0497,2,0.0,0.03,2,3,1,40.015
84.0541,2,0.0,0.3,12,3,1,40.15
84.0584,0,0.0,0.12,44,3,2,0.06
84.064,2,0.0,0.14,11,3,1,40.07
84.0684,2,0.0,0.11,8,3,1,40.055
84.0724,2,0.0,0.19,26,3,1,40.095
84.0784,2,0.0,0.87,17,1,1,40.435
84.0844,2,0.0,0.04,4,3,1,40.02
84.0885,2,0.0,0.2,8,3,1,40.1
84.0919,2,0.0,0.03,2,3,1,40.015
84.0971,3,0.0,0.21,24,3,1,60.105
84.1023,2,0.0,0.05,8,3,1,40.025
84.1063,0,0.0,0.06,28,3,2,0.03
84.1112,0,0.0,1.14,27,3,2,0.57
84.1158,2,0.0,0.08,4,3,1,40.04
84.1201,2,0.0,0.03,19,3,1,40.015
84.1242,2,0.0,0.11,10,3,1,40.055
84.1293,2,0.0,0.19,9,3,1,40.095
84.1342,2,0.0,0.43,5,3,1,40.215
84.1383,3,0.0,0.16,21,3,1,60.08
84.1422,2,0.0,0.3,13,3,1,40.15
84.1474,2,0.0,0.27,8,3,1,40.135
84.1514,2,0.0,0.05,2,3,1,40.025
84.1552,2,0.0,0.11,9,3,1,40.055
84.1595,2,0.0,0.03,20,3,1,40.015
84.1655,2,0.0,0.15,52,3,1,40.075
84.1686,2,0.0,1.32,40,3,1,40.66
84.1739,2,31.5,3.67,29,3,1,79.63499999999999
84.18,2,0.0,0.07,8,3,1,40.035
84.1856,2,0.0,0.19,10,3,1,40.095
84.1916,2,0.0,0.24,10,3,1,40.12
84.1978,2,0.0,0.38,6,3,1,40.19
84.2046,2,0.0,0.65,9,3,1,40.325
84.2098,2,0.0,0.12,8,3,1,40.06
84.215,3,0.0,0.73,22,3,1,60.365
84.2191,2,0.0,3.12,11,3,1,41.56
84.2234,3,9.3,1.37,19,3,1,71.845
84.2274,2,0.0,0.09,6,3,1,40.045
84.2324,2,0.0,0.11,6,3,1,40.055
84.2363,2,0.0,0.12,6,3,1,40.06
84.24,2,0.0,0.3,11,3,1,40.15
84.2465,0,0.0,0.13,29,3,2,0.065
84.2511,2,0.0,1.69,13,3,1,40.845
84.2548,2,0.0,2.06,46,3,1,41.03
84.2589,2,0.0,0.0,10,3,1,40.0
84.264,2,0.0,0.22,2,3,1,40.11
84.2689,2,97.3,0.43,22,3,0,156.975
84.2732,2,0.0,0.1,8,3,1,40.05
84.2785,0,0.0,0.66,28,3,2,0.33
84.2834,2,0.0,0.52,15,3,1,40.26
84.2874,2,0.0,0.05,8,3,1,40.025
84.2909,2,0.0,0.02,3,3,1,40.01
84.296,0,0.0,1.69,28,3,2,0.845
84.3009,3,0.0,1.03,22,3,1,60.515
84.3049,2,0.0,0.31,25,3,1,40.155
84.31,2,0.0,0.16,6,3,1,40.08
84.3149,0,0.0,1.92,32,3,2,0.96
84.3197,2,0.0,0.04,1,3,1,40.02
84.325,2,0.0,0.1,14,3,1,40.05
84.3303,2,0.0,0.18,10,3,1,40.09
84.3344,2,0.0,0.08,11,3,1,40.04
84.3388,2,0.0,0.13,6,3,1,40.065
84.3437,2,0.0,0.67,49,3,1,40.335
84.3482,2,0.0,0.13,8,3,1,40.065
84.3525,2,0.0,0.54,11,3,1,40.27
84.3566,2,0.0,0.52,30,3,1,40.26
85.3756,2,0.0,0.79,45,3,1,40.395
85.3835,2,0.0,0.99,15,3,1,40.495
85.3917,2,0.0,0.04,3,3,1,40.02
85.3974,2,2.8,1.91,21,3,1,44.315
85.4056,2,0.0,0.02,3,3,1,40.01
85.415,3,0.0,0.14,6,3,1,60.07
85.4252,2,0.0,0.81,9,3,1,40.405
85.4337,2,0.0,0.09,3,3,1,40.045
85.4409,2,0.0,0.01,2,3,1,40.005
85.4461,4,0.0,0.42,17,3,0,80.21
85.4522,2,0.0,0.13,9,3,1,40.065
85.4583,2,0.0,0.14,8,3,1,40.07
85.4646,2,0.0,0.01,2,3,1,40.005
85.4721,2,0.9,3.78,76,3,1,42.97
85.4772,2,0.0,0.22,23,3,1,40.11
85.4829,2,0.0,0.24,12,3,1,40.12
85.487,2,0.0,0.05,5,3,1,40.025
85.4902,2,0.0,0.03,1,3,1,40.015
85.4955,0,0.0,0.09,28,3,2,0.045
85.5004,2,0.0,0.01,2,3,1,40.005
85.5045,1,0.0,0.09,14,3,2,20.045
85.5085,2,0.0,0.09,6,3,1,40.045
85.5127,2,0.0,0.04,8,3,1,40.02
85.518,2,0.0,0.03,2,3,1,40.015
85.5226,2,0.0,0.3,5,3,1,40.15
85.5278,3,0.0,0.09,21,3,1,60.045
85.5331,2,38.2,2.01,33,3,1,86.845
85.5372,2,0.0,0.34,24,3,1,40.17
85.5417,2,0.0,0.21,7,3,1,40.105
85.5472,2,0.0,0.03,2,3,1,40.015
85.5512,2,0.0,0.63,60,3,1,40.315
85.5552,2,0.0,0.05,5,3,1,40.025
85.5596,2,0.0,0.73,31,1,1,40.365
85.565,0,0.0,0.32,29,3,2,0.16
85.5696,2,0.0,0.26,31,3,1,40.13
85.5738,2,0.0,0.38,11,3,1,40.19
85.5792,2,0.0,0.0,38,1,1,40.0
85.5832,2,0.0,0.01,17,3,1,40.005
85.5882,2,0.0,0.13,11,3,1,40.065
85.5926,2,0.0,0.3,5,3,1,40.15
85.5974,2,0.0,0.44,48,3,1,40.22
85.6013,2,0.0,0.05,8,3,1,40.025
85.6044,2,0.0,0.08,11,3,1,40.04
85.6086,2,0.0,0.07,24,3,1,40.035
85.6134,2,0.0,0.11,6,3,1,40.055
85.6186,2,0.0,0.19,2,3,1,40.095
85.6228,2,0.0,0.06,7,3,1,40.03
85.6282,2,0.0,0.01,17,3,1,40.005
85.6331,2,0.0,0.04,2,3,1,40.02
85.6371,0,0.0,1.41,29,3,2,0.705
85.6411,2,0.0,0.04,3,3,1,40.02
85.6463,0,0.0,0.16,29,3,2,0.08
85.6506,2,0.0,0.41,28,3,1,40.205
85.6539,2,0.0,0.01,2,3,1,40.005
85.6585,2,0.0,0.06,9,1,1,40.03
85.6643,2,0.0,0.32,20,3,1,40.16
85.6686,2,0.0,0.18,14,3,1,40.09
85.6735,2,0.0,0.08,3,3,1,40.04
85.6796,4,0.0,0.2,15,3,0,80.1
85.6833,2,0.0,0.22,6,3,1,40.11
85.6879,2,0.0,0.07,2,3,1,40.035
85.6923,2,0.0,0.95,16,1,1,40.475
85.6972,2,0.0,1.13,46,3,1,40.565
85.7009,2,0.0,2.51,27,3,1,41.255
85.7059,2,0.0,0.19,7,3,1,40.095
85.711,2,0.0,0.03,4,3,1,40.015
85.7163,0,0.0,0.08,14,3,2,0.04
85.7229,2,0.0,0.07,8,3,1,40.035
85.729,2,0.0,0.17,30,3,1,40.085
85.7337,4,0.0,0.07,3,3,0,80.035
85.7374,2,0.0,0.03,2,3,1,40.015
85.7418,2,0.0,0.3,12,3,1,40.15
85.7459,0,0.0,0.12,44,3,2,0.06
85.7501,2,0.0,0.14,11,3,1,40.07
85.7542,2,0.0,0.11,8,3,1,40.055
85.7594,2,0.0,0.19,26,3,1,40.095
85.7647,2,0.0,0.87,17,1,1,40.435
85.7689,2,0.0,0.04,4,3,1,40.02
85.7734,2,0.0,0.2,8,3,1,40.1
85.7785,2,0.0,0.03,2,3,1,40.015
85.7834,3,0.0,0.21,24,3,1,60.105
85.7884,2,0.0,0.05,8,3,1,40.025
85.7949,0,0.0,0.06,28,3,2,0.03
85.7997,0,0.0,1.14,27,3,2,0.57
85.8047,2,0.0,0.08,4,3,1,40.04
85.809,2,0.0,0.03,19,3,1,40.015
85.8146,2,0.0,0.11,10,3,1,40.055
85.8186,2,0.0,0.19,9,3,1,40.095
85.8239,2,0.0,0.43,5,3,1,40.215
85.8293,3,0.0,0.16,21,3,1,60.08
85.8332,2,0.0,0.3,13,3,1,40.15
85.8376,2,0.0,0.27,8,3,1,40.135
85.8421,2,0.0,0.05,2,3,1,40.025
85.8473,2,0.0,0.11,9,3,1,40.055
85.8508,2,0.0,0.03,20,3,1,40.015
85.8557,2,0.0,0.15,52,3,1,40.075
85.8611,2,0.0,1.32,40,3,1,40.66
85.8658,2,21.3,3.68,29,3,1,67.4
85.8702,2,0.0,0.07,8,3,1,40.035
85.8743,2,0.0,0.19,10,3,1,40.095
85.8794,2,0.0,0.24,10,3,1,40.12
85.884,2,0.0,0.38,6,3,1,40.19
85.8881,2,0.0,0.65,9,3,1,40.325
85.8928,2,0.0,0.12,8,3,1,40.06
85.8974,3,0.0,0.73,22,3,1,60.365
85.9021,2,0.0,3.12,11,3,1,41.56
85.9065,3,8.3,1.37,19,3,1,70.64500000000001
85.9116,2,0.0,0.09,6,3,1,40.045
85.9162,2,0.0,0.11,6,3,1,40.055
85.9207,2,0.0,0.12,6,3,1,40.06
85.9254,2,0.0,0.3,11,3,1,40.15
85.9298,0,0.0,0.13,29,3,2,0.065
85.9345,2,0.0,1.69,13,3,1,40.845
85.9392,2,0.0,2.06,46,3,1,41.03
85.9446,2,0.0,0.0,10,3,1,40.0
85.9512,2,0.0,0.22,2,3,1,40.11
85.9579,2,99.0,0.43,22,3,0,159.01500000000001
85.9646,2,0.0,0.1,8,3,1,40.05
85.9686,0,0.0,0.66,28,3,2,0.33
85.9731,2,0.0,0.52,15,3,1,40.26
85.9783,2,0.0,0.05,8,3,1,40.025
85.9823,2,0.0,0.02,3,3,1,40.01
85.9875,0,0.0,1.69,28,3,2,0.845
85.9921,3,0.0,1.03,22,3,1,60.515
85.9963,2,0.0,0.31,25,3,1,40.155
86.001,2,0.0,0.16,6,3,1,40.08
86.0056,0,0.0,1.92,32,3,2,0.96
86.0097,2,0.0,0.04,1,3,1,40.02
86.0152,2,0.0,0.1,14,3,1,40.05
86.0205,2,0.0,0.18,10,3,1,40.09
86.0246,2,0.0,0.08,11,3,1,40.04
86.0299,2,0.0,0.13,6,3,1,40.065
86.0333,2,0.0,0.67,49,3,1,40.335
86.0374,2,0.0,0.13,8,3,1,40.065
86.0419,2,0.0,0.54,11,3,1,40.27
86.0474,2,0.0,0.52,30,3,1,40.26
87.061,2,0.0,0.79,45,3,1,40.395
87.0699,2,0.0,0.99,15,3,1,40.495
87.0777,2,0.0,0.04,3,3,1,40.02
87.0825,2,0.9,1.91,21,3,1,42.035
87.0866,2,0.0,0.02,3,3,1,40.01
87.092,3,0.0,0.14,6,3,1,60.07
87.0979,2,0.0,0.81,9,3,1,40.405
87.1034,2,0.0,0.09,3,3,1,40.045
87.1099,2,0.0,0.01,2,3,1,40.005
87.1173,4,0.0,0.42,17,3,0,80.21
87.1257,2,0.0,0.13,9,3,1,40.065
87.132,2,0.0,0.14,8,3,1,40.07
87.1374,2,0.0,0.01,2,3,1,40.005
87.1433,2,0.0,3.78,76,3,1,41.89
87.1503,2,0.0,0.22,23,3,1,40.11
87.1565,2,0.0,0.24,12,3,1,40.12
87.1611,2,0.0,0.05,5,3,1,40.025
87.1671,2,0.0,0.03,1,3,1,40.015
87.1731,0,0.0,0.09,28,3,2,0.045
87.1823,2,0.0,0.01,2,3,1,40.005
87.1891,1,0.0,0.09,14,3,2,20.045
87.1951,2,0.0,0.09,6,3,1,40.045
87.2009,2,0.0,0.04,8,3,1,40.02
87.2045,2,0.0,0.03,2,3,1,40.015
87.2096,2,0.0,0.3,5,3,1,40.15
87.2144,3,0.0,0.09,21,3,1,60.045
87.219,2,39.8,2.01,33,3,1,88.76499999999999
87.2261,2,0.0,0.34,24,3,1,40.17
87.232,2,0.0,0.21,7,3,1,40.105
87.2364,2,0.0,0.03,2,3,1,40.015
87.2407,2,0.0,0.63,60,3,1,40.315
87.2447,2,0.0,0.05,5,3,1,40.025
87.2495,2,0.0,0.73,31,1,1,40.365
87.2535,0,0.0,0.32,29,3,2,0.16
87.2575,2,0.0,0.26,31,3,1,40.13
87.2627,2,0.0,0.38,11,3,1,40.19
87.2667,2,0.0,0.0,38,1,1,40.0
87.2703,2,0.0,0.01,17,3,1,40.005
87.2746,2,0.0,0.13,11,3,1,40.065
87.2804,2,0.0,0.3,5,3,1,40.15
87.2844,2,0.0,0.44,47,3,1,40.22
87.289,2,0.0,0.05,8,3,1,40.025
87.2942,2,0.0,0.08,10,3,1,40.04
87.2985,2,0.0,0.07,24,3,1,40.035
87.3019,2,0.0,0.11,6,3,1,40.055
87.3059,2,0.0,0.19,2,3,1,40.095
87.311,2,0.0,0.06,7,3,1,40.03
87.3159,2,0.0,0.01,17,3,1,40.005
87.319,2,0.0,0.04,2,3,1,40.02
87.3254,0,0.0,1.41,29,3,2,0.705
87.3311,2,0.0,0.04,3,3,1,40.02
87.3355,0,0.0,0.16,29,3,2,0.08
87.3398,2,0.0,0.41,28,3,1,40.205
87.3444,2,0.0,0.01,2,3,1,40.005
87.3494,2,0.0,0.06,9,1,1,40.03
87.3539,2,0.0,0.32,20,3,1,40.16
87.3577,2,0.0,0.18,14,3,1,40.09
87.3633,2,0.0,0.08,2,3,1,40.04
87.3673,4,0.0,0.2,15,3,0,80.1
87.3732,2,0.0,0.22,6,3,1,40.11
87.3787,2,0.0,0.07,2,3,1,40.035
87.3834,2,0.0,0.95,16,1,1,40.475
87.3881,2,0.0,1.13,46,3,1,40.565
87.3926,2,0.0,2.51,27,3,1,41.255
87.3985,2,0.0,0.19,6,3,1,40.095
87.4045,2,0.0,0.03,4,3,1,40.015
87.4097,0,0.0,0.08,14,3,2,0.04
87.4159,2,0.0,0.07,7,3,1,40.035
87.4214,2,0.0,0.17,29,3,1,40.085
87.4273,4,0.0,0.07,3,3,0,80.035
87.4328,2,0.0,0.03,2,3,1,40.015
87.4401,2,0.0,0.3,12,3,1,40.15
87.4472,0,0.0,0.12,44,3,2,0.06
87.4537,2,0.0,0.14,11,3,1,40.07
87.4598,2,0.0,0.12,8,3,1,40.06
87.4659,2,0.0,0.19,26,3,1,40.095
87.4704,2,0.0,0.87,17,1,1,40.435
87.4756,2,0.0,0.04,4,3,1,40.02
87.4802,2,0.0,0.2,8,3,1,40.1
87.4852,2,0.0,0.03,1,3,1,40.015
87.4896,3,0.0,0.21,23,3,1,60.105
87.4959,2,0.0,0.05,8,3,1,40.025
87.502,0,0.0,0.06,28,3,2,0.03
87.5075,0,0.0,1.14,27,3,2,0.57
87.5135,2,0.0,0.08,4,3,1,40.04
87.5168,2,0.0,0.03,19,3,1,40.015
87.5214,2,0.0,0.11,10,3,1,40.055
87.5255,2,0.0,0.19,9,3,1,40.095
87.5311,2,0.0,0.43,5,3,1,40.215
87.5352,3,0.0,0.16,20,3,1,60.08
87.5396,2,0.0,0.3,13,3,1,40.15
87.5457,2,0.0,0.27,8,3,1,40.135
87.5505,2,0.0,0.05,2,3,1,40.025
87.5536,2,0.0,0.11,9,3,1,40.055
87.5582,2,0.0,0.03,20,3,1,40.015
87.5634,2,0.0,0.15,52,3,1,40.075
87.5665,2,0.0,1.32,40,3,1,40.66
87.571,2,29.4,3.69,29,3,1,77.125
87.5751,2,0.0,0.07,7,3,1,40.035
87.5813,2,0.0,0.19,10,3,1,40.095
87.5861,2,0.0,0.24,10,3,1,40.12
87.5896,2,0.0,0.38,6,3,1,40.19
87.5949,2,0.0,0.65,9,3,1,40.325
87.6002,2,0.0,0.12,8,3,1,40.06
87.6052,3,0.0,0.73,22,3,1,60.365
87.6109,2,0.0,3.12,11,3,1,41.56
87.6174,3,8.3,1.37,19,3,1,70.64500000000001
87.6219,2,0.0,0.09,5,3,1,40.045
87.627,2,0.0,0.11,6,3,1,40.055
87.6326,2,0.0,0.12,6,3,1,40.06
87.637,2,0.0,0.3,11,3,1,40.15
87.6414,0,0.0,0.13,29,3,2,0.065
87.647,2,0.0,1.69,12,3,1,40.845
87.6512,2,0.0,2.06,46,3,1,41.03
87.6553,2,0.0,0.0,10,3,1,40.0
87.6609,2,0.0,0.22,2,3,1,40.11
87.6666,2,99.1,0.43,22,3,0,159.135
87.6731,2,0.9,0.1,9,3,1,41.129999999999995
87.6793,0,0.0,0.66,28,3,2,0.33
87.6834,2,0.0,0.52,15,3,1,40.26
87.6881,2,0.0,0.05,8,3,1,40.025
87.6922,2,0.0,0.02,2,3,1,40.01
87.6979,0,0.0,1.69,28,3,2,0.845
87.7018,3,0.0,1.03,22,3,1,60.515
87.7059,2,0.0,0.31,25,3,1,40.155
87.7114,2,0.0,0.16,6,3,1,40.08
87.7156,0,1.8,1.92,32,3,2,3.12
87.7201,2,0.0,0.04,1,3,1,40.02
87.7253,2,0.0,0.1,14,3,1,40.05
87.7311,2,0.0,0.18,10,3,1,40.09
87.7357,2,0.0,0.08,11,3,1,40.04
87.7407,2,0.0,0.13,6,3,1,40.065
87.7458,2,0.0,0.67,49,3,1,40.335
87.7506,2,0.0,0.13,8,3,1,40.065
87.7547,2,0.0,0.54,11,3,1,40.27
87.7588,2,0.0,0.52,30,3,1,40.26
88.7789,2,0.9,0.79,45,3,1,41.475
88.7875,2,0.0,0.99,15,3,1,40.495
88.7951,2,0.0,0.04,3,3,1,40.02
88.8028,2,1.8,1.91,21,3,1,43.114999999999995
88.8093,2,0.0,0.02,3,3,1,40.01
88.8163,3,0.0,0.14,6,3,1,60.07
88.8211,2,0.0,0.81,9,3,1,40.405
88.8261,2,0.0,0.09,3,3,1,40.045
88.8321,2,0.0,0.01,2,3,1,40.005
88.8388,4,0.0,0.42,17,3,0,80.21
88.8442,2,0.0,0.13,9,3,1,40.065
88.8496,2,0.0,0.14,8,3,1,40.07
88.8529,2,0.0,0.01,2,3,1,40.005
88.8593,2,0.0,3.78,76,3,1,41.89
88.8644,2,0.0,0.22,23,3,1,40.11
88.87,2,0.0,0.24,12,3,1,40.12
88.8751,2,0.0,0.05,5,3,1,40.025
88.8805,2,0.0,0.03,1,3,1,40.015
88.8843,0,0.0,0.09,28,3,2,0.045
88.8889,2,0.0,0.01,2,3,1,40.005
88.8932,1,0.0,0.09,14,3,2,20.045
88.8978,2,0.0,0.09,6,3,1,40.045
88.9013,2,0.0,0.04,8,3,1,40.02
88.9065,2,0.0,0.03,2,3,1,40.015
88.9117,2,0.0,0.3,5,3,1,40.15
88.916,3,0.0,0.09,21,3,1,60.045
88.9203,2,40.4,2.01,33,3,1,89.48499999999999
88.9254,2,0.0,0.34,24,3,1,40.17
88.9299,2,0.0,0.21,7,3,1,40.105
88.9332,2,0.0,0.03,2,3,1,40.015
88.9378,2,0.0,0.63,60,3,1,40.315
88.9421,2,0.0,0.05,5,3,1,40.025
88.947,2,0.0,0.73,31,1,1,40.365
88.9531,0,0.0,0.32,29,3,2,0.16
88.9577,2,0.0,0.26,31,3,1,40.13
88.9628,2,0.0,0.38,11,3,1,40.19
88.9681,2,0.0,0.0,38,1,1,40.0
88.9724,2,0.0,0.01,17,3,1,40.005
88.9776,2,0.0,0.13,11,3,1,40.065
88.9821,2,0.0,0.3,5,3,1,40.15
88.9859,2,0.0,0.44,48,3,1,40.22
88.9898,2,0.0,0.05,8,3,1,40.025
88.9939,2,0.0,0.08,10,3,1,40.04
88.999,2,0.0,0.07,24,3,1,40.035
89.0035,2,0.0,0.11,6,3,1,40.055
89.0077,2,0.0,0.19,2,3,1,40.095
89.0128,2,0.0,0.06,7,3,1,40.03
89.0178,2,0.0,0.01,17,3,1,40.005
89.022,2,0.0,0.04,2,3,1,40.02
89.0266,0,0.0,1.41,29,3,2,0.705
89.0319,2,0.0,0.04,3,3,1,40.02
89.0355,0,0.0,0.16,29,3,2,0.08
89.0395,2,0.0,0.41,28,3,1,40.205
89.0463,2,0.0,0.01,2,3,1,40.005
89.0512,2,0.0,0.06,9,1,1,40.03
89.0549,2,0.9,0.32,20,3,1,41.239999999999995
89.0611,2,0.0,0.18,14,3,1,40.09
89.0655,2,0.0,0.08,3,3,1,40.04
89.0699,4,0.0,0.2,15,3,0,80.1
89.074,2,0.0,0.22,6,3,1,40.11
89.0794,2,0.0,0.07,2,3,1,40.035
89.0833,2,0.0,0.95,16,1,1,40.475
89.0883,2,0.9,1.13,46,3,1,41.644999999999996
89.0939,2,0.0,2.51,27,3,1,41.255
89.0985,2,0.0,0.19,7,3,1,40.095
89.103,2,0.0,0.03,4,3,1,40.015
89.1082,0,0.0,0.08,14,3,2,0.04
89.1142,2,0.0,0.07,8,3,1,40.035
89.1187,2,0.0,0.17,30,3,1,40.085
89.1233,4,0.0,0.07,3,3,0,80.035
89.1322,2,0.0,0.03,2,3,1,40.015
89.1444,2,0.9,0.3,12,3,1,41.23
89.1525,0,0.0,0.12,44,3,2,0.06
89.1612,2,0.0,0.14,11,3,1,40.07
89.1685,2,0.0,0.12,8,3,1,40.06
89.1738,2,0.0,0.19,26,3,1,40.095
89.1788,2,0.0,0.87,17,1,1,40.435
89.1826,2,0.0,0.04,4,3,1,40.02
89.1865,2,0.0,0.2,8,3,1,40.1
89.1911,2,0.0,0.03,2,3,1,40.015
89.1952,3,0.0,0.21,24,3,1,60.105
89.1998,2,0.0,0.05,8,3,1,40.025
89.2036,0,0.0,0.06,28,3,2,0.03
89.2078,0,0.0,1.14,27,3,2,0.57
89.2129,2,0.0,0.08,4,3,1,40.04
89.2171,2,0.0,0.03,19,3,1,40.015
89.2216,2,0.0,0.11,10,3,1,40.055
89.2269,2,0.0,0.19,9,3,1,40.095
89.2303,2,0.0,0.43,5,3,1,40.215
89.235,3,0.0,0.16,21,3,1,60.08
89.2394,2,0.0,0.3,13,3,1,40.15
89.2445,2,0.0,0.27,8,3,1,40.135
89.249,2,0.0,0.05,2,3,1,40.025
89.2552,2,0.0,0.11,9,3,1,40.055
89.2654,2,0.0,0.03,20,3,1,40.015
89.2701,2,0.0,0.15,52,3,1,40.075
89.2754,2,0.9,1.32,40,3,1,41.739999999999995
89.28,2,34.5,3.69,29,3,1,83.245
89.286,2,0.0,0.07,8,3,1,40.035
89.2906,2,0.0,0.19,10,3,1,40.095
89.2973,2,0.0,0.24,10,3,1,40.12
89.3041,2,0.0,0.38,6,3,1,40.19
89.3089,2,0.0,0.65,9,3,1,40.325
89.3166,2,0.0,0.12,8,3,1,40.06
89.3223,3,0.0,0.73,22,3,1,60.365
89.3274,2,0.0,3.12,11,3,1,41.56
89.3332,3,8.2,1.37,19,3,1,70.525
89.3372,2,0.0,0.09,6,3,1,40.045
89.3421,2,0.0,0.11,6,3,1,40.055
89.3462,2,0.0,0.12,6,3,1,40.06
89.3506,2,0.0,0.3,11,3,1,40.15
89.3542,0,0.0,0.13,29,3,2,0.065
89.3583,2,0.0,1.69,13,3,1,40.845
89.3637,2,0.0,2.06,46,3,1,41.03
89.3682,2,0.0,0.0,10,3,1,40.0
89.3728,2,0.0,0.22,2,3,1,40.11
89.3778,2,97.3,0.43,22,3,0,156.975
89.3827,2,0.0,0.1,8,3,1,40.05
89.3884,0,0.0,0.66,28,3,2,0.33
89.3937,2,0.0,0.52,15,3,1,40.26
89.3972,2,0.0,0.05,8,3,1,40.025
89.4014,2,0.0,0.02,3,3,1,40.01
89.4057,0,0.0,1.69,28,3,2,0.845
89.4113,3,0.0,1.03,22,3,1,60.515
89.4168,2,0.0,0.31,25,3,1,40.155
89.4224,2,0.0,0.16,6,3,1,40.08
89.4276,0,1.8,1.92,32,3,2,3.12
89.4311,2,0.0,0.04,1,3,1,40.02
89.4348,2,0.0,0.1,14,3,1,40.05
89.4392,2,0.0,0.18,10,3,1,40.09
89.4436,2,0.0,0.08,11,3,1,40.04
89.448,2,0.0,0.13,6,3,1,40.065
89.452,2,0.0,0.67,49,3,1,40.335
89.4561,2,0.0,0.13,8,3,1,40.065
89.4621,2,0.0,0.54,11,3,1,40.27
89.4669,2,0.0,0.52,30,3,1,40.26
90.482,2,0.9,0.79,46,3,1,41.475
90.4891,2,0.0,0.99,15,3,1,40.495
90.4938,2,0.0,0.04,3,3,1,40.02
90.4997,2,6.4,1.91,21,3,1,48.635
90.5067,2,0.0,0.02,3,3,1,40.01
90.5126,3,0.0,0.14,6,3,1,60.07
90.5171,2,0.0,0.81,9,3,1,40.405
90.5211,2,0.0,0.09,3,3,1,40.045
90.5267,2,0.0,0.01,2,3,1,40.005
90.532,4,0.0,0.42,17,3,0,80.21
90.5374,2,0.0,0.13,9,3,1,40.065
90.5435,2,0.0,0.14,8,3,1,40.07
90.5481,2,0.0,0.01,2,3,1,40.005
90.5534,2,0.0,3.78,76,3,1,41.89
90.5584,2,0.0,0.22,23,3,1,40.11
90.5641,2,0.0,0.24,12,3,1,40.12
90.5681,2,0.0,0.05,5,3,1,40.025
90.5731,2,0.0,0.03,1,3,1,40.015
90.5793,0,0.0,0.09,28,3,2,0.045
90.5838,2,0.0,0.01,2,3,1,40.005
90.5888,1,0.0,0.09,14,3,2,20.045
90.594,2,0.0,0.09,6,3,1,40.045
90.5979,2,0.0,0.04,8,3,1,40.02
90.6024,2,0.0,0.03,2,3,1,40.015
90.6062,2,0.0,0.3,5,3,1,40.15
90.6093,3,0.0,0.09,21,3,1,60.045
90.6143,2,38.9,2.01,33,3,1,87.685
90.6194,2,0.0,0.34,24,3,1,40.17
90.6251,2,0.0,0.21,7,3,1,40.105
90.6304,2,0.0,0.03,2,3,1,40.015
90.6344,2,0.9,0.63,60,3,1,41.394999999999996
90.6387,2,0.0,0.05,5,3,1,40.025
90.6438,2,0.0,0.73,31,1,1,40.365
90.6473,0,0.0,0.32,29,3,2,0.16
90.6513,2,0.0,0.26,31,3,1,40.13
90.6554,2,0.0,0.38,11,3,1,40.19
90.6596,2,0.0,0.0,38,1,1,40.0
90.6659,2,0.0,0.01,17,3,1,40.005
90.6711,2,0.0,0.13,11,3,1,40.065
90.6769,2,0.0,0.29,6,3,1,40.145
90.6803,2,0.0,0.44,48,3,1,40.22
90.6857,2,0.0,0.05,8,3,1,40.025
90.6893,2,0.0,0.08,10,3,1,40.04
90.6943,2,0.0,0.07,24,3,1,40.035
90.6986,2,0.0,0.11,6,3,1,40.055
90.7018,2,0.0,0.19,2,3,1,40.095
90.7059,2,0.0,0.06,7,3,1,40.03
90.7121,2,0.0,0.01,17,3,1,40.005
90.7171,2,0.0,0.04,2,3,1,40.02
90.7215,0,0.0,1.41,29,3,2,0.705
90.7266,2,0.0,0.04,3,3,1,40.02
90.7309,0,0.0,0.16,29,3,2,0.08
90.7351,2,0.0,0.41,28,3,1,40.205
90.7382,2,0.0,0.01,2,3,1,40.005
90.7434,2,0.0,0.06,9,1,1,40.03
90.7474,2,0.0,0.32,20,3,1,40.16
90.7517,2,0.0,0.18,14,3,1,40.09
90.7563,2,0.0,0.08,3,3,1,40.04
90.7617,4,0.0,0.2,15,3,0,80.1
90.767,2,0.0,0.22,6,3,1,40.11
90.7727,2,0.0,0.07,2,3,1,40.035
90.7788,2,0.0,0.95,16,1,1,40.475
90.784,2,0.0,1.13,46,3,1,40.565
90.7894,2,0.0,2.51,27,3,1,41.255
90.7958,2,0.0,0.19,7,3,1,40.095
90.8001,2,0.0,0.03,4,3,1,40.015
90.8045,0,0.0,0.08,14,3,2,0.04
90.8104,2,0.0,0.07,8,3,1,40.035
90.815,2,0.0,0.17,30,3,1,40.085
90.8194,4,0.0,0.07,3,3,0,80.035
90.8246,2,0.0,0.03,2,3,1,40.015
90.8289,2,0.0,0.3,12,3,1,40.15
90.834,0,0.0,0.12,44,3,2,0.06
90.8379,2,0.0,0.14,11,3,1,40.07
90.8423,2,0.0,0.12,8,3,1,40.06
90.8468,2,0.0,0.2,26,3,1,40.1
90.8503,2,0.0,0.87,17,1,1,40.435
90.8556,2,0.0,0.04,4,3,1,40.02
90.861,2,0.0,0.2,8,3,1,40.1
90.8648,2,0.0,0.03,2,3,1,40.015
90.8689,3,0.0,0.21,24,3,1,60.105
90.8753,2,0.0,0.05,8,3,1,40.025
90.8806,0,0.0,0.06,28,3,2,0.03
90.8848,0,0.0,1.14,27,3,2,0.57
90.8889,2,0.0,0.08,4,3,1,40.04
90.8933,2,0.0,0.03,19,3,1,40.015
90.8979,2,0.0,0.11,10,3,1,40.055
90.903,2,0.0,0.19,9,3,1,40.095
90.9084,2,0.0,0.43,5,3,1,40.215
90.9134,3,0.0,0.16,21,3,1,60.08
90.9176,2,0.0,0.3,13,3,1,40.15
90.9238,2,0.0,0.27,8,3,1,40.135
90.9293,2,0.0,0.05,2,3,1,40.025
90.9349,2,0.0,0.11,9,3,1,40.055
90.9393,2,0.0,0.03,20,3,1,40.015
90.9444,2,0.0,0.15,52,3,1,40.075
90.9485,2,0.0,1.32,40,3,1,40.66
90.9535,2,27.1,3.69,29,3,1,74.36500000000001
90.9587,2,0.0,0.07,8,3,1,40.035
90.964,2,0.0,0.19,10,3,1,40.095
90.9681,2,0.0,0.24,10,3,1,40.12
90.9724,2,0.0,0.38,6,3,1,40.19
90.9774,2,0.0,0.65,9,3,1,40.325
90.9834,2,0.0,0.12,8,3,1,40.06
90.9874,3,0.0,0.73,22,3,1,60.365
90.9928,2,0.0,3.12,11,3,1,41.56
90.997,3,12.3,1.37,19,3,1,75.44500000000001
91.0019,2,0.0,0.09,6,3,1,40.045
91.0061,2,0.0,0.11,6,3,1,40.055
91.0119,2,0.0,0.12,6,3,1,40.06
91.0168,2,0.0,0.3,11,3,1,40.15
91.0204,0,0.0,0.13,29,3,2,0.065
91.0256,2,0.0,1.69,13,3,1,40.845
91.0309,2,0.0,2.06,46,3,1,41.03
91.0353,2,0.0,0.0,10,3,1,40.0
91.0393,2,0.0,0.22,2,3,1,40.11
91.0443,2,94.4,0.43,22,3,0,153.495
91.0492,2,0.0,0.1,8,3,1,40.05
91.0535,0,0.0,0.66,28,3,2,0.33
91.0583,2,0.0,0.52,15,3,1,40.26
91.0632,2,0.0,0.05,8,3,1,40.025
91.0672,2,0.0,0.02,3,3,1,40.01
91.0706,0,0.0,1.69,28,3,2,0.845
91.0763,3,0.0,1.03,22,3,1,60.515
91.0807,2,0.0,0.31,25,3,1,40.155
91.0853,2,0.0,0.16,6,3,1,40.08
91.0893,0,0.9,1.92,32,3,2,2.04
91.0957,2,0.0,0.04,1,3,1,40.02
91.1002,2,0.0,0.1,14,3,1,40.05
91.104,2,0.0,0.18,10,3,1,40.09
91.1091,2,0.0,0.08,11,3,1,40.04
91.114,2,0.0,0.13,6,3,1,40.065
91.117,2,0.0,0.67,49,3,1,40.335
91.1213,2,0.0,0.13,8,3,1,40.065
91.1274,2,0.0,0.54,11,3,1,40.27
91.1307,2,0.0,0.52,30,3,1,40.26
92.1504,2,0.0,0.79,46,3,1,40.395
92.1594,2,0.0,0.99,15,3,1,40.495
92.1686,2,0.0,0.04,3,3,1,40.02
92.1772,2,1.9,1.91,21,3,1,43.235
92.1833,2,0.0,0.02,3,3,1,40.01
92.1897,3,0.0,0.14,6,3,1,60.07
92.1949,2,0.0,0.81,9,3,1,40.405
92.2003,2,0.0,0.09,3,3,1,40.045
92.2084,2,0.0,0.01,2,3,1,40.005
92.214,4,0.0,0.42,17,3,0,80.21
92.221,2,0.0,0.13,9,3,1,40.065
92.2277,2,0.0,0.14,8,3,1,40.07
92.2338,2,0.0,0.01,2,3,1,40.005
92.2419,2,0.9,3.78,76,3,1,42.97
92.25,2,0.0,0.22,23,3,1,40.11
92.2564,2,0.0,0.24,12,3,1,40.12
92.2611,2,0.0,0.05,5,3,1,40.025
92.2654,2,0.0,0.03,1,3,1,40.015
92.2686,0,0.0,0.09,28,3,2,0.045
92.274,2,0.0,0.01,2,3,1,40.005
92.28,1,0.0,0.09,14,3,2,20.045
92.2854,2,0.0,0.09,6,3,1,40.045
92.2903,2,0.0,0.04,8,3,1,40.02
92.2952,2,0.0,0.03,2,3,1,40.015
92.3001,2,0.0,0.3,5,3,1,40.15
92.3048,3,0.0,0.09,21,3,1,60.045
92.3096,2,39.5,2.01,33,3,1,88.405
92.314,2,0.0,0.34,24,3,1,40.17
92.3196,2,0.0,0.21,7,3,1,40.105
92.3252,2,0.0,0.03,2,3,1,40.015
92.3307,2,0.0,0.63,60,3,1,40.315
92.3345,2,0.0,0.05,5,3,1,40.025
92.3441,2,0.0,0.73,31,1,1,40.365
92.3514,0,0.0,0.32,29,3,2,0.16
92.356,2,0.0,0.26,31,3,1,40.13
92.362,2,1.8,0.38,12,3,1,42.349999999999994
92.3667,2,0.0,0.0,38,1,1,40.0
92.3723,2,0.0,0.01,17,3,1,40.005
92.3775,2,0.0,0.13,11,3,1,40.065
92.3809,2,0.0,0.29,6,3,1,40.145
92.3856,2,0.0,0.44,48,3,1,40.22
92.3919,2,0.0,0.05,8,3,1,40.025
92.3965,2,0.0,0.08,10,3,1,40.04
92.401,2,0.0,0.07,24,3,1,40.035
92.4051,2,0.0,0.11,6,3,1,40.055
92.4103,2,0.0,0.19,2,3,1,40.095
92.4148,2,0.0,0.06,7,3,1,40.03
92.4188,2,0.0,0.01,17,3,1,40.005
92.4231,2,0.0,0.04,2,3,1,40.02
92.4282,0,0.0,1.41,29,3,2,0.705
92.4319,2,0.0,0.04,3,3,1,40.02
92.4373,0,0.0,0.16,29,3,2,0.08
92.4421,2,0.0,0.41,28,3,1,40.205
92.4475,2,0.0,0.01,2,3,1,40.005
92.4511,2,0.0,0.06,9,1,1,40.03
92.4562,2,0.0,0.32,20,3,1,40.16
92.4606,2,0.0,0.18,14,3,1,40.09
92.4649,2,0.0,0.08,3,3,1,40.04
92.4679,4,0.0,0.2,15,3,0,80.1
92.4722,2,0.0,0.22,6,3,1,40.11
92.4772,2,0.0,0.07,2,3,1,40.035
92.482,2,0.0,0.95,16,1,1,40.475
92.4864,2,0.0,1.13,46,3,1,40.565
92.4914,2,0.0,2.51,27,3,1,41.255
92.4955,2,0.0,0.19,7,3,1,40.095
92.5004,2,0.0,0.03,4,3,1,40.015
92.5045,0,0.0,0.08,14,3,2,0.04
92.5091,2,0.0,0.07,8,3,1,40.035
92.5129,2,0.0,0.17,30,3,1,40.085
92.517,4,0.0,0.07,3,3,0,80.035
92.5204,2,0.0,0.03,2,3,1,40.015
92.5264,2,0.0,0.3,12,3,1,40.15
92.5322,0,0.0,0.12,44,3,2,0.06
92.5364,2,0.0,0.14,11,3,1,40.07
92.5414,2,0.0,0.12,8,3,1,40.06
92.5454,2,0.0,0.2,26,3,1,40.1
92.5503,2,0.0,0.87,17,1,1,40.435
92.5546,2,0.0,0.04,4,3,1,40.02
92.5597,2,0.0,0.2,8,3,1,40.1
92.564,2,0.0,0.03,2,3,1,40.015
92.5691,3,0.0,0.21,24,3,1,60.105
92.5781,2,0.0,0.05,8,3,1,40.025
92.5844,0,0.0,0.06,28,3,2,0.03
92.5913,0,0.0,1.14,27,3,2,0.57
92.5969,2,0.0,0.08,4,3,1,40.04
92.6014,2,0.0,0.03,19,3,1,40.015
92.605,2,0.0,0.11,10,3,1,40.055
92.609,2,0.0,0.19,9,3,1,40.095
92.6139,2,0.0,0.43,5,3,1,40.215
92.618,3,0.0,0.16,21,3,1,60.08
92.6232,2,0.0,0.3,13,3,1,40.15
92.6284,2,0.0,0.27,8,3,1,40.135
92.6333,2,0.0,0.05,2,3,1,40.025
92.6372,2,0.0,0.11,9,3,1,40.055
92.6424,2,0.0,0.03,20,3,1,40.015
92.6469,2,0.0,0.15,52,3,1,40.075
92.651,2,0.0,1.32,40,3,1,40.66
92.655,2,44.0,3.67,29,3,1,94.63499999999999
92.6594,2,0.0,0.07,8,3,1,40.035
92.664,2,0.0,0.19,10,3,1,40.095
92.669,2,0.0,0.24,10,3,1,40.12
92.6738,2,0.0,0.38,6,3,1,40.19
92.6789,2,0.0,0.65,9,3,1,40.325
92.6833,2,0.0,0.12,8,3,1,40.06
92.6873,3,0.0,0.73,22,3,1,60.365
92.6926,2,0.0,3.12,11,3,1,41.56
92.6963,3,10.1,1.37,19,3,1,72.805
92.6995,2,0.0,0.09,6,3,1,40.045
92.7038,2,0.0,0.11,6,3,1,40.055
92.7079,2,0.0,0.12,6,3,1,40.06
92.7129,2,0.0,0.3,11,3,1,40.15
92.7175,0,0.0,0.13,29,3,2,0.065
92.7215,2,0.0,1.69,13,3,1,40.845
92.727,2,0.0,2.06,46,3,1,41.03
92.7318,2,0.0,0.0,10,3,1,40.0
92.736,2,0.0,0.22,2,3,1,40.11
92.7418,2,96.3,0.43,22,3,0,155.775
92.746,2,0.0,0.1,8,3,1,40.05
92.75,0,0.0,0.66,26,3,2,0.33
92.754,2,0.0,0.52,15,3,1,40.26
92.7597,2,0.0,0.05,8,3,1,40.025
92.7646,2,0.0,0.02,3,3,1,40.01
92.769,0,0.0,1.69,28,3,2,0.845
92.7739,3,0.0,1.03,22,3,1,60.515
92.7789,2,0.0,0.31,25,3,1,40.155
92.7842,2,0.0,0.16,6,3,1,40.08
92.7888,0,0.9,1.92,32,3,2,2.04
92.7975,2,0.0,0.04,1,3,1,40.02
92.803,2,0.0,0.1,14,3,1,40.05
92.8087,2,0.0,0.18,10,3,1,40.09
92.8142,2,0.0,0.08,11,3,1,40.04
92.819,2,0.0,0.13,6,3,1,40.065
92.8233,2,0.0,0.67,49,3,1,40.335
92.8287,2,0.0,0.13,8,3,1,40.065
92.8322,2,0.0,0.54,11,3,1,40.27
92.8371,2,0.0,0.52,30,3,1,40.26
93.8523,2,0.0,0.79,46,3,1,40.395
93.8595,2,0.0,0.99,15,3,1,40.495
93.8672,2,0.0,0.04,3,3,1,40.02
93.8759,2,2.8,1.91,21,3,1,44.315
93.8841,2,0.0,0.02,4,3,1,40.01
93.8915,3,0.0,0.14,6,3,1,60.07
93.8969,2,0.0,0.81,9,3,1,40.405
93.9013,2,0.0,0.09,3,3,1,40.045
93.9056,2,0.0,0.01,2,3,1,40.005
93.9113,4,0.0,0.42,17,3,0,80.21
93.9169,2,0.0,0.13,9,3,1,40.065
93.9214,2,0.0,0.14,8,3,1,40.07
93.9275,2,0.0,0.01,2,3,1,40.005
93.933,2,0.0,3.78,76,3,1,41.89
93.9401,2,0.0,0.22,23,3,1,40.11
93.9486,2,0.0,0.24,12,3,1,40.12
93.9565,2,0.0,0.05,5,3,1,40.025
93.9638,2,0.0,0.03,1,3,1,40.015
93.9703,0,0.0,0.09,28,3,2,0.045
93.9764,2,0.0,0.01,2,3,1,40.005
93.982,1,0.0,0.08,14,3,2,20.04
93.9859,2,0.0,0.09,6,3,1,40.045
93.9912,2,0.0,0.04,8,3,1,40.02
93.9953,2,0.0,0.03,2,3,1,40.015
94.0004,2,0.0,0.3,5,3,1,40.15
94.0064,3,0.0,0.09,21,3,1,60.045
94.0117,2,41.7,2.02,33,3,1,91.05
94.0169,2,0.0,0.34,24,3,1,40.17
94.0233,2,0.0,0.21,7,3,1,40.105
94.0284,2,0.0,0.03,2,3,1,40.015
94.0323,2,0.0,0.63,60,3,1,40.315
94.0367,2,0.0,0.05,5,3,1,40.025
94.0427,2,0.0,0.73,31,1,1,40.365
94.0483,0,0.0,0.32,29,3,2,0.16
94.0527,2,0.0,0.26,31,3,1,40.13
94.0579,2,0.9,0.38,12,3,1,41.269999999999996
94.063,2,0.0,0.0,38,1,1,40.0
94.0677,2,0.0,0.01,17,3,1,40.005
94.071,2,0.0,0.13,11,3,1,40.065
94.0771,2,0.0,0.29,6,3,1,40.145
94.0805,2,0.0,0.44,48,3,1,40.22
94.0852,2,0.0,0.05,8,3,1,40.025
94.0899,2,0.0,0.08,10,3,1,40.04
94.0951,2,0.0,0.07,24,3,1,40.035
94.1,2,0.0,0.11,6,3,1,40.055
94.1057,2,0.0,0.19,2,3,1,40.095
94.1109,2,0.0,0.06,7,3,1,40.03
94.1147,2,0.0,0.01,17,3,1,40.005
94.1192,2,0.0,0.04,2,3,1,40.02
94.1252,0,0.0,1.41,29,3,2,0.705
94.1297,2,0.0,0.04,3,3,1,40.02
94.1337,0,0.0,0.16,29,3,2,0.08
94.1386,2,0.0,0.41,29,3,1,40.205
94.1437,2,0.0,0.01,2,3,1,40.005
94.1511,2,0.0,0.05,9,1,1,40.025
94.1578,2,0.0,0.32,20,3,1,40.16
94.1633,2,0.0,0.18,14,3,1,40.09
94.1686,2,0.0,0.08,3,3,1,40.04
94.1741,4,0.0,0.2,15,3,0,80.1
94.1791,2,0.0,0.22,6,3,1,40.11
94.1825,2,0.0,0.07,2,3,1,40.035
94.1865,2,0.0,0.95,16,1,1,40.475
94.1908,2,0.0,1.13,46,3,1,40.565
94.1961,2,0.0,2.51,27,3,1,41.255
94.1997,2,0.0,0.19,7,3,1,40.095
94.205,2,0.0,0.03,4,3,1,40.015
94.2101,0,0.0,0.08,14,3,2,0.04
94.2149,2,0.0,0.07,8,3,1,40.035
94.2204,2,0.0,0.17,30,3,1,40.085
94.2255,4,0.0,0.07,3,3,0,80.035
94.2297,2,0.0,0.03,2,3,1,40.015
94.2344,2,0.0,0.3,12,3,1,40.15
94.2375,0,0.0,0.12,44,3,2,0.06
94.2426,2,0.0,0.14,11,3,1,40.07
94.2472,2,0.0,0.12,8,3,1,40.06
94.2519,2,0.0,0.19,26,3,1,40.095
94.2564,2,0.0,0.87,17,1,1,40.435
94.2622,2,0.0,0.04,4,3,1,40.02
94.2663,2,0.0,0.2,8,3,1,40.1
94.2706,2,0.0,0.03,2,3,1,40.015
94.2762,3,0.0,0.21,24,3,1,60.105
94.2822,2,0.0,0.05,8,3,1,40.025
94.2887,0,0.0,0.06,28,3,2,0.03
94.2947,0,0.0,1.14,27,3,2,0.57
94.3011,2,0.0,0.08,4,3,1,40.04
94.3074,2,0.0,0.03,19,3,1,40.015
94.313,2,0.0,0.11,10,3,1,40.055
94.3173,2,0.0,0.19,9,3,1,40.095
94.322,2,0.0,0.43,5,3,1,40.215
94.3283,3,0.0,0.16,21,3,1,60.08
94.339,2,0.0,0.3,13,3,1,40.15
94.3476,2,0.0,0.27,8,3,1,40.135
94.358,2,0.0,0.05,2,3,1,40.025
94.3634,2,0.0,0.11,9,3,1,40.055
94.3665,2,0.0,0.03,20,3,1,40.015
94.3716,2,0.0,0.15,52,3,1,40.075
94.3773,2,0.0,1.32,40,3,1,40.66
94.3813,2,40.9,3.69,29,3,1,90.925
94.3854,2,0.0,0.07,8,3,1,40.035
94.3897,2,0.0,0.19,10,3,1,40.095
94.3947,2,0.0,0.24,10,3,1,40.12
94.3983,2,0.0,0.38,6,3,1,40.19
94.402,2,0.0,0.65,9,3,1,40.325
94.4061,2,0.0,0.12,8,3,1,40.06
94.4112,3,0.0,0.73,22,3,1,60.365
94.4166,2,0.0,3.12,11,3,1,41.56
94.421,3,9.9,1.37,19,3,1,72.565
94.4263,2,0.0,0.09,6,3,1,40.045
94.4304,2,0.0,0.11,6,3,1,40.055
94.4341,2,0.0,0.12,6,3,1,40.06
94.4382,2,0.0,0.3,11,3,1,40.15
94.4422,0,0.0,0.13,29,3,2,0.065
94.4462,2,0.0,1.69,13,3,1,40.845
94.4505,2,0.0,2.06,46,3,1,41.03
94.4545,2,0.0,0.0,10,3,1,40.0
94.4598,2,0.0,0.22,2,3,1,40.11
94.4649,2,96.3,0.43,22,3,0,155.775
94.4691,2,0.0,0.1,8,3,1,40.05
94.4735,0,0.0,0.66,26,3,2,0.33
94.4785,2,0.0,0.52,15,3,1,40.26
94.4836,2,0.0,0.05,8,3,1,40.025
94.4877,2,0.0,0.02,3,3,1,40.01
94.4928,0,0.0,1.69,28,3,2,0.845
94.497,3,0.0,1.03,22,3,1,60.515
94.5004,2,0.0,0.31,25,3,1,40.155
94.5052,2,0.0,0.16,6,3,1,40.08
94.5096,0,0.0,1.92,32,3,2,0.96
94.515,2,0.0,0.04,1,3,1,40.02
94.5191,2,0.0,0.1,14,3,1,40.05
94.5235,2,0.0,0.18,10,3,1,40.09
94.529,2,0.0,0.08,11,3,1,40.04
94.5328,2,0.0,0.13,6,3,1,40.065
94.5372,2,0.0,0.67,49,3,1,40.335
94.542,2,0.0,0.13,8,3,1,40.065
94.5463,2,0.0,0.54,11,3,1,40.27
94.5513,2,0.0,0.52,30,3,1,40.26
95.5626,2,0.0,0.79,46,3,1,40.395
95.5693,2,0.0,0.99,16,3,1,40.495
95.5746,2,0.0,0.04,3,3,1,40.02
95.5787,2,2.8,1.91,21,3,1,44.315
95.5834,2,0.0,0.02,4,3,1,40.01
95.5899,3,0.0,0.14,6,3,1,60.07
95.5956,2,0.0,0.81,9,3,1,40.405
95.6014,2,0.0,0.09,3,3,1,40.045
95.6054,2,0.0,0.01,2,3,1,40.005
95.6141,4,0.0,0.42,18,3,0,80.21
95.6184,2,0.0,0.13,9,3,1,40.065
95.6227,2,0.0,0.14,8,3,1,40.07
95.6289,2,0.0,0.01,2,3,1,40.005
95.6327,2,0.9,3.78,76,3,1,42.97
95.6381,2,0.0,0.22,23,3,1,40.11
95.6429,2,0.0,0.24,12,3,1,40.12
95.6476,2,0.0,0.05,5,3,1,40.025
95.654,2,0.0,0.03,1,3,1,40.015
95.6591,0,0.0,0.09,28,3,2,0.045
95.6642,2,0.0,0.01,2,3,1,40.005
95.669,1,0.0,0.08,14,3,2,20.04
95.6746,2,0.0,0.09,6,3,1,40.045
95.6799,2,0.0,0.04,8,3,1,40.02
95.6848,2,0.0,0.03,2,3,1,40.015
95.6886,2,0.0,0.3,5,3,1,40.15
95.6939,3,0.0,0.09,21,3,1,60.045
95.6976,2,35.2,2.02,33,3,1,83.25000000000001
95.702,2,0.0,0.34,24,3,1,40.17
95.7061,2,0.0,0.21,7,3,1,40.105
95.7112,2,0.0,0.03,2,3,1,40.015
95.7156,2,0.0,0.63,60,3,1,40.315
95.7195,2,0.0,0.05,5,3,1,40.025
95.7246,2,0.0,0.73,31,1,1,40.365
95.7286,0,0.0,0.32,29,3,2,0.16
95.7333,2,0.0,0.26,31,3,1,40.13
95.7369,2,0.0,0.38,12,3,1,40.19
95.7411,2,0.0,0.0,38,1,1,40.0
95.7462,2,0.0,0.01,17,3,1,40.005
95.7494,2,0.0,0.13,11,3,1,40.065
95.7543,2,0.0,0.29,6,3,1,40.145
95.7593,2,0.0,0.44,50,3,1,40.22
95.764,2,0.0,0.05,8,3,1,40.025
95.7681,2,0.0,0.08,10,3,1,40.04
95.7736,2,0.0,0.07,24,3,1,40.035
95.7777,2,0.0,0.11,6,3,1,40.055
95.782,2,0.0,0.19,2,3,1,40.095
95.7855,2,0.0,0.06,7,3,1,40.03
95.7905,2,0.0,0.01,17,3,1,40.005
95.7946,2,0.0,0.04,2,3,1,40.02
95.7998,0,0.0,1.41,29,3,2,0.705
95.8034,2,0.0,0.04,3,3,1,40.02
95.8094,0,0.0,0.16,29,3,2,0.08
95.8142,2,0.0,0.41,29,3,1,40.205
95.8184,2,0.0,0.01,2,3,1,40.005
95.825,2,0.0,0.05,9,1,1,40.025
95.8301,2,0.0,0.32,20,3,1,40.16
95.8346,2,0.0,0.18,14,3,1,40.09
95.8397,2,0.0,0.08,3,3,1,40.04
95.8445,4,0.0,0.2,15,3,0,80.1
95.8497,2,0.0,0.22,6,3,1,40.11
95.854,2,0.0,0.07,2,3,1,40.035
95.86,2,0.0,0.95,16,1,1,40.475
95.8647,2,0.0,1.13,46,3,1,40.565
95.8687,2,0.0,2.51,27,3,1,41.255
95.8743,2,0.0,0.19,7,3,1,40.095
95.8794,2,0.0,0.03,4,3,1,40.015
95.8837,0,0.0,0.08,14,3,2,0.04
95.8869,2,0.0,0.07,8,3,1,40.035
95.8918,2,0.0,0.17,30,3,1,40.085
95.8971,4,0.0,0.07,3,3,0,80.035
95.9016,2,0.0,0.03,2,3,1,40.015
95.9068,2,0.0,0.3,12,3,1,40.15
95.9121,0,0.0,0.12,44,3,2,0.06
95.9162,2,0.0,0.14,11,3,1,40.07
95.9205,2,0.0,0.12,8,3,1,40.06
95.9273,2,0.0,0.2,26,3,1,40.1
95.9321,2,0.0,0.87,17,1,1,40.435
95.9374,2,0.0,0.04,4,3,1,40.02
95.9422,2,0.0,0.2,8,3,1,40.1
95.9474,2,0.0,0.03,2,3,1,40.015
95.9521,3,0.0,0.21,24,3,1,60.105
95.9577,2,0.0,0.05,8,3,1,40.025
95.9633,0,0.0,0.06,28,3,2,0.03
95.9674,0,0.0,1.14,27,3,2,0.57
95.9727,2,0.0,0.08,4,3,1,40.04
95.9777,2,0.0,0.03,19,3,1,40.015
95.9822,2,0.0,0.11,10,3,1,40.055
95.9869,2,0.0,0.19,9,3,1,40.095
95.993,2,0.0,0.43,5,3,1,40.215
95.9982,3,0.0,0.16,21,3,1,60.08
96.0023,2,0.0,0.3,13,3,1,40.15
96.0075,2,0.0,0.27,8,3,1,40.135
96.013,2,0.0,0.05,2,3,1,40.025
96.0171,2,0.0,0.11,9,3,1,40.055
96.0225,2,0.0,0.03,20,3,1,40.015
96.0285,2,0.0,0.15,52,3,1,40.075
96.0336,2,0.0,1.32,40,3,1,40.66
96.0376,2,19.8,3.69,29,3,1,65.605
96.0426,2,0.0,0.07,8,3,1,40.035
96.0472,2,0.0,0.19,10,3,1,40.095
96.0516,2,0.0,0.24,10,3,1,40.12
96.0567,2,0.0,0.38,6,3,1,40.19
96.0621,2,0.0,0.65,9,3,1,40.325
96.0668,2,0.0,0.12,8,3,1,40.06
96.0714,3,0.0,0.73,22,3,1,60.365
96.0765,2,0.0,3.12,11,3,1,41.56
96.0808,3,10.4,1.37,19,3,1,73.165
96.0846,2,0.0,0.09,6,3,1,40.045
96.0887,2,0.0,0.11,6,3,1,40.055
96.0941,2,0.0,0.12,6,3,1,40.06
96.0989,2,0.0,0.3,11,3,1,40.15
96.103,0,0.0,0.13,29,3,2,0.065
96.1092,2,0.0,1.69,13,3,1,40.845
96.114,2,0.9,2.06,46,3,1,42.11
96.1194,2,0.0,0.0,10,3,1,40.0
96.1245,2,0.0,0.22,2,3,1,40.11
96.13,2,93.5,0.43,22,3,0,152.415
96.1338,2,0.0,0.1,8,3,1,40.05
96.1392,0,0.0,0.66,26,3,2,0.33
96.1457,2,0.0,0.52,15,3,1,40.26
96.1501,2,0.0,0.05,8,3,1,40.025
96.154,2,0.0,0.02,3,3,1,40.01
96.1588,0,0.0,1.69,28,3,2,0.845
96.1638,3,0.0,1.03,22,3,1,60.515
96.1679,2,0.0,0.31,25,3,1,40.155
96.1718,2,0.0,0.16,7,3,1,40.08
96.1769,0,1.9,1.92,32,3,2,3.2399999999999998
96.1814,2,0.0,0.04,1,3,1,40.02
96.1851,2,0.0,0.1,14,3,1,40.05
96.1906,2,0.0,0.18,10,3,1,40.09
96.1957,2,0.0,0.08,11,3,1,40.04
96.1997,2,0.0,0.13,6,3,1,40.065
96.204,2,0.0,0.67,49,3,1,40.335
96.2092,2,0.0,0.13,8,3,1,40.065
96.2144,2,0.0,0.55,12,3,1,40.275
96.2185,2,0.0,0.52,30,3,1,40.26
97.235,2,0.0,0.79,46,3,1,40.395
97.2432,2,0.0,0.99,16,3,1,40.495
97.2487,2,0.0,0.04,3,3,1,40.02
97.2533,2,0.9,1.91,21,3,1,42.035
97.2591,2,0.0,0.02,4,3,1,40.01
97.2632,3,0.0,0.14,6,3,1,60.07
97.2673,2,0.0,0.81,9,3,1,40.405
97.2727,2,0.0,0.09,3,3,1,40.045
97.2767,2,0.0,0.01,2,3,1,40.005
97.281,4,0.0,0.42,18,3,0,80.21
97.2846,2,0.0,0.13,9,3,1,40.065
97.2886,2,0.0,0.14,8,3,1,40.07
97.2937,2,0.0,0.01,2,3,1,40.005
97.298,2,0.0,3.78,76,3,1,41.89
97.3025,2,0.0,0.22,23,3,1,40.11
97.3074,2,0.0,0.24,12,3,1,40.12
97.313,2,0.0,0.05,5,3,1,40.025
97.3177,2,0.0,0.03,1,3,1,40.015
97.3224,0,0.0,0.09,28,3,2,0.045
97.3277,2,0.0,0.01,2,3,1,40.005
97.3311,1,0.0,0.08,14,3,2,20.04
97.3356,2,0.0,0.09,6,3,1,40.045
97.3396,2,0.0,0.04,8,3,1,40.02
97.3453,2,0.0,0.03,2,3,1,40.015
97.35,2,0.0,0.3,5,3,1,40.15
97.3547,3,0.0,0.09,21,3,1,60.045
97.36,2,37.4,2.02,33,3,1,85.89
97.3651,2,0.0,0.34,24,3,1,40.17
97.3692,2,0.0,0.21,7,3,1,40.105
97.3745,2,0.0,0.03,2,3,1,40.015
97.3791,2,0.0,0.63,60,3,1,40.315
97.3847,2,0.0,0.05,5,3,1,40.025
97.3888,2,0.0,0.73,31,1,1,40.365
97.3948,0,0.0,0.32,29,3,2,0.16
97.3998,2,0.0,0.26,31,3,1,40.13
97.404,2,0.0,0.38,12,3,1,40.19
97.4113,2,0.0,0.0,38,1,1,40.0
97.4161,2,0.0,0.01,17,3,1,40.005
97.4204,2,0.0,0.13,11,3,1,40.065
97.4255,2,0.0,0.29,6,3,1,40.145
97.4309,2,0.0,0.44,50,3,1,40.22
97.4351,2,0.0,0.05,8,3,1,40.025
97.4401,2,0.0,0.08,10,3,1,40.04
97.4454,2,0.0,0.07,24,3,1,40.035
97.4503,2,0.0,0.11,6,3,1,40.055
97.4554,2,0.0,0.19,2,3,1,40.095
97.4627,2,0.0,0.06,7,3,1,40.03
97.4678,2,0.0,0.01,17,3,1,40.005
97.4733,2,0.0,0.04,2,3,1,40.02
97.4773,0,0.0,1.41,29,3,2,0.705
97.4808,2,0.0,0.04,3,3,1,40.02
97.4861,0,0.0,0.16,29,3,2,0.08
97.4911,2,0.0,0.41,29,3,1,40.205
97.4963,2,0.0,0.01,2,3,1,40.005
97.5014,2,0.0,0.05,9,1,1,40.025
97.506,2,0.0,0.32,20,3,1,40.16
97.5112,2,0.0,0.18,14,3,1,40.09
97.5159,2,0.0,0.08,3,3,1,40.04
97.5204,4,0.0,0.2,15,3,0,80.1
97.5255,2,0.0,0.22,6,3,1,40.11
97.5291,2,0.0,0.07,2,3,1,40.035
97.5336,2,0.0,0.95,16,1,1,40.475
97.5376,2,0.0,1.13,46,3,1,40.565
97.5436,2,0.0,2.51,27,3,1,41.255
97.5478,2,0.0,0.19,7,3,1,40.095
97.5516,2,0.0,0.03,4,3,1,40.015
97.5566,0,0.0,0.08,14,3,2,0.04
97.5597,2,0.0,0.07,8,3,1,40.035
97.5646,2,0.0,0.17,30,3,1,40.085
97.5686,4,0.0,0.07,3,3,0,80.035
97.5729,2,0.0,0.03,2,3,1,40.015
97.5779,2,0.0,0.3,12,3,1,40.15
97.5822,0,0.0,0.12,44,3,2,0.06
97.5866,2,0.0,0.14,11,3,1,40.07
97.592,2,0.0,0.12,8,3,1,40.06
97.5957,2,0.0,0.19,26,3,1,40.095
97.6005,2,0.0,0.87,17,1,1,40.435
97.6046,2,0.9,0.04,4,3,1,41.1
97.6096,2,0.0,0.2,8,3,1,40.1
97.6137,2,0.0,0.03,2,3,1,40.015
97.6177,3,0.0,0.21,24,3,1,60.105
97.6221,2,0.0,0.05,8,3,1,40.025
97.6271,0,0.0,0.06,28,3,2,0.03
97.6318,0,0.0,1.14,27,3,2,0.57
97.6358,2,0.0,0.08,4,3,1,40.04
97.6409,2,0.0,0.03,19,3,1,40.015
97.645,2,0.0,0.11,10,3,1,40.055
97.6495,2,0.0,0.19,9,3,1,40.095
97.6535,2,0.0,0.43,5,3,1,40.215
97.6575,3,0.0,0.16,21,3,1,60.08
97.6623,2,0.0,0.3,13,3,1,40.15
97.6659,2,0.0,0.27,8,3,1,40.135
97.6694,2,0.0,0.05,2,3,1,40.025
97.6755,2,0.0,0.11,9,3,1,40.055
97.6801,2,0.0,0.03,20,3,1,40.015
97.6843,2,0.0,0.15,52,3,1,40.075
97.6894,2,0.0,1.32,40,3,1,40.66
97.6935,2,35.9,3.7,29,3,1,84.92999999999999
97.6981,2,0.0,0.07,8,3,1,40.035
97.7018,2,0.0,0.19,10,3,1,40.095
97.7058,2,0.0,0.24,10,3,1,40.12
97.7102,2,0.0,0.38,6,3,1,40.19
97.7139,2,0.0,0.65,9,3,1,40.325
97.7197,2,0.0,0.12,8,3,1,40.06
97.7254,3,0.0,0.73,22,3,1,60.365
97.7297,2,0.0,3.12,11,3,1,41.56
97.7333,3,8.5,1.37,19,3,1,70.885
97.7384,2,0.0,0.09,6,3,1,40.045
97.7435,2,0.0,0.11,6,3,1,40.055
97.7477,2,0.0,0.12,6,3,1,40.06
97.751,2,0.0,0.3,11,3,1,40.15
97.7561,0,0.0,0.13,29,3,2,0.065
97.7605,2,0.0,1.69,13,3,1,40.845
97.7655,2,0.0,2.06,46,3,1,41.03
97.7703,2,0.0,0.0,10,3,1,40.0
97.7756,2,0.0,0.22,2,3,1,40.11
97.7809,2,100.0,0.43,22,3,0,160.215
97.7851,2,0.0,0.1,8,3,1,40.05
97.7901,0,0.0,0.66,26,3,2,0.33
97.7947,2,0.0,0.52,15,3,1,40.26
97.7996,2,0.0,0.05,8,3,1,40.025
97.8037,2,0.0,0.02,3,3,1,40.01
97.8087,0,0.0,1.69,28,3,2,0.845
97.8142,3,0.0,1.03,22,3,1,60.515
97.818,2,0.0,0.31,25,3,1,40.155
97.8231,2,0.0,0.16,7,3,1,40.08
97.8272,0,0.0,1.92,32,3,2,0.96
97.832,2,0.0,0.04,1,3,1,40.02
97.8362,2,0.0,0.1,14,3,1,40.05
97.8412,2,0.0,0.18,10,3,1,40.09
97.8459,2,0.0,0.08,11,3,1,40.04
97.8497,2,0.0,0.13,6,3,1,40.065
97.8538,2,0.0,0.67,49,3,1,40.335
97.8595,2,0.0,0.13,8,3,1,40.065
97.8644,2,0.0,0.55,12,3,1,40.275
97.8684,2,0.0,0.52,30,3,1,40.26
98.8769,2,0.0,0.79,46,3,1,40.395
98.8863,2,0.0,0.99,16,3,1,40.495
98.8914,2,0.0,0.04,3,3,1,40.02
98.8974,2,2.9,1.91,21,3,1,44.434999999999995
98.905,2,0.0,0.02,4,3,1,40.01
98.9096,3,0.0,0.14,6,3,1,60.07
98.9145,2,0.0,0.81,9,3,1,40.405
98.9195,2,0.0,0.09,3,3,1,40.045
98.9249,2,0.0,0.01,2,3,1,40.005
98.9306,4,0.0,0.42,18,3,0,80.21
98.9364,2,0.0,0.13,9,3,1,40.065
98.9424,2,0.0,0.14,8,3,1,40.07
98.9491,2,0.0,0.01,2,3,1,40.005
98.9559,2,0.0,3.78,77,3,1,41.89
98.964,2,0.0,0.22,23,3,1,40.11
98.9719,2,0.0,0.24,12,3,1,40.12
98.9779,2,0.0,0.05,5,3,1,40.025
98.9833,2,0.0,0.03,1,3,1,40.015
98.9893,0,0.0,0.09,28,3,2,0.045
98.9979,2,0.0,0.01,2,3,1,40.005
99.0031,1,0.0,0.08,14,3,2,20.04
99.0125,2,0.0,0.09,6,3,1,40.045
99.0171,2,0.0,0.04,8,3,1,40.02
99.0226,2,0.0,0.03,2,3,1,40.015
99.0266,2,0.0,0.3,5,3,1,40.15
99.0309,3,0.0,0.09,21,3,1,60.045
99.0347,2,38.3,2.02,33,3,1,86.97
99.0409,2,0.0,0.34,24,3,1,40.17
99.0453,2,0.0,0.21,7,3,1,40.105
99.0494,2,0.0,0.03,2,3,1,40.015
99.0544,2,0.0,0.63,60,3,1,40.315
99.0588,2,0.0,0.05,5,3,1,40.025
99.0633,2,0.0,0.73,31,1,1,40.365
99.0674,0,0.0,0.32,29,3,2,0.16
99.0728,2,0.0,0.26,31,3,1,40.13
99.0769,2,0.0,0.38,12,3,1,40.19
99.0803,2,0.0,0.0,38,1,1,40.0
99.0857,2,0.0,0.01,17,3,1,40.005
99.0909,2,0.0,0.13,11,3,1,40.065
99.0947,2,0.0,0.29,6,3,1,40.145
99.0992,2,0.0,0.44,50,3,1,40.22
99.1033,2,0.0,0.05,8,3,1,40.025
99.1084,2,0.0,0.08,10,3,1,40.04
99.113,2,0.0,0.07,24,3,1,40.035
99.117,2,0.0,0.11,6,3,1,40.055
99.1215,2,0.0,0.19,2,3,1,40.095
99.1255,2,0.0,0.06,7,3,1,40.03
99.1309,2,0.0,0.01,17,3,1,40.005
99.1356,2,0.0,0.04,2,3,1,40.02
99.1411,0,0.0,1.42,29,3,2,0.71
99.1462,2,0.0,0.04,3,3,1,40.02
99.15,0,0.0,0.16,29,3,2,0.08
99.1557,2,0.0,0.41,29,3,1,40.205
99.1593,2,0.0,0.01,2,3,1,40.005
99.165,2,0.0,0.05,9,1,1,40.025
99.169,2,0.0,0.32,20,3,1,40.16
99.1733,2,0.0,0.18,14,3,1,40.09
99.179,2,0.0,0.08,3,3,1,40.04
99.1839,4,0.0,0.2,15,3,0,80.1
99.1893,2,0.0,0.22,6,3,1,40.11
99.1943,2,0.0,0.07,2,3,1,40.035
99.199,2,0.0,0.95,16,1,1,40.475
99.2053,2,0.0,1.13,46,3,1,40.565
99.2108,2,0.0,2.51,27,3,1,41.255
99.2149,2,0.0,0.19,7,3,1,40.095
99.2189,2,0.0,0.03,4,3,1,40.015
99.2242,0,0.0,0.08,14,3,2,0.04
99.2301,2,0.0,0.07,8,3,1,40.035
99.2341,2,0.0,0.17,30,3,1,40.085
99.2389,4,0.0,0.07,3,3,0,80.035
99.2439,2,0.0,0.03,2,3,1,40.015
99.2481,2,0.0,0.3,12,3,1,40.15
99.2514,0,0.0,0.12,44,3,2,0.06
99.2571,2,0.0,0.14,11,3,1,40.07
99.2613,2,0.0,0.12,8,3,1,40.06
99.2654,2,0.0,0.19,26,3,1,40.095
99.2698,2,0.0,0.87,17,1,1,40.435
99.2761,2,0.0,0.04,4,3,1,40.02
99.2809,2,0.0,0.2,8,3,1,40.1
99.2849,2,0.0,0.03,2,3,1,40.015
99.2896,3,0.0,0.21,24,3,1,60.105
99.2949,2,0.0,0.05,8,3,1,40.025
99.2992,0,0.0,0.06,28,3,2,0.03
99.3042,2,0.0,0.08,4,3,1,40.04
99.3093,2,0.0,0.03,19,3,1,40.015
99.3132,2,0.0,0.11,10,3,1,40.055
99.3183,2,0.0,0.19,9,3,1,40.095
99.3244,2,0.0,0.43,5,3,1,40.215
99.3295,3,0.0,0.16,21,3,1,60.08
99.3337,2,0.0,0.3,14,3,1,40.15
99.3398,2,0.0,0.27,8,3,1,40.135
99.3449,2,0.0,0.05,2,3,1,40.025
99.3488,2,0.0,0.11,9,3,1,40.055
99.3531,2,0.0,0.03,20,3,1,40.015
99.3582,2,0.0,0.15,52,3,1,40.075
99.363,2,0.0,1.32,40,3,1,40.66
99.3681,2,17.8,3.7,29,3,1,63.21
99.3741,2,0.0,0.07,8,3,1,40.035
99.379,2,0.0,0.19,10,3,1,40.095
99.383,2,0.0,0.24,10,3,1,40.12
99.3881,2,0.0,0.38,6,3,1,40.19
99.3936,2,0.0,0.65,10,3,1,40.325
99.3997,2,0.0,0.12,8,3,1,40.06
99.4051,3,0.0,0.73,22,3,1,60.365
99.4106,2,0.0,3.12,11,3,1,41.56
99.4148,3,10.3,1.37,19,3,1,73.045
99.4192,2,0.0,0.09,6,3,1,40.045
99.4248,2,0.0,0.11,6,3,1,40.055
99.4305,2,0.0,0.12,6,3,1,40.06
99.4444,2,0.0,0.3,11,3,1,40.15
99.4545,0,0.0,0.13,29,3,2,0.065
99.4644,2,0.0,1.69,13,3,1,40.845
99.4691,2,0.9,2.05,46,3,1,42.105
99.4744,2,0.0,0.0,10,3,1,40.0
99.4788,2,0.0,0.22,2,3,1,40.11
99.4834,2,99.1,0.43,22,3,0,159.135
99.4877,2,0.0,0.1,8,3,1,40.05
99.4927,0,0.0,0.66,26,3,2,0.33
99.497,2,0.0,0.52,15,3,1,40.26
99.5007,2,0.0,0.05,8,3,1,40.025
99.5068,2,0.0,0.02,3,3,1,40.01
99.5112,0,0.0,1.69,28,3,2,0.845
99.5141,3,0.0,1.03,22,3,1,60.515
99.5186,2,0.0,0.31,25,3,1,40.155
99.5227,2,0.0,0.16,7,3,1,40.08
99.5267,0,0.0,1.92,32,3,2,0.96
99.5313,2,0.0,0.04,1,3,1,40.02
99.5357,2,0.0,0.1,14,3,1,40.05
99.5406,2,0.0,0.18,10,3,1,40.09
99.5448,2,0.0,0.08,11,3,1,40.04
99.5494,2,0.0,0.13,6,3,1,40.065
99.5523,2,0.0,0.67,49,3,1,40.335
99.5574,2,0.0,0.13,8,3,1,40.065
99.5624,2,0.0,0.55,12,3,1,40.275
99.5661,2,0.0,0.52,30,3,1,40.26
100.572,2,0.0,0.79,46,3,1,40.395
100.5796,2,0.0,0.99,16,3,1,40.495
100.5866,2,0.0,0.04,3,3,1,40.02
100.5915,2,1.8,1.91,21,3,1,43.114999999999995
100.5982,2,0.0,0.02,4,3,1,40.01
100.6025,3,0.0,0.14,6,3,1,60.07
100.6086,2,0.0,0.81,9,3,1,40.405
100.612,2,0.0,0.09,3,3,1,40.045
100.616,2,0.0,0.01,2,3,1,40.005
100.6208,4,0.0,0.42,18,3,0,80.21
100.627,2,0.0,0.13,9,3,1,40.065
100.6313,2,0.0,0.14,8,3,1,40.07
100.6377,2,0.0,0.01,2,3,1,40.005
100.6432,2,0.0,3.78,77,3,1,41.89
100.6491,2,0.0,0.22,23,3,1,40.11
100.6542,2,0.0,0.24,12,3,1,40.12
100.661,2,0.0,0.05,5,3,1,40.025
100.6656,2,0.0,0.03,1,3,1,40.015
100.6707,0,0.0,0.09,28,3,2,0.045
100.6757,2,0.0,0.01,2,3,1,40.005
100.6789,1,0.0,0.08,14,3,2,20.04
100.6837,2,0.0,0.09,6,3,1,40.045
100.6888,2,0.0,0.04,8,3,1,40.02
100.6947,2,0.0,0.03,2,3,1,40.015
100.7003,2,0.0,0.3,5,3,1,40.15
100.707,3,0.0,0.09,21,3,1,60.045
100.7124,2,38.3,2.02,33,3,1,86.97
100.7173,2,0.0,0.34,24,3,1,40.17
100.722,2,0.0,0.21,7,3,1,40.105
100.7263,2,0.0,0.03,2,3,1,40.015
100.7309,2,0.0,0.63,60,3,1,40.315
100.7358,2,0.0,0.05,5,3,1,40.025
100.7423,2,0.0,0.73,31,1,1,40.365
100.7492,0,0.0,0.32,29,3,2,0.16
100.7552,2,0.0,0.26,31,3,1,40.13
100.7608,2,0.0,0.38,12,3,1,40.19
100.7663,2,0.0,0.0,38,1,1,40.0
100.773,2,0.0,0.01,17,3,1,40.005
100.7795,2,0.0,0.13,11,3,1,40.065
100.7845,2,0.0,0.29,6,3,1,40.145
100.79,2,0.0,0.44,50,3,1,40.22
100.7948,2,0.0,0.05,8,3,1,40.025
100.8006,2,0.0,0.08,10,3,1,40.04
100.8058,2,0.0,0.07,24,3,1,40.035
100.8097,2,0.0,0.11,6,3,1,40.055
100.8151,2,0.0,0.19,2,3,1,40.095
100.8191,2,0.0,0.06,7,3,1,40.03
100.8245,2,0.0,0.01,17,3,1,40.005
100.829,2,0.0,0.04,2,3,1,40.02
100.8326,0,0.9,1.42,29,3,2,1.79
100.8377,2,0.0,0.04,3,3,1,40.02
100.8426,0,0.0,0.16,29,3,2,0.08
100.8474,2,0.0,0.41,29,3,1,40.205
100.8517,2,0.0,0.01,2,3,1,40.005
100.8577,2,0.0,0.05,9,1,1,40.025
100.8623,2,0.0,0.32,20,3,1,40.16
100.8656,2,0.0,0.18,14,3,1,40.09
100.8706,2,0.0,0.08,3,3,1,40.04
100.8768,4,0.0,0.2,15,3,0,80.1
100.8821,2,0.0,0.22,6,3,1,40.11
100.8872,2,0.0,0.07,2,3,1,40.035
100.8924,2,0.0,0.95,16,1,1,40.475
100.8978,2,0.0,1.13,46,3,1,40.565
100.9036,2,0.0,2.51,27,3,1,41.255
100.9083,2,0.0,0.19,7,3,1,40.095
100.913,2,0.0,0.03,4,3,1,40.015
100.9171,0,0.0,0.08,14,3,2,0.04
100.9225,2,0.0,0.07,8,3,1,40.035
100.9275,2,0.0,0.17,30,3,1,40.085
100.9308,4,0.0,0.07,3,3,0,80.035
100.9353,2,0.0,0.03,2,3,1,40.015
100.9405,2,0.0,0.3,12,3,1,40.15
100.9452,0,0.0,0.12,44,3,2,0.06
100.9497,2,0.0,0.14,11,3,1,40.07
100.9543,2,0.0,0.12,8,3,1,40.06
100.9598,2,0.0,0.19,26,3,1,40.095
100.9637,2,0.0,0.87,17,1,1,40.435
100.9681,2,0.0,0.04,4,3,1,40.02
100.9725,2,0.0,0.2,8,3,1,40.1
100.9769,2,0.0,0.03,2,3,1,40.015
100.982,3,0.0,0.21,24,3,1,60.105
100.9864,2,0.0,0.05,8,3,1,40.025
100.9928,0,0.0,0.06,28,3,2,0.03
100.9971,2,0.0,0.08,4,3,1,40.04
101.0012,2,0.0,0.03,19,3,1,40.015
101.0062,2,0.0,0.11,10,3,1,40.055
101.0114,2,0.0,0.19,9,3,1,40.095
101.0154,2,0.0,0.43,5,3,1,40.215
101.0184,3,0.0,0.16,21,3,1,60.08
101.0237,2,0.0,0.3,14,3,1,40.15
101.0288,2,0.0,0.27,8,3,1,40.135
101.0327,2,0.0,0.05,2,3,1,40.025
101.0379,2,0.0,0.11,9,3,1,40.055
101.0431,2,0.0,0.03,20,3,1,40.015
101.0472,2,0.0,0.15,52,3,1,40.075
101.0518,2,0.0,1.32,40,3,1,40.66
101.0563,2,40.7,3.68,29,3,1,90.68
101.0612,2,0.0,0.07,8,3,1,40.035
101.0653,2,0.0,0.19,10,3,1,40.095
101.0694,2,0.0,0.24,10,3,1,40.12
101.0748,2,0.0,0.38,6,3,1,40.19
101.0788,2,0.0,0.65,10,3,1,40.325
101.0841,2,0.0,0.12,8,3,1,40.06
101.0889,3,0.0,0.73,22,3,1,60.365
101.0943,2,0.0,3.12,11,3,1,41.56
101.0978,3,6.5,1.37,19,3,1,68.485
101.1018,2,0.0,0.09,6,3,1,40.045
101.1069,2,0.0,0.11,6,3,1,40.055
101.1111,2,0.0,0.12,6,3,1,40.06
101.1156,2,0.0,0.3,11,3,1,40.15
101.1201,0,0.0,0.13,29,3,2,0.065
101.1254,2,0.0,1.69,13,3,1,40.845
101.1298,2,0.9,2.05,46,3,1,42.105
101.1346,2,0.0,0.0,10,3,1,40.0
101.1399,2,0.0,0.22,2,3,1,40.11
101.1445,2,93.4,0.43,22,3,0,152.295
101.149,2,0.0,0.1,8,3,1,40.05
101.153,0,0.0,0.66,26,3,2,0.33
101.1572,2,0.0,0.52,15,3,1,40.26
101.1612,2,0.0,0.05,8,3,1,40.025
101.1669,2,0.0,0.02,3,3,1,40.01
101.1714,0,0.0,1.69,28,3,2,0.845
101.1758,3,0.0,1.03,22,3,1,60.515
101.1801,2,0.9,0.31,25,3,1,41.235
101.1847,2,0.0,0.16,7,3,1,40.08
101.1897,0,0.0,1.92,32,3,2,0.96
101.194,2,0.0,0.04,1,3,1,40.02
101.1983,2,0.0,0.1,14,3,1,40.05
101.2016,2,0.0,0.18,10,3,1,40.09
101.2066,2,0.0,0.08,11,3,1,40.04
101.2112,2,0.0,0.13,6,3,1,40.065
101.2151,2,0.0,0.67,49,3,1,40.335
101.2196,2,0.0,0.13,8,3,1,40.065
101.2254,2,0.0,0.55,12,3,1,40.275
101.2291,2,0.0,0.52,30,3,1,40.26
102.2447,2,0.0,0.79,46,3,1,40.395
102.2533,2,0.0,0.99,16,3,1,40.495
102.2586,2,0.0,0.04,3,3,1,40.02
102.2667,2,0.9,1.91,21,3,1,42.035
102.2734,2,0.0,0.02,4,3,1,40.01
102.2806,3,0.0,0.14,6,3,1,60.07
102.2902,2,0.0,0.81,9,3,1,40.405
102.2979,2,0.0,0.09,3,3,1,40.045
102.3054,2,0.0,0.01,2,3,1,40.005
102.3094,4,0.0,0.42,18,3,0,80.21
102.3164,2,0.0,0.13,9,3,1,40.065
102.3221,2,0.0,0.14,8,3,1,40.07
102.3276,2,0.0,0.01,2,3,1,40.005
102.3319,2,0.9,3.78,77,3,1,42.97
102.3364,2,0.0,0.22,23,3,1,40.11
102.3414,2,0.0,0.24,12,3,1,40.12
102.3455,2,0.0,0.05,5,3,1,40.025
102.3504,2,0.0,0.03,1,3,1,40.015
102.3574,0,0.0,0.09,28,3,2,0.045
102.3644,2,0.0,0.01,2,3,1,40.005
102.3718,1,0.0,0.08,14,3,2,20.04
102.3786,2,0.0,0.09,6,3,1,40.045
102.3845,2,0.0,0.04,8,3,1,40.02
102.3938,2,0.0,0.03,2,3,1,40.015
102.3976,2,0.0,0.3,5,3,1,40.15
102.4016,3,0.0,0.09,21,3,1,60.045
102.4069,2,39.5,2.02,33,3,1,88.41000000000001
102.4115,2,0.0,0.34,24,3,1,40.17
102.4159,2,0.0,0.21,7,3,1,40.105
102.4211,2,0.0,0.03,2,3,1,40.015
102.4262,2,0.0,0.63,60,3,1,40.315
102.4304,2,0.0,0.05,5,3,1,40.025
102.4336,2,0.0,0.73,31,1,1,40.365
102.4391,0,0.0,0.32,29,3,2,0.16
102.4433,2,0.0,0.26,31,3,1,40.13
102.4463,2,0.0,0.38,12,3,1,40.19
102.4512,2,0.0,0.0,38,1,1,40.0
102.4571,2,0.0,0.01,17,3,1,40.005
102.4624,2,0.0,0.13,11,3,1,40.065
102.4671,2,0.0,0.29,6,3,1,40.145
102.4727,2,0.0,0.44,50,3,1,40.22
102.478,2,0.0,0.05,8,3,1,40.025
102.4818,2,0.0,0.08,10,3,1,40.04
102.4861,2,0.0,0.07,24,3,1,40.035
102.4915,2,0.0,0.11,6,3,1,40.055
102.4951,2,0.0,0.19,2,3,1,40.095
102.4995,2,0.0,0.06,7,3,1,40.03
102.5049,2,0.0,0.01,17,3,1,40.005
102.5099,2,0.0,0.04,2,3,1,40.02
102.5141,0,0.0,1.42,29,3,2,0.71
102.5182,2,0.0,0.04,3,3,1,40.02
102.5234,0,0.0,0.16,29,3,2,0.08
102.528,2,0.0,0.41,29,3,1,40.205
102.5322,2,0.0,0.01,2,3,1,40.005
102.5374,2,0.0,0.05,9,1,1,40.025
102.5424,2,0.0,0.32,20,3,1,40.16
102.5455,2,0.0,0.18,14,3,1,40.09
102.5506,2,0.0,0.08,3,3,1,40.04
102.5561,4,0.0,0.2,15,3,0,80.1
102.5613,2,0.0,0.22,6,3,1,40.11
102.566,2,0.0,0.07,2,3,1,40.035
102.5704,2,0.0,0.95,16,1,1,40.475
102.5756,2,0.0,1.13,45,3,1,40.565
102.5799,2,0.0,2.51,27,3,1,41.255
102.5837,2,0.0,0.19,7,3,1,40.095
102.5902,2,0.0,0.03,4,3,1,40.015
102.5945,0,0.0,0.08,14,3,2,0.04
102.599,2,0.0,0.07,8,3,1,40.035
102.6042,2,0.0,0.17,30,3,1,40.085
102.6089,4,0.0,0.07,3,3,0,80.035
102.614,2,0.0,0.03,2,3,1,40.015
102.618,2,0.0,0.3,12,3,1,40.15
102.6232,0,0.0,0.12,44,3,2,0.06
102.6272,2,0.0,0.14,11,3,1,40.07
102.6308,2,0.0,0.12,8,3,1,40.06
102.6365,2,0.0,0.19,26,3,1,40.095
102.6419,2,0.0,0.87,17,1,1,40.435
102.6466,2,0.0,0.04,4,3,1,40.02
102.6515,2,0.0,0.2,8,3,1,40.1
102.6583,2,0.0,0.03,2,3,1,40.015
102.6639,3,0.0,0.21,24,3,1,60.105
102.6693,2,0.0,0.05,8,3,1,40.025
102.6742,0,0.0,0.06,28,3,2,0.03
102.6786,2,0.0,0.08,4,3,1,40.04
102.6826,2,0.0,0.03,19,3,1,40.015
102.6868,2,0.0,0.11,10,3,1,40.055
102.6913,2,0.0,0.19,9,3,1,40.095
102.6971,2,0.0,0.43,5,3,1,40.215
102.702,3,0.0,0.16,21,3,1,60.08
102.708,2,0.0,0.3,14,3,1,40.15
102.7128,2,0.0,0.27,8,3,1,40.135
102.7169,2,0.0,0.05,2,3,1,40.025
102.7218,2,0.0,0.11,9,3,1,40.055
102.727,2,0.0,0.03,20,3,1,40.015
102.7323,2,0.0,0.15,52,3,1,40.075
102.7372,2,0.0,1.32,40,3,1,40.66
102.7434,2,39.8,3.7,29,3,1,89.60999999999999
102.7479,2,0.0,0.07,8,3,1,40.035
102.7535,2,0.0,0.19,10,3,1,40.095
102.7587,2,0.0,0.24,10,3,1,40.12
102.7639,2,0.0,0.38,6,3,1,40.19
102.7694,2,0.0,0.65,10,3,1,40.325
102.7756,2,0.0,0.12,8,3,1,40.06
102.782,3,0.0,0.73,22,3,1,60.365
102.7883,2,0.0,3.12,11,3,1,41.56
102.7928,3,14.8,1.37,19,3,1,78.44500000000001
102.7969,2,0.0,0.09,6,3,1,40.045
102.8031,2,0.0,0.11,6,3,1,40.055
102.8086,2,0.0,0.12,6,3,1,40.06
102.8127,2,0.0,0.3,11,3,1,40.15
102.8179,0,0.0,0.13,29,3,2,0.065
102.8236,2,0.0,1.69,13,3,1,40.845
102.8279,2,0.0,2.05,46,3,1,41.025
102.8319,2,0.0,0.0,10,3,1,40.0
102.8373,2,0.0,0.22,2,3,1,40.11
102.8419,2,92.6,0.43,22,3,0,151.335
102.8465,2,0.0,0.1,9,3,1,40.05
102.8509,0,0.0,0.66,26,3,2,0.33
102.8561,2,0.0,0.52,15,3,1,40.26
102.8602,2,0.0,0.05,8,3,1,40.025
102.8654,2,0.0,0.02,3,3,1,40.01
102.8684,0,0.0,1.69,28,3,2,0.845
102.8739,3,0.0,1.03,22,3,1,60.515
102.8784,2,0.0,0.31,25,3,1,40.155
102.8822,2,0.0,0.16,7,3,1,40.08
102.8876,0,0.9,1.92,32,3,2,2.04
102.8923,2,0.0,0.04,1,3,1,40.02
102.8968,2,0.0,0.1,14,3,1,40.05
102.9011,2,0.0,0.18,10,3,1,40.09
102.9064,2,0.0,0.08,11,3,1,40.04
102.9112,2,0.0,0.13,6,3,1,40.065
102.9153,2,0.0,0.67,49,3,1,40.335
102.9203,2,0.0,0.13,8,3,1,40.065
102.9247,2,0.0,0.55,12,3,1,40.275
102.9288,2,0.0,0.52,30,3,1,40.26
103.9397,2,0.0,0.79,46,3,1,40.395
103.9485,2,0.0,0.99,16,3,1,40.495
103.9543,2,0.0,0.04,3,3,1,40.02
103.9592,2,0.9,1.91,21,3,1,42.035
103.9645,2,0.0,0.02,4,3,1,40.01
103.9718,3,0.0,0.14,6,3,1,60.07
103.9791,2,0.0,0.81,9,3,1,40.405
103.9855,2,0.0,0.09,3,3,1,40.045
103.9917,2,0.0,0.01,2,3,1,40.005
104.0001,4,0.0,0.42,18,3,0,80.21
104.0081,2,0.0,0.13,9,3,1,40.065
104.0136,2,0.0,0.14,8,3,1,40.07
104.0185,2,0.0,0.01,2,3,1,40.005
104.0248,2,0.0,3.78,77,3,1,41.89
104.0303,2,0.0,0.22,23,3,1,40.11
104.0351,2,0.0,0.24,12,3,1,40.12
104.0409,2,0.0,0.05,5,3,1,40.025
104.046,2,0.0,0.03,1,3,1,40.015
104.0498,0,0.0,0.09,28,3,2,0.045
104.0549,2,0.0,0.01,2,3,1,40.005
104.0591,1,0.0,0.08,14,3,2,20.04
104.0633,2,0.0,0.09,6,3,1,40.045
104.0704,2,0.0,0.04,8,3,1,40.02
104.0752,2,0.0,0.03,2,3,1,40.015
104.079,2,0.0,0.3,5,3,1,40.15
104.0834,3,0.0,0.09,21,3,1,60.045
104.0899,2,41.1,2.02,33,3,1,90.33
104.0939,2,0.0,0.34,24,3,1,40.17
104.0982,2,0.0,0.21,7,3,1,40.105
104.1025,2,0.0,0.03,2,3,1,40.015
104.1078,2,0.0,0.63,60,3,1,40.315
104.112,2,0.0,0.05,5,3,1,40.025
104.1169,2,0.0,0.73,31,1,1,40.365
104.1227,0,0.0,0.32,29,3,2,0.16
104.1284,2,0.0,0.26,31,3,1,40.13
104.1344,2,0.0,0.38,12,3,1,40.19
104.1409,2,0.0,0.0,38,1,1,40.0
104.1456,2,0.0,0.01,17,3,1,40.005
104.1505,2,0.0,0.13,11,3,1,40.065
104.1546,2,0.0,0.29,6,3,1,40.145
104.1598,2,0.0,0.44,50,3,1,40.22
104.1634,2,0.0,0.05,8,3,1,40.025
104.1691,2,0.0,0.08,10,3,1,40.04
104.1746,2,0.0,0.07,24,3,1,40.035
104.1788,2,0.0,0.11,6,3,1,40.055
104.1832,2,0.0,0.19,1,3,1,40.095
104.1882,2,0.0,0.06,7,3,1,40.03
104.1931,2,0.0,0.01,17,3,1,40.005
104.1972,2,0.0,0.04,2,3,1,40.02
104.2005,0,0.0,1.42,29,3,2,0.71
104.2062,2,0.0,0.04,3,3,1,40.02
104.2105,0,0.0,0.16,29,3,2,0.08
104.215,2,0.0,0.41,29,3,1,40.205
104.2222,2,0.0,0.01,2,3,1,40.005
104.2273,2,0.0,0.05,9,1,1,40.025
104.232,2,0.0,0.32,20,3,1,40.16
104.237,2,0.0,0.18,14,3,1,40.09
104.2411,2,0.0,0.08,3,3,1,40.04
104.2453,4,0.0,0.2,15,3,0,80.1
104.25,2,0.0,0.22,6,3,1,40.11
104.2537,2,0.0,0.07,2,3,1,40.035
104.2588,2,0.0,0.95,16,1,1,40.475
104.2635,2,0.0,1.13,45,3,1,40.565
104.2679,2,0.0,2.51,27,3,1,41.255
104.2734,2,0.0,0.19,7,3,1,40.095
104.2785,2,0.0,0.03,4,3,1,40.015
104.2818,0,0.0,0.08,14,3,2,0.04
104.2863,2,0.0,0.07,8,3,1,40.035
104.2916,2,0.0,0.17,30,3,1,40.085
104.2957,4,0.0,0.07,3,3,0,80.035
104.2996,2,0.0,0.03,2,3,1,40.015
104.3045,2,0.0,0.3,12,3,1,40.15
104.3097,0,0.0,0.12,44,3,2,0.06
104.3144,2,0.0,0.14,11,3,1,40.07
104.3193,2,0.0,0.12,8,3,1,40.06
104.3243,2,0.0,0.19,26,3,1,40.095
104.3283,2,0.0,0.87,17,1,1,40.435
104.3326,2,0.0,0.04,4,3,1,40.02
104.3369,2,0.0,0.2,8,3,1,40.1
104.3415,2,0.0,0.03,2,3,1,40.015
104.3458,3,0.0,0.21,24,3,1,60.105
104.3491,2,0.0,0.05,8,3,1,40.025
104.3552,0,0.0,0.06,28,3,2,0.03
104.3602,2,0.0,0.08,4,3,1,40.04
104.3649,2,0.0,0.03,19,3,1,40.015
104.37,2,0.0,0.11,10,3,1,40.055
104.3743,2,0.0,0.19,9,3,1,40.095
104.3783,2,0.0,0.43,4,3,1,40.215
104.3825,3,0.0,0.16,21,3,1,60.08
104.3879,2,0.0,0.3,14,3,1,40.15
104.3922,2,0.0,0.27,8,3,1,40.135
104.3959,2,0.0,0.05,2,3,1,40.025
104.4,2,0.0,0.11,9,3,1,40.055
104.4061,2,0.0,0.03,20,3,1,40.015
104.4107,2,0.0,0.15,52,3,1,40.075
104.4153,2,0.0,1.32,40,3,1,40.66
104.4194,2,16.7,3.68,29,3,1,61.88
104.4244,2,0.0,0.07,8,3,1,40.035
104.4293,2,0.0,0.19,10,3,1,40.095
104.4345,2,0.0,0.24,10,3,1,40.12
104.4407,2,0.0,0.38,6,3,1,40.19
104.4473,2,0.0,0.65,10,3,1,40.325
104.4556,2,0.0,0.12,8,3,1,40.06
104.4635,3,0.0,0.73,22,3,1,60.365
104.4706,2,0.0,3.12,11,3,1,41.56
104.4786,3,9.3,1.37,19,3,1,71.845
104.4843,2,0.0,0.09,6,3,1,40.045
104.4922,2,0.0,0.11,6,3,1,40.055
104.4988,2,0.0,0.12,6,3,1,40.06
104.507,2,0.0,0.3,11,3,1,40.15
104.5143,0,0.0,0.13,29,3,2,0.065
104.5212,2,0.0,1.69,13,3,1,40.845
104.5284,2,0.0,2.05,46,3,1,41.025
104.5352,2,0.0,0.0,10,3,1,40.0
104.5418,2,0.0,0.22,2,3,1,40.11
104.5459,2,98.2,0.43,22,3,0,158.055
104.549,2,0.0,0.1,8,3,1,40.05
104.5543,0,0.0,0.66,26,3,2,0.33
104.5586,2,0.0,0.52,15,3,1,40.26
104.5622,2,0.0,0.05,8,3,1,40.025
104.5673,2,0.0,0.02,3,3,1,40.01
104.5719,0,0.0,1.69,28,3,2,0.845
104.5845,3,0.0,1.03,22,3,1,60.515
104.5992,2,0.0,0.31,25,3,1,40.155
104.6073,2,0.0,0.16,7,3,1,40.08
104.6159,0,0.0,1.92,32,3,2,0.96
104.6234,2,0.0,0.04,1,3,1,40.02
104.6287,2,0.0,0.1,14,3,1,40.05
104.6327,2,0.0,0.18,10,3,1,40.09
104.637,2,0.0,0.08,11,3,1,40.04
104.6414,2,0.0,0.13,6,3,1,40.065
104.6455,2,0.0,0.67,49,3,1,40.335
104.6492,2,0.0,0.13,8,3,1,40.065
104.6535,2,0.0,0.55,12,3,1,40.275
104.6586,2,0.0,0.52,30,3,1,40.26
105.6772,2,0.0,0.79,46,3,1,40.395
105.6864,2,0.0,0.99,16,3,1,40.495
105.695,2,0.0,0.04,3,3,1,40.02
105.7032,2,3.6,1.91,21,3,1,45.275
105.7137,2,0.0,0.02,4,3,1,40.01
105.723,3,0.0,0.14,6,3,1,60.07
105.732,2,0.0,0.81,9,3,1,40.405
105.7405,2,0.0,0.09,3,3,1,40.045
105.7471,2,0.0,0.01,2,3,1,40.005
105.7543,4,0.0,0.42,18,3,0,80.21
105.7594,2,0.0,0.13,9,3,1,40.065
105.7639,2,0.0,0.14,8,3,1,40.07
105.768,2,0.0,0.01,2,3,1,40.005
105.7738,2,0.0,3.78,77,3,1,41.89
105.7781,2,0.0,0.22,23,3,1,40.11
105.7832,2,0.0,0.24,12,3,1,40.12
105.7883,2,0.0,0.05,5,3,1,40.025
105.7948,2,0.0,0.03,1,3,1,40.015
105.8006,0,0.0,0.09,28,3,2,0.045
105.8075,2,0.0,0.01,2,3,1,40.005
105.8125,1,0.0,0.08,14,3,2,20.04
105.8176,2,0.0,0.09,6,3,1,40.045
105.8231,2,0.0,0.04,8,3,1,40.02
105.8286,2,0.0,0.03,2,3,1,40.015
105.8341,2,0.0,0.3,5,3,1,40.15
105.8391,3,0.0,0.09,21,3,1,60.045
105.8448,2,41.6,2.02,33,3,1,90.93
105.8507,2,0.0,0.34,24,3,1,40.17
105.8566,2,0.0,0.21,7,3,1,40.105
105.8612,2,0.0,0.03,2,3,1,40.015
105.8657,2,0.0,0.63,60,3,1,40.315
105.8702,2,0.0,0.05,5,3,1,40.025
105.8763,2,0.0,0.73,31,1,1,40.365
105.8809,0,0.0,0.32,29,3,2,0.16
105.885,2,0.0,0.26,31,3,1,40.13
105.8904,2,0.0,0.38,12,3,1,40.19
105.8945,2,0.0,0.0,38,1,1,40.0
105.8995,2,0.0,0.01,17,3,1,40.005
105.9048,2,0.0,0.13,11,3,1,40.065
105.9095,2,0.0,0.29,6,3,1,40.145
105.9155,2,0.0,0.44,50,3,1,40.22
105.9196,2,0.0,0.05,8,3,1,40.025
105.9256,2,0.0,0.08,10,3,1,40.04
105.9305,2,0.0,0.07,24,3,1,40.035
105.9364,2,0.0,0.11,6,3,1,40.055
105.9406,2,0.0,0.19,2,3,1,40.095
105.9449,2,0.0,0.06,7,3,1,40.03
105.95,2,0.0,0.01,17,3,1,40.005
105.9556,2,0.0,0.04,2,3,1,40.02
105.9594,0,0.0,1.42,29,3,2,0.71
105.9646,2,0.0,0.04,3,3,1,40.02
105.9697,0,0.0,0.16,29,3,2,0.08
105.9755,2,0.0,0.41,35,3,1,40.205
105.9795,2,0.0,0.01,2,3,1,40.005
105.9857,2,0.0,0.05,9,1,1,40.025
105.992,2,0.0,0.32,20,3,1,40.16
105.9969,2,0.0,0.18,14,3,1,40.09
106.0035,2,0.0,0.08,3,3,1,40.04
106.0089,4,0.0,0.2,15,3,0,80.1
106.0132,2,0.0,0.22,6,3,1,40.11
106.0173,2,0.0,0.07,2,3,1,40.035
106.0225,2,0.0,0.95,16,1,1,40.475
106.027,2,0.0,1.13,45,3,1,40.565
106.0323,2,0.0,2.51,27,3,1,41.255
106.0374,2,0.0,0.19,7,3,1,40.095
106.0413,2,0.0,0.03,4,3,1,40.015
106.0454,0,0.0,0.08,14,3,2,0.04
106.0501,2,0.0,0.07,8,3,1,40.035
106.056,2,0.0,0.17,30,3,1,40.085
106.0595,4,0.0,0.07,3,3,0,80.035
106.0656,2,0.0,0.03,2,3,1,40.015
106.0716,2,0.0,0.3,12,3,1,40.15
106.0782,0,0.0,0.12,44,3,2,0.06
106.0818,2,0.0,0.14,11,3,1,40.07
106.0878,2,0.0,0.12,8,3,1,40.06
106.093,2,0.0,0.19,26,3,1,40.095
106.0988,2,0.0,0.87,17,1,1,40.435
106.1054,2,0.0,0.04,4,3,1,40.02
106.1113,2,0.0,0.2,8,3,1,40.1
106.1164,2,0.0,0.03,2,3,1,40.015
106.1225,3,0.0,0.21,24,3,1,60.105
106.1285,2,0.0,0.05,8,3,1,40.025
106.133,0,0.0,0.06,28,3,2,0.03
106.1385,2,0.0,0.08,4,3,1,40.04
106.1432,2,0.0,0.03,19,3,1,40.015
106.147,2,0.0,0.11,10,3,1,40.055
106.1506,2,0.0,0.19,9,3,1,40.095
106.1565,2,0.0,0.43,4,3,1,40.215
106.1602,3,0.0,0.16,21,3,1,60.08
106.1648,2,0.0,0.3,14,3,1,40.15
106.1701,2,0.0,0.27,8,3,1,40.135
106.1761,2,0.0,0.05,2,3,1,40.025
106.1833,2,0.0,0.11,9,3,1,40.055
106.19,2,0.0,0.03,20,3,1,40.015
106.1962,2,0.0,0.15,52,3,1,40.075
106.2007,2,0.0,1.32,40,3,1,40.66
106.2068,2,41.2,3.71,29,3,1,91.295
106.2133,2,0.0,0.07,8,3,1,40.035
106.219,2,0.0,0.19,10,3,1,40.095
106.2243,2,0.0,0.24,10,3,1,40.12
106.2312,2,0.0,0.38,6,3,1,40.19
106.2358,2,0.0,0.65,10,3,1,40.325
106.2408,2,0.0,0.12,8,3,1,40.06
106.2459,3,0.0,0.73,22,3,1,60.365
106.2504,2,0.0,3.12,11,3,1,41.56
106.2551,3,5.3,1.37,19,3,1,67.045
106.2592,2,0.0,0.09,6,3,1,40.045
106.2643,2,0.0,0.11,6,3,1,40.055
106.2691,2,0.0,0.12,6,3,1,40.06
106.2746,2,0.0,0.3,11,3,1,40.15
106.2793,0,0.0,0.13,29,3,2,0.065
106.2846,2,0.0,1.69,13,3,1,40.845
106.2908,2,0.0,2.01,46,3,1,41.005
106.2978,2,0.0,0.0,10,3,1,40.0
106.304,2,0.0,0.22,2,3,1,40.11
106.3085,2,99.1,0.43,22,3,0,159.135
106.3129,2,0.0,0.1,8,3,1,40.05
106.3169,0,0.0,0.66,26,3,2,0.33
106.3222,2,0.0,0.52,15,3,1,40.26
106.3268,2,0.0,0.05,8,3,1,40.025
106.3312,2,0.0,0.02,3,3,1,40.01
106.3361,0,0.0,1.69,28,3,2,0.845
106.3404,3,0.0,1.03,22,3,1,60.515
106.3445,2,0.0,0.31,25,3,1,40.155
106.3487,2,0.0,0.16,7,3,1,40.08
106.3519,0,0.0,1.92,32,3,2,0.96
106.357,2,0.0,0.04,1,3,1,40.02
106.3616,2,0.0,0.1,14,3,1,40.05
106.3657,2,0.0,0.18,10,3,1,40.09
106.3708,2,0.0,0.08,11,3,1,40.04
106.3759,2,0.0,0.13,6,3,1,40.065
106.3801,2,0.0,0.67,49,3,1,40.335
106.3834,2,0.0,0.13,8,3,1,40.065
106.3882,2,0.0,0.55,12,3,1,40.275
106.3925,2,0.0,0.52,30,3,1,40.26
107.4094,2,0.0,0.79,46,3,1,40.395
107.4188,2,0.0,0.99,16,3,1,40.495
107.4293,2,0.0,0.04,3,3,1,40.02
107.4398,2,1.8,1.91,21,3,1,43.114999999999995
107.4456,2,0.0,0.02,4,3,1,40.01
107.452,3,0.0,0.14,6,3,1,60.07
107.4561,2,0.0,0.81,9,3,1,40.405
107.4607,2,0.0,0.09,3,3,1,40.045
107.4638,2,0.0,0.01,2,3,1,40.005
107.469,4,0.0,0.42,18,3,0,80.21
107.4743,2,0.0,0.13,9,3,1,40.065
107.4784,2,0.0,0.14,8,3,1,40.07
107.4844,2,0.0,0.01,2,3,1,40.005
107.4908,2,0.0,3.78,77,3,1,41.89
107.4959,2,0.0,0.22,23,3,1,40.11
107.5006,2,0.0,0.24,12,3,1,40.12
107.5067,2,0.0,0.05,5,3,1,40.025
107.5109,2,0.0,0.03,1,3,1,40.015
107.5146,0,0.0,0.09,28,3,2,0.045
107.5192,2,0.0,0.01,2,3,1,40.005
107.5232,1,0.0,0.08,14,3,2,20.04
107.5281,2,0.0,0.09,6,3,1,40.045
107.5335,2,0.0,0.04,8,3,1,40.02
107.5389,2,0.0,0.03,2,3,1,40.015
107.5439,2,0.0,0.3,5,3,1,40.15
107.5491,3,0.0,0.09,21,3,1,60.045
107.5551,2,40.4,2.02,33,3,1,89.49
107.5593,2,0.0,0.34,24,3,1,40.17
107.5639,2,0.0,0.21,7,3,1,40.105
107.5681,2,0.0,0.03,2,3,1,40.015
107.5735,2,0.0,0.63,60,3,1,40.315
107.578,2,0.0,0.05,5,3,1,40.025
107.5836,2,0.0,0.73,31,1,1,40.365
107.5896,0,0.0,0.32,29,3,2,0.16
107.5939,2,0.0,0.26,31,3,1,40.13
107.5975,2,0.0,0.38,12,3,1,40.19
107.6028,2,0.0,0.0,38,1,1,40.0
107.607,2,0.0,0.01,17,3,1,40.005
107.6111,2,0.0,0.13,11,3,1,40.065
107.6166,2,0.0,0.29,6,3,1,40.145
107.6226,2,0.0,0.44,50,3,1,40.22
107.6294,2,0.0,0.05,8,3,1,40.025
107.6361,2,0.0,0.08,10,3,1,40.04
107.642,2,0.0,0.07,24,3,1,40.035
107.6472,2,0.0,0.11,6,3,1,40.055
107.6526,2,0.0,0.19,2,3,1,40.095
107.6577,2,0.0,0.06,7,3,1,40.03
107.6618,2,0.0,0.01,17,3,1,40.005
107.6659,2,0.0,0.04,2,3,1,40.02
107.6699,0,0.0,1.42,29,3,2,0.71
107.6751,2,0.0,0.04,3,3,1,40.02
107.6795,0,0.0,0.16,29,3,2,0.08
107.6836,2,0.0,0.41,35,3,1,40.205
107.6888,2,0.0,0.01,2,3,1,40.005
107.6936,2,0.0,0.05,9,1,1,40.025
107.6982,2,0.0,0.32,20,3,1,40.16
107.7024,2,0.0,0.18,14,3,1,40.09
107.7081,2,0.0,0.08,3,3,1,40.04
107.7138,4,0.0,0.2,15,3,0,80.1
107.7201,2,0.0,0.22,6,3,1,40.11
107.7255,2,0.0,0.07,2,3,1,40.035
107.7305,2,0.0,0.95,16,1,1,40.475
107.7379,2,0.0,1.13,45,3,1,40.565
107.7448,2,0.0,2.51,27,3,1,41.255
107.7501,2,0.0,0.19,7,3,1,40.095
107.755,2,0.0,0.03,4,3,1,40.015
107.7614,0,0.0,0.08,14,3,2,0.04
107.7662,2,0.0,0.07,8,3,1,40.035
107.7718,2,0.0,0.17,30,3,1,40.085
107.7769,4,0.0,0.07,3,3,0,80.035
107.7812,2,0.0,0.03,2,3,1,40.015
107.7867,2,0.0,0.3,12,3,1,40.15
107.7925,0,0.0,0.12,44,3,2,0.06
107.7974,2,0.0,0.14,11,3,1,40.07
107.8024,2,0.0,0.12,8,3,1,40.06
107.8078,2,0.0,0.19,26,3,1,40.095
107.8121,2,0.0,0.87,17,1,1,40.435
107.8178,2,0.9,0.04,4,3,1,41.1
107.8239,2,0.0,0.2,8,3,1,40.1
107.8308,2,0.0,0.03,2,3,1,40.015
107.8368,3,0.0,0.21,24,3,1,60.105
107.8414,2,0.0,0.05,8,3,1,40.025
107.8469,0,0.0,0.06,28,3,2,0.03
107.8517,2,0.0,0.08,4,3,1,40.04
107.8572,2,0.0,0.03,19,3,1,40.015
107.8621,2,0.0,0.11,10,3,1,40.055
107.8682,2,0.0,0.19,9,3,1,40.095
107.8732,2,0.0,0.43,4,3,1,40.215
107.8789,3,0.0,0.16,21,3,1,60.08
107.8846,2,0.0,0.3,14,3,1,40.15
107.8902,2,0.0,0.27,8,3,1,40.135
107.8943,2,0.0,0.05,2,3,1,40.025
107.899,2,0.0,0.11,9,3,1,40.055
107.9042,2,0.0,0.03,20,3,1,40.015
107.9088,2,0.0,0.15,52,3,1,40.075
107.913,2,0.0,1.32,40,3,1,40.66
107.9193,2,20.0,3.72,29,3,1,65.86
107.9253,2,0.0,0.07,8,3,1,40.035
107.9306,2,0.0,0.19,10,3,1,40.095
107.9365,2,0.0,0.24,10,3,1,40.12
107.9415,2,0.0,0.38,6,3,1,40.19
107.9475,2,0.0,0.65,10,3,1,40.325
107.9548,2,0.0,0.12,8,3,1,40.06
107.9611,3,0.0,0.73,22,3,1,60.365
107.9673,2,0.0,3.12,11,3,1,41.56
107.9736,3,7.3,1.37,19,3,1,69.44500000000001
107.9779,2,0.0,0.09,6,3,1,40.045
107.9829,2,0.0,0.11,6,3,1,40.055
107.9877,2,0.0,0.12,6,3,1,40.06
107.9921,2,0.0,0.3,11,3,1,40.15
107.9962,0,0.0,0.13,29,3,2,0.065
107.9993,2,0.0,1.69,13,3,1,40.845
108.0056,2,0.0,2.01,46,3,1,41.005
108.0101,2,0.0,0.0,10,3,1,40.0
108.0141,2,0.0,0.22,2,3,1,40.11
108.019,2,95.5,0.43,22,3,0,154.815
108.023,2,0.0,0.1,8,3,1,40.05
108.0274,0,0.0,0.66,26,3,2,0.33
108.0307,2,0.0,0.52,15,3,1,40.26
108.0348,2,0.0,0.05,8,3,1,40.025
108.0401,2,0.0,0.02,3,3,1,40.01
108.0433,0,0.0,1.69,28,3,2,0.845
108.0481,3,0.0,1.03,22,3,1,60.515
108.0535,2,0.0,0.31,25,3,1,40.155
108.0578,2,0.0,0.16,7,3,1,40.08
108.0622,0,0.0,1.92,32,3,2,0.96
108.0674,2,0.0,0.04,1,3,1,40.02
108.0793,2,0.0,0.1,14,3,1,40.05
108.0922,2,0.0,0.18,10,3,1,40.09
108.0996,2,0.0,0.08,11,3,1,40.04
108.1086,2,0.0,0.13,6,3,1,40.065
108.1136,2,0.0,0.67,49,3,1,40.335
108.1183,2,0.0,0.13,8,3,1,40.065
108.1238,2,0.0,0.55,12,3,1,40.275
108.1276,2,0.0,0.52,30,3,1,40.26
109.1445,2,0.0,0.79,46,3,1,40.395
109.1518,2,0.0,0.99,16,3,1,40.495
109.1581,2,0.0,0.04,3,3,1,40.02
109.1645,2,5.5,1.91,21,3,1,47.555
109.1708,2,0.0,0.02,4,3,1,40.01
109.1753,3,0.0,0.14,6,3,1,60.07
109.1798,2,0.0,0.81,9,3,1,40.405
109.1845,2,0.0,0.09,3,3,1,40.045
109.1902,2,0.0,0.01,2,3,1,40.005
109.1934,4,0.0,0.42,18,3,0,80.21
109.1982,2,0.0,0.13,9,3,1,40.065
109.2035,2,0.0,0.14,8,3,1,40.07
109.2076,2,0.0,0.01,2,3,1,40.005
109.2124,2,0.0,3.78,77,3,1,41.89
109.2166,2,0.0,0.22,23,3,1,40.11
109.2219,2,0.0,0.24,12,3,1,40.12
109.2277,2,0.0,0.05,5,3,1,40.025
109.2326,2,0.0,0.03,1,3,1,40.015
109.2378,0,0.0,0.09,28,3,2,0.045
109.2437,2,0.0,0.01,2,3,1,40.005
109.2485,1,0.0,0.08,14,3,2,20.04
109.2547,2,0.0,0.09,6,3,1,40.045
109.2588,2,0.0,0.04,8,3,1,40.02
109.2625,2,0.0,0.03,2,3,1,40.015
109.2666,2,0.0,0.3,5,3,1,40.15
109.2719,3,0.0,0.09,21,3,1,60.045
109.2769,2,40.0,2.02,33,3,1,89.01
109.281,2,0.0,0.34,24,3,1,40.17
109.2868,2,0.0,0.21,7,3,1,40.105
109.2918,2,0.0,0.03,2,3,1,40.015
109.2974,2,0.0,0.63,60,3,1,40.315
109.302,2,0.0,0.05,5,3,1,40.025
109.3066,2,0.0,0.73,31,1,1,40.365
109.3113,0,0.0,0.32,29,3,2,0.16
109.3155,2,0.0,0.26,31,3,1,40.13
109.3213,2,0.0,0.38,12,3,1,40.19
109.3265,2,0.0,0.0,38,1,1,40.0
109.3319,2,0.0,0.01,17,3,1,40.005
109.3376,2,0.0,0.13,11,3,1,40.065
109.3424,2,0.0,0.29,6,3,1,40.145
109.347,2,0.0,0.44,50,3,1,40.22
109.3518,2,0.0,0.05,8,3,1,40.025
109.3562,2,0.0,0.08,10,3,1,40.04
109.3611,2,0.0,0.07,24,3,1,40.035
109.366,2,0.0,0.11,6,3,1,40.055
109.3716,2,0.0,0.19,2,3,1,40.095
109.3757,2,0.0,0.06,7,3,1,40.03
109.3799,2,0.0,0.01,17,3,1,40.005
109.3856,2,0.0,0.04,2,3,1,40.02
109.3901,0,0.0,1.42,29,3,2,0.71
109.3942,2,0.0,0.04,3,3,1,40.02
109.3984,0,0.0,0.16,29,3,2,0.08
109.4035,2,0.0,0.41,35,3,1,40.205
109.4075,2,0.0,0.01,2,3,1,40.005
109.4131,2,0.0,0.05,9,1,1,40.025
109.4173,2,0.0,0.32,20,3,1,40.16
109.4231,2,0.0,0.18,14,3,1,40.09
109.428,2,0.0,0.08,3,3,1,40.04
109.4328,4,0.0,0.2,15,3,0,80.1
109.4376,2,0.0,0.22,6,3,1,40.11
109.4423,2,0.0,0.07,2,3,1,40.035
109.4471,2,0.0,0.95,16,1,1,40.475
109.4529,2,0.0,1.13,45,3,1,40.565
109.4585,2,0.0,2.51,27,3,1,41.255
109.464,2,0.0,0.19,7,3,1,40.095
109.4693,2,0.0,0.03,4,3,1,40.015
109.4739,0,0.0,0.08,14,3,2,0.04
109.4792,2,0.0,0.07,8,3,1,40.035
109.4829,2,0.0,0.17,30,3,1,40.085
109.4882,4,0.0,0.07,3,3,0,80.035
109.4926,2,0.0,0.03,2,3,1,40.015
109.4972,2,0.0,0.3,12,3,1,40.15
109.5026,0,0.0,0.12,44,3,2,0.06
109.5071,2,0.0,0.14,11,3,1,40.07
109.5122,2,0.0,0.12,8,3,1,40.06
109.5196,2,0.0,0.19,26,3,1,40.095
109.5246,2,0.0,0.87,17,1,1,40.435
109.5302,2,0.0,0.04,4,3,1,40.02
109.5351,2,0.0,0.2,8,3,1,40.1
109.5389,2,0.0,0.03,2,3,1,40.015
109.5432,3,0.0,0.21,24,3,1,60.105
109.5479,2,0.0,0.05,8,3,1,40.025
109.5527,0,0.0,0.06,28,3,2,0.03
109.5569,2,0.0,0.08,4,3,1,40.04
109.5602,2,0.0,0.03,19,3,1,40.015
109.5643,2,0.0,0.11,10,3,1,40.055
109.5689,2,0.0,0.19,9,3,1,40.095
109.5744,2,0.0,0.43,4,3,1,40.215
109.5792,3,0.0,0.16,21,3,1,60.08
109.5832,2,0.0,0.3,14,3,1,40.15
109.5893,2,0.0,0.27,8,3,1,40.135
109.5938,2,0.0,0.05,2,3,1,40.025
109.5981,2,0.0,0.11,9,3,1,40.055
109.6036,2,0.0,0.03,20,3,1,40.015
109.6078,2,0.0,0.15,52,3,1,40.075
109.612,2,0.0,1.32,41,3,1,40.66
109.6162,2,42.6,3.69,29,3,1,92.965
109.6218,2,0.0,0.07,8,3,1,40.035
109.6264,2,0.0,0.19,10,3,1,40.095
109.6314,2,0.0,0.24,10,3,1,40.12
109.6356,2,0.0,0.38,6,3,1,40.19
109.6415,2,0.0,0.65,10,3,1,40.325
109.645,2,0.0,0.12,8,3,1,40.06
109.6486,3,0.0,0.73,22,3,1,60.365
109.6534,2,0.0,3.12,11,3,1,41.56
109.6585,3,13.9,1.37,19,3,1,77.36500000000001
109.6622,2,0.0,0.09,6,3,1,40.045
109.6675,2,0.0,0.11,6,3,1,40.055
109.6726,2,0.0,0.12,6,3,1,40.06
109.6774,2,0.0,0.3,11,3,1,40.15
109.682,0,0.0,0.13,29,3,2,0.065
109.6865,2,0.0,1.69,13,3,1,40.845
109.6914,2,0.0,2.01,46,3,1,41.005
109.6955,2,0.0,0.0,10,3,1,40.0
109.7013,2,0.0,0.22,2,3,1,40.11
109.7073,2,96.3,0.43,22,3,0,155.775
109.7131,2,0.0,0.1,8,3,1,40.05
109.7189,0,0.0,0.66,26,3,2,0.33
109.7247,2,0.0,0.52,15,3,1,40.26
109.7293,2,0.0,0.05,8,3,1,40.025
109.7362,2,0.0,0.02,3,3,1,40.01
109.7427,0,0.0,1.69,28,3,2,0.845
109.7482,3,0.0,1.03,22,3,1,60.515
109.7532,2,0.0,0.31,25,3,1,40.155
109.7582,2,0.0,0.16,7,3,1,40.08
109.7627,0,0.0,1.92,32,3,2,0.96
109.7681,2,0.0,0.04,1,3,1,40.02
109.7736,2,0.0,0.1,14,3,1,40.05
109.7799,2,0.0,0.18,10,3,1,40.09
109.786,2,0.0,0.08,11,3,1,40.04
109.7904,2,0.0,0.13,6,3,1,40.065
109.7945,2,0.0,0.67,49,3,1,40.335
109.7988,2,0.0,0.13,8,3,1,40.065
109.8042,2,0.0,0.55,12,3,1,40.275
109.8083,2,0.0,0.52,30,3,1,40.26
110.8181,2,0.0,0.79,46,3,1,40.395
110.8255,2,0.0,0.99,16,3,1,40.495
110.8338,2,0.0,0.04,3,3,1,40.02
110.843,2,2.8,1.91,21,3,1,44.315
110.8529,2,0.0,0.02,4,3,1,40.01
110.8612,3,0.0,0.14,6,3,1,60.07
110.8696,2,0.0,0.81,9,3,1,40.405
110.8789,2,0.0,0.09,3,3,1,40.045
110.8884,2,0.0,0.01,2,3,1,40.005
110.8959,4,0.0,0.42,18,3,0,80.21
110.9044,2,0.0,0.13,9,3,1,40.065
110.9133,2,0.0,0.14,8,3,1,40.07
110.9203,2,0.0,0.01,2,3,1,40.005
110.9259,2,0.0,3.78,77,3,1,41.89
110.9328,2,0.0,0.22,23,3,1,40.11
110.938,2,0.0,0.24,12,3,1,40.12
110.9444,2,0.0,0.05,5,3,1,40.025
110.9506,2,0.0,0.03,1,3,1,40.015
110.9575,0,0.0,0.09,28,3,2,0.045
110.9625,2,0.0,0.01,2,3,1,40.005
110.9675,1,0.0,0.08,14,3,2,20.04
110.9721,2,0.0,0.09,6,3,1,40.045
110.9787,2,0.0,0.04,8,3,1,40.02
110.985,2,0.0,0.03,2,3,1,40.015
110.9892,2,0.0,0.3,5,3,1,40.15
110.9934,3,0.0,0.09,21,3,1,60.045
110.997,2,40.0,2.02,33,3,1,89.01
111.0024,2,0.0,0.34,24,3,1,40.17
111.007,2,0.0,0.21,7,3,1,40.105
111.0113,2,0.0,0.03,2,3,1,40.015
111.0151,2,0.0,0.63,60,3,1,40.315
111.0198,2,0.0,0.05,5,3,1,40.025
111.0256,2,0.0,0.73,31,1,1,40.365
111.0301,0,0.0,0.32,29,3,2,0.16
111.0344,2,0.0,0.26,31,3,1,40.13
111.0394,2,0.0,0.38,12,3,1,40.19
111.044,2,0.0,0.0,38,1,1,40.0
111.0476,2,0.0,0.01,17,3,1,40.005
111.0527,2,0.0,0.13,11,3,1,40.065
111.0568,2,0.0,0.29,6,3,1,40.145
111.0619,2,0.0,0.44,50,3,1,40.22
111.0676,2,0.0,0.05,8,3,1,40.025
111.0737,2,0.0,0.08,10,3,1,40.04
111.0784,2,0.0,0.07,24,3,1,40.035
111.084,2,0.0,0.11,6,3,1,40.055
111.0885,2,0.0,0.19,2,3,1,40.095
111.0928,2,0.0,0.06,7,3,1,40.03
111.0969,2,0.0,0.01,17,3,1,40.005
111.1016,2,0.0,0.04,2,3,1,40.02
111.1066,0,0.0,1.42,29,3,2,0.71
111.1109,2,0.0,0.04,3,3,1,40.02
111.1169,0,0.0,0.16,29,3,2,0.08
111.1226,2,0.0,0.41,35,3,1,40.205
111.1276,2,0.0,0.01,2,3,1,40.005
111.1321,2,0.0,0.05,9,1,1,40.025
111.1375,2,0.0,0.32,20,3,1,40.16
111.143,2,0.0,0.18,14,3,1,40.09
111.1474,2,0.0,0.08,3,3,1,40.04
111.1537,4,0.0,0.2,15,3,0,80.1
111.1597,2,0.0,0.22,6,3,1,40.11
111.1661,2,0.0,0.07,2,3,1,40.035
111.1718,2,0.0,0.95,16,1,1,40.475
111.1783,2,0.0,1.13,45,3,1,40.565
111.1847,2,0.0,2.51,27,3,1,41.255
111.1887,2,0.0,0.19,7,3,1,40.095
111.1931,2,0.0,0.03,4,3,1,40.015
111.1972,0,0.0,0.08,14,3,2,0.04
111.2011,2,0.0,0.07,8,3,1,40.035
111.2057,2,0.0,0.17,30,3,1,40.085
111.2105,4,0.0,0.07,3,3,0,80.035
111.2145,2,0.0,0.03,2,3,1,40.015
111.22,2,0.0,0.3,12,3,1,40.15
111.2249,0,0.0,0.12,44,3,2,0.06
111.229,2,0.0,0.14,11,3,1,40.07
111.2338,2,0.0,0.12,8,3,1,40.06
111.2385,2,0.0,0.2,26,3,1,40.1
111.2427,2,0.0,0.87,17,1,1,40.435
111.2473,2,0.0,0.04,4,3,1,40.02
111.2516,2,0.0,0.2,8,3,1,40.1
111.2562,2,0.0,0.03,2,3,1,40.015
111.2606,3,0.0,0.21,24,3,1,60.105
111.2651,2,0.0,0.05,8,3,1,40.025
111.2711,0,0.0,0.06,28,3,2,0.03
111.2762,2,0.0,0.08,4,3,1,40.04
111.2822,2,0.0,0.03,19,3,1,40.015
111.2877,2,0.0,0.11,10,3,1,40.055
111.2931,2,0.0,0.19,9,3,1,40.095
111.2983,2,0.0,0.43,4,3,1,40.215
111.3032,3,0.0,0.16,21,3,1,60.08
111.3083,2,0.0,0.3,14,3,1,40.15
111.3131,2,0.0,0.27,8,3,1,40.135
111.3183,2,0.0,0.05,2,3,1,40.025
111.324,2,0.0,0.11,9,3,1,40.055
111.3284,2,0.0,0.03,20,3,1,40.015
111.3328,2,0.0,0.15,52,3,1,40.075
111.3384,2,0.0,1.32,41,3,1,40.66
111.3427,2,18.9,3.71,29,3,1,64.535
111.3457,2,0.0,0.07,8,3,1,40.035
111.3511,2,0.0,0.19,10,3,1,40.095
111.3552,2,0.0,0.24,10,3,1,40.12
111.3605,2,0.0,0.38,6,3,1,40.19
111.3662,2,0.0,0.65,10,3,1,40.325
111.3724,2,0.0,0.12,8,3,1,40.06
111.3772,3,0.0,0.73,22,3,1,60.365
111.3819,2,0.0,3.12,11,3,1,41.56
111.3867,3,10.0,1.37,19,3,1,72.685
111.391,2,0.0,0.09,6,3,1,40.045
111.3951,2,0.0,0.11,6,3,1,40.055
111.3994,2,0.0,0.12,6,3,1,40.06
111.405,2,0.0,0.3,11,3,1,40.15
111.4091,0,0.0,0.13,29,3,2,0.065
111.413,2,0.0,1.69,13,3,1,40.845
111.4194,2,0.0,2.01,46,3,1,41.005
111.4243,2,0.0,0.0,10,3,1,40.0
111.4285,2,0.0,0.22,2,3,1,40.11
111.4345,2,97.3,0.43,22,3,0,156.975
111.4391,2,0.0,0.1,8,3,1,40.05
111.443,0,0.0,0.66,26,3,2,0.33
111.4471,2,0.0,0.52,15,3,1,40.26
111.4517,2,0.0,0.05,8,3,1,40.025
111.4559,2,0.0,0.02,3,3,1,40.01
111.4597,0,0.0,1.69,28,3,2,0.845
111.4647,3,0.0,1.03,22,3,1,60.515
111.4705,2,0.0,0.31,25,3,1,40.155
111.4752,2,0.0,0.16,7,3,1,40.08
111.4798,0,0.0,1.92,32,3,2,0.96
111.485,2,0.0,0.04,1,3,1,40.02
111.489,2,0.0,0.1,14,3,1,40.05
111.4931,2,0.0,0.18,10,3,1,40.09
111.4973,2,0.0,0.08,11,3,1,40.04
111.5029,2,0.0,0.13,6,3,1,40.065
111.5069,2,0.0,0.67,49,3,1,40.335
111.5118,2,0.0,0.13,8,3,1,40.065
111.516,2,0.0,0.55,12,3,1,40.275
111.5211,2,0.0,0.52,30,3,1,40.26
112.5407,2,0.0,0.79,46,3,1,40.395
112.5483,2,0.0,0.99,16,3,1,40.495
112.5531,2,0.0,0.04,3,3,1,40.02
112.5611,2,0.9,1.91,21,3,1,42.035
112.5681,2,0.0,0.02,4,3,1,40.01
112.5766,3,0.0,0.14,6,3,1,60.07
112.5835,2,0.0,0.81,9,3,1,40.405
112.5893,2,0.0,0.09,3,3,1,40.045
112.5966,2,0.0,0.01,2,3,1,40.005
112.6065,4,0.0,0.42,18,3,0,80.21
112.6156,2,0.0,0.13,9,3,1,40.065
112.6222,2,0.0,0.14,8,3,1,40.07
112.6313,2,0.0,0.01,2,3,1,40.005
112.6379,2,0.0,3.78,77,3,1,41.89
112.6437,2,0.0,0.22,23,3,1,40.11
112.6486,2,0.0,0.24,12,3,1,40.12
112.6544,2,0.0,0.05,5,3,1,40.025
112.6588,2,0.0,0.03,1,3,1,40.015
112.6628,0,0.0,0.09,28,3,2,0.045
112.6674,2,0.0,0.01,2,3,1,40.005
112.6737,1,0.0,0.08,14,3,2,20.04
112.6781,2,0.0,0.09,6,3,1,40.045
112.6824,2,0.0,0.04,8,3,1,40.02
112.6867,2,0.0,0.03,2,3,1,40.015
112.6909,2,0.0,0.3,5,3,1,40.15
112.695,3,0.0,0.09,21,3,1,60.045
112.7002,2,40.9,2.02,33,3,1,90.09
112.7056,2,0.0,0.34,24,3,1,40.17
112.7108,2,0.0,0.21,7,3,1,40.105
112.7169,2,0.0,0.03,2,3,1,40.015
112.7249,2,0.0,0.63,60,3,1,40.315
112.7299,2,0.0,0.05,5,3,1,40.025
112.7364,2,0.0,0.73,31,1,1,40.365
112.7414,0,0.0,0.32,29,3,2,0.16
112.747,2,0.0,0.26,31,3,1,40.13
112.7526,2,0.0,0.38,12,3,1,40.19
112.7576,2,0.0,0.0,38,1,1,40.0
112.7634,2,0.0,0.01,17,3,1,40.005
112.7696,2,0.0,0.13,11,3,1,40.065
112.7758,2,0.0,0.29,6,3,1,40.145
112.7814,2,0.0,0.44,50,3,1,40.22
112.7864,2,0.0,0.05,8,3,1,40.025
112.7911,2,0.0,0.08,10,3,1,40.04
112.7953,2,0.0,0.07,24,3,1,40.035
112.7996,2,0.0,0.11,6,3,1,40.055
112.8043,2,0.0,0.19,2,3,1,40.095
112.8084,2,0.0,0.06,7,3,1,40.03
112.8132,2,0.0,0.01,17,3,1,40.005
112.8187,2,0.0,0.04,2,3,1,40.02
112.8232,0,0.0,1.42,29,3,2,0.71
112.8283,2,0.0,0.04,3,3,1,40.02
112.8333,0,0.0,0.16,29,3,2,0.08
112.8384,2,0.0,0.41,35,3,1,40.205
112.8416,2,0.0,0.01,2,3,1,40.005
112.8457,2,0.0,0.05,9,1,1,40.025
112.8517,2,0.0,0.32,20,3,1,40.16
112.8573,2,0.0,0.18,14,3,1,40.09
112.8631,2,0.0,0.08,3,3,1,40.04
112.8701,4,0.0,0.2,15,3,0,80.1
112.8768,2,0.0,0.22,6,3,1,40.11
112.8803,2,0.0,0.07,2,3,1,40.035
112.8853,2,0.0,0.95,16,1,1,40.475
112.8898,2,0.0,1.13,45,3,1,40.565
112.8945,2,0.0,2.51,27,3,1,41.255
112.8984,2,0.0,0.19,7,3,1,40.095
112.9039,2,0.0,0.03,4,3,1,40.015
112.9079,0,0.0,0.08,14,3,2,0.04
112.9136,2,0.0,0.07,8,3,1,40.035
112.9185,2,0.0,0.17,30,3,1,40.085
112.9225,4,0.0,0.07,3,3,0,80.035
112.9269,2,0.0,0.03,2,3,1,40.015
112.9313,2,0.0,0.3,12,3,1,40.15
112.9366,0,0.0,0.12,44,3,2,0.06
112.9399,2,0.0,0.14,11,3,1,40.07
112.944,2,0.0,0.12,8,3,1,40.06
112.9483,2,0.0,0.19,26,3,1,40.095
112.9534,2,0.0,0.87,17,1,1,40.435
112.9579,2,0.0,0.04,4,3,1,40.02
112.9633,2,0.0,0.2,8,3,1,40.1
112.9697,2,0.0,0.03,2,3,1,40.015
112.9744,3,0.0,0.21,24,3,1,60.105
112.9787,2,0.0,0.05,8,3,1,40.025
112.9831,0,0.0,0.06,28,3,2,0.03
112.9886,2,0.0,0.08,4,3,1,40.04
112.9928,2,0.0,0.03,19,3,1,40.015
112.9971,2,0.0,0.11,10,3,1,40.055
113.0015,2,0.0,0.19,9,3,1,40.095
113.0071,2,0.0,0.43,4,3,1,40.215
113.013,3,0.0,0.16,21,3,1,60.08
113.0189,2,0.0,0.3,14,3,1,40.15
113.024,2,0.0,0.27,8,3,1,40.135
113.029,2,0.0,0.05,2,3,1,40.025
113.0344,2,0.0,0.11,9,3,1,40.055
113.0394,2,0.0,0.03,20,3,1,40.015
113.0435,2,0.0,0.15,52,3,1,40.075
113.0472,2,0.0,1.32,41,3,1,40.66
113.0537,2,31.2,3.71,29,3,1,79.295
113.0582,2,0.0,0.07,8,3,1,40.035
113.0637,2,0.0,0.19,10,3,1,40.095
113.069,2,0.0,0.24,10,3,1,40.12
113.0744,2,0.0,0.38,6,3,1,40.19
113.0785,2,0.0,0.65,10,3,1,40.325
113.0834,2,0.0,0.12,8,3,1,40.06
113.0889,3,0.0,0.73,22,3,1,60.365
113.0925,2,0.0,3.12,11,3,1,41.56
113.0957,3,10.9,1.37,19,3,1,73.765
113.1021,2,0.0,0.09,6,3,1,40.045
113.1069,2,0.0,0.11,6,3,1,40.055
113.1112,2,0.0,0.12,6,3,1,40.06
113.117,2,0.0,0.3,11,3,1,40.15
113.1223,0,0.0,0.13,29,3,2,0.065
113.1264,2,0.0,1.69,13,3,1,40.845
113.1307,2,0.0,2.01,46,3,1,41.005
113.1354,2,0.0,0.0,10,3,1,40.0
113.1397,2,0.0,0.22,2,3,1,40.11
113.1438,2,97.3,0.43,22,3,0,156.975
113.1482,2,0.0,0.1,8,3,1,40.05
113.1543,0,0.0,0.66,26,3,2,0.33
113.1582,2,0.0,0.52,15,3,1,40.26
113.1625,2,0.0,0.05,8,3,1,40.025
113.1676,2,0.0,0.02,3,3,1,40.01
113.1726,0,0.0,1.69,28,3,2,0.845
113.1776,3,0.0,1.03,22,3,1,60.515
113.1821,2,0.0,0.31,25,3,1,40.155
113.1887,2,0.0,0.16,7,3,1,40.08
113.1954,0,0.0,1.92,32,3,2,0.96
113.2029,2,0.0,0.04,1,3,1,40.02
113.2096,2,0.0,0.1,14,3,1,40.05
113.2141,2,0.0,0.18,10,3,1,40.09
113.2194,2,0.0,0.08,11,3,1,40.04
113.2247,2,0.0,0.13,6,3,1,40.065
113.2301,2,0.0,0.67,49,3,1,40.335
113.2355,2,0.0,0.13,8,3,1,40.065
113.2399,2,0.0,0.55,12,3,1,40.275
113.2438,2,0.9,0.52,30,3,1,41.339999999999996
114.2585,2,0.0,0.79,46,3,1,40.395
114.2657,2,0.0,0.99,16,3,1,40.495
114.2728,2,0.0,0.04,3,3,1,40.02
114.2807,2,0.0,1.91,21,3,1,40.955
114.2914,2,0.0,0.02,4,3,1,40.01
114.2999,3,0.0,0.14,6,3,1,60.07
114.3098,2,0.0,0.81,9,3,1,40.405
114.3152,2,0.0,0.09,3,3,1,40.045
114.3215,2,0.0,0.01,2,3,1,40.005
114.3256,4,0.0,0.42,18,3,0,80.21
114.3298,2,0.0,0.13,9,3,1,40.065
114.3353,2,0.0,0.14,8,3,1,40.07
114.3405,2,0.0,0.01,2,3,1,40.005
114.3455,2,0.0,3.78,77,3,1,41.89
114.353,2,0.0,0.22,23,3,1,40.11
114.3573,2,0.0,0.24,12,3,1,40.12
114.3625,2,0.0,0.05,5,3,1,40.025
114.3668,2,0.0,0.03,1,3,1,40.015
114.3718,0,0.0,0.09,28,3,2,0.045
114.3762,2,0.0,0.01,2,3,1,40.005
114.3806,1,0.0,0.08,14,3,2,20.04
114.3867,2,0.0,0.09,6,3,1,40.045
114.3929,2,0.0,0.04,8,3,1,40.02
114.3983,2,0.0,0.03,2,3,1,40.015
114.4032,2,0.0,0.3,5,3,1,40.15
114.4073,3,0.0,0.09,21,3,1,60.045
114.4119,2,40.4,2.03,33,3,1,89.49499999999999
114.4172,2,0.0,0.34,24,3,1,40.17
114.4222,2,0.0,0.21,7,3,1,40.105
114.4262,2,0.0,0.03,2,3,1,40.015
114.4307,2,0.0,0.63,60,3,1,40.315
114.4353,2,0.0,0.05,5,3,1,40.025
114.4408,2,0.0,0.73,31,1,1,40.365
114.4452,0,0.0,0.32,29,3,2,0.16
114.4503,2,0.0,0.26,31,3,1,40.13
114.4547,2,0.0,0.38,12,3,1,40.19
114.4589,2,0.0,0.0,38,1,1,40.0
114.4648,2,0.0,0.01,17,3,1,40.005
114.4714,2,0.0,0.13,11,3,1,40.065
114.4759,2,0.0,0.29,6,3,1,40.145
114.4805,2,0.0,0.44,50,3,1,40.22
114.4855,2,0.0,0.05,8,3,1,40.025
114.4899,2,0.0,0.08,10,3,1,40.04
114.4936,2,0.0,0.07,24,3,1,40.035
114.4979,2,0.0,0.11,6,3,1,40.055
114.5025,2,0.0,0.19,2,3,1,40.095
114.5066,2,0.0,0.06,7,3,1,40.03
114.5113,2,0.0,0.01,17,3,1,40.005
114.5159,2,0.0,0.04,2,3,1,40.02
114.5205,0,0.0,1.42,29,3,2,0.71
114.5247,2,0.0,0.04,3,3,1,40.02
114.5289,0,0.0,0.16,29,3,2,0.08
114.5347,2,0.0,0.41,35,3,1,40.205
114.5391,2,0.0,0.01,2,3,1,40.005
114.543,2,0.0,0.05,9,1,1,40.025
114.5475,2,0.0,0.32,20,3,1,40.16
114.5525,2,0.0,0.18,14,3,1,40.09
114.5572,2,0.0,0.08,3,3,1,40.04
114.561,4,0.0,0.2,15,3,0,80.1
114.5659,2,0.0,0.22,6,3,1,40.11
114.5711,2,0.0,0.07,2,3,1,40.035
114.5756,2,0.0,0.95,16,1,1,40.475
114.5809,2,0.0,1.13,45,3,1,40.565
114.5864,2,0.0,2.51,27,3,1,41.255
114.5912,2,0.0,0.19,7,3,1,40.095
114.5956,2,0.0,0.03,4,3,1,40.015
114.6014,0,0.0,0.08,14,3,2,0.04
114.6065,2,0.0,0.07,8,3,1,40.035
114.6113,2,0.0,0.17,30,3,1,40.085
114.616,4,0.0,0.07,3,3,0,80.035
114.6214,2,0.0,0.03,2,3,1,40.015
114.6257,2,0.0,0.3,12,3,1,40.15
114.6305,0,0.0,0.12,44,3,2,0.06
114.6357,2,0.0,0.14,11,3,1,40.07
114.64,2,0.0,0.12,8,3,1,40.06
114.644,2,0.0,0.2,26,3,1,40.1
114.6485,2,0.0,0.87,17,1,1,40.435
114.6541,2,0.0,0.04,4,3,1,40.02
114.6582,2,0.0,0.2,8,3,1,40.1
114.6624,2,0.0,0.03,2,3,1,40.015
114.6665,3,0.0,0.21,24,3,1,60.105
114.6711,2,0.0,0.05,8,3,1,40.025
114.6751,0,0.0,0.06,28,3,2,0.03
114.6795,2,0.0,0.08,4,3,1,40.04
114.6857,2,0.0,0.03,19,3,1,40.015
114.6902,2,0.0,0.11,10,3,1,40.055
114.6943,2,0.0,0.19,9,3,1,40.095
114.6981,2,0.0,0.43,4,3,1,40.215
114.7021,3,0.0,0.16,21,3,1,60.08
114.7071,2,0.0,0.3,14,3,1,40.15
114.7122,2,0.0,0.27,8,3,1,40.135
114.7182,2,0.0,0.05,2,3,1,40.025
114.7232,2,0.0,0.11,9,3,1,40.055
114.7278,2,0.0,0.03,20,3,1,40.015
114.7328,2,0.0,0.15,52,3,1,40.075
114.7382,2,0.0,1.32,41,3,1,40.66
114.7432,2,25.0,3.74,29,3,1,71.87
114.7472,2,0.0,0.07,8,3,1,40.035
114.7522,2,0.0,0.19,10,3,1,40.095
114.7579,2,0.0,0.24,10,3,1,40.12
114.762,2,0.0,0.38,6,3,1,40.19
114.7658,2,0.0,0.65,10,3,1,40.325
114.7721,2,0.0,0.12,8,3,1,40.06
114.7769,3,0.0,0.73,22,3,1,60.365
114.7814,2,0.0,3.12,11,3,1,41.56
114.787,3,9.3,1.37,19,3,1,71.845
114.7911,2,0.0,0.09,6,3,1,40.045
114.7955,2,0.0,0.11,6,3,1,40.055
114.8016,2,0.0,0.12,6,3,1,40.06
114.8053,2,0.0,0.3,11,3,1,40.15
114.8094,0,0.0,0.13,29,3,2,0.065
114.8135,2,0.0,1.69,13,3,1,40.845
114.8196,2,0.0,2.01,46,3,1,41.005
114.8246,2,0.0,0.0,10,3,1,40.0
114.8289,2,0.0,0.22,2,3,1,40.11
114.8347,2,96.3,0.43,22,3,0,155.775
114.839,2,0.0,0.1,8,3,1,40.05
114.8432,0,0.0,0.66,26,3,2,0.33
114.8472,2,0.0,0.52,15,3,1,40.26
114.8521,2,0.0,0.05,8,3,1,40.025
114.8562,2,0.0,0.02,3,3,1,40.01
114.8604,0,0.0,1.69,28,3,2,0.845
114.8653,3,0.0,1.03,22,3,1,60.515
114.8707,2,0.0,0.31,25,3,1,40.155
114.8755,2,0.0,0.16,7,3,1,40.08
114.8798,0,0.9,1.92,32,3,2,2.04
114.8843,2,0.0,0.04,1,3,1,40.02
114.8884,2,0.0,0.1,14,3,1,40.05
114.8926,2,0.0,0.18,10,3,1,40.09
114.8963,2,0.0,0.08,11,3,1,40.04
114.8999,2,0.0,0.13,6,3,1,40.065
114.9044,2,0.0,0.67,49,3,1,40.335
114.9089,2,0.0,0.13,8,3,1,40.065
114.9133,2,0.0,0.55,12,3,1,40.275
114.9188,2,0.0,0.52,30,3,1,40.26
115.9368,2,0.0,0.79,46,3,1,40.395
115.9449,2,0.0,0.99,16,3,1,40.495
115.9508,2,0.0,0.04,3,3,1,40.02
115.9553,2,0.0,1.91,21,3,1,40.955
115.9596,2,0.0,0.02,4,3,1,40.01
115.9638,3,0.0,0.14,6,3,1,60.07
115.969,2,0.0,0.81,9,3,1,40.405
115.9738,2,0.0,0.09,3,3,1,40.045
115.9781,2,0.0,0.01,2,3,1,40.005
115.983,4,0.0,0.42,18,3,0,80.21
115.9876,2,0.0,0.13,9,3,1,40.065
115.9919,2,0.0,0.14,8,3,1,40.07
115.9949,2,0.0,0.01,2,3,1,40.005
115.9995,2,0.0,3.78,77,3,1,41.89
116.0041,2,0.0,0.22,23,3,1,40.11
116.0081,2,0.0,0.24,12,3,1,40.12
116.0121,2,0.0,0.05,5,3,1,40.025
116.0185,2,0.0,0.03,1,3,1,40.015
116.024,0,0.0,0.09,28,3,2,0.045
116.0281,2,0.0,0.01,2,3,1,40.005
116.033,1,0.0,0.08,14,3,2,20.04
116.038,2,0.0,0.09,6,3,1,40.045
116.0424,2,0.0,0.04,8,3,1,40.02
116.0456,2,0.0,0.03,2,3,1,40.015
116.0502,2,0.0,0.3,5,3,1,40.15
116.0546,3,0.0,0.09,21,3,1,60.045
116.0578,2,38.1,2.03,33,3,1,86.735
116.063,2,0.0,0.34,24,3,1,40.17
116.0686,2,0.0,0.21,7,3,1,40.105
116.0735,2,0.0,0.03,2,3,1,40.015
116.0775,2,0.0,0.63,60,3,1,40.315
116.0808,2,0.0,0.05,5,3,1,40.025
116.086,2,0.0,0.73,31,1,1,40.365
116.0903,0,0.0,0.32,29,3,2,0.16
116.0933,2,0.0,0.26,31,3,1,40.13
116.0975,2,0.0,0.38,12,3,1,40.19
116.1025,2,0.0,0.0,38,1,1,40.0
116.1071,2,0.0,0.01,17,3,1,40.005
116.1112,2,0.0,0.13,11,3,1,40.065
116.1163,2,0.0,0.29,6,3,1,40.145
116.1205,2,0.0,0.44,50,3,1,40.22
116.1246,2,0.0,0.05,8,3,1,40.025
116.1328,2,0.0,0.08,10,3,1,40.04
116.1427,2,0.0,0.07,24,3,1,40.035
116.1523,2,0.0,0.11,6,3,1,40.055
116.1614,2,0.0,0.19,2,3,1,40.095
116.1663,2,0.0,0.06,7,3,1,40.03
116.1713,2,0.0,0.01,17,3,1,40.005
116.1755,2,0.0,0.04,2,3,1,40.02
116.1799,0,0.0,1.42,29,3,2,0.71
116.1851,2,0.0,0.04,3,3,1,40.02
116.1888,0,0.0,0.16,29,3,2,0.08
116.1931,2,0.0,0.41,35,3,1,40.205
116.1972,2,0.0,0.01,2,3,1,40.005
116.2023,2,0.0,0.05,9,1,1,40.025
116.207,2,0.0,0.32,20,3,1,40.16
116.2108,2,0.0,0.18,14,3,1,40.09
116.2158,2,0.0,0.08,3,3,1,40.04
116.2215,4,0.0,0.2,15,3,0,80.1
116.2257,2,0.0,0.22,6,3,1,40.11
116.2299,2,0.0,0.07,2,3,1,40.035
116.235,2,0.0,0.95,16,1,1,40.475
116.2391,2,0.9,1.13,45,3,1,41.644999999999996
116.2434,2,0.0,2.49,27,3,1,41.245
116.2481,2,0.0,0.19,7,3,1,40.095
116.2528,2,0.0,0.03,4,3,1,40.015
116.2568,0,0.0,0.08,14,3,2,0.04
116.2607,2,0.0,0.07,8,3,1,40.035
116.2654,2,0.0,0.17,30,3,1,40.085
116.2709,4,0.0,0.07,3,3,0,80.035
116.276,2,0.0,0.03,2,3,1,40.015
116.2802,2,0.0,0.3,12,3,1,40.15
116.2853,0,0.0,0.12,44,3,2,0.06
116.2909,2,0.0,0.14,11,3,1,40.07
116.295,2,0.0,0.12,8,3,1,40.06
116.2992,2,0.0,0.2,26,3,1,40.1
116.3042,2,0.0,0.87,17,1,1,40.435
116.3086,2,0.0,0.04,4,3,1,40.02
116.3131,2,0.0,0.2,8,3,1,40.1
116.3179,2,0.0,0.03,2,3,1,40.015
116.3232,3,0.0,0.21,24,3,1,60.105
116.3273,2,0.0,0.05,8,3,1,40.025
116.3322,0,0.0,0.06,28,3,2,0.03
116.3364,2,0.0,0.08,4,3,1,40.04
116.3407,2,0.0,0.03,19,3,1,40.015
116.3443,2,0.0,0.11,10,3,1,40.055
116.3491,2,0.0,0.19,9,3,1,40.095
116.3547,2,0.0,0.43,4,3,1,40.215
116.3585,3,0.0,0.16,21,3,1,60.08
116.3633,2,0.0,0.3,14,3,1,40.15
116.3679,2,0.0,0.27,8,3,1,40.135
116.3725,2,0.0,0.05,2,3,1,40.025
116.377,2,0.0,0.11,9,3,1,40.055
116.382,2,0.0,0.03,20,3,1,40.015
116.3867,2,0.0,0.15,52,3,1,40.075
116.3905,2,0.0,1.32,41,3,1,40.66
116.3947,2,28.3,3.71,29,3,1,75.81500000000001
116.4001,2,0.0,0.07,8,3,1,40.035
116.4048,2,0.0,0.19,10,3,1,40.095
116.4086,2,0.0,0.24,10,3,1,40.12
116.4138,2,0.0,0.38,6,3,1,40.19
116.4178,2,0.0,0.65,10,3,1,40.325
116.4235,2,0.0,0.12,8,3,1,40.06
116.4275,3,0.0,0.73,22,3,1,60.365
116.4331,2,0.0,3.12,11,3,1,41.56
116.4371,3,10.4,1.37,19,3,1,73.165
116.4415,2,0.0,0.09,6,3,1,40.045
116.4459,2,0.0,0.11,6,3,1,40.055
116.4516,2,0.0,0.12,6,3,1,40.06
116.4563,2,0.0,0.3,11,3,1,40.15
116.4612,0,0.0,0.13,29,3,2,0.065
116.4675,2,0.0,1.69,13,3,1,40.845
116.4719,2,0.0,2.01,46,3,1,41.005
116.4773,2,0.0,0.0,10,3,1,40.0
116.4823,2,0.0,0.22,2,3,1,40.11
116.4863,2,99.1,0.43,22,3,0,159.135
116.4917,2,0.0,0.1,8,3,1,40.05
116.4979,0,0.0,0.66,26,3,2,0.33
116.5038,2,0.0,0.52,15,3,1,40.26
116.5088,2,0.0,0.05,8,3,1,40.025
116.5159,2,0.0,0.02,3,3,1,40.01
116.5219,0,0.0,1.69,28,3,2,0.845
116.5259,3,0.0,1.03,22,3,1,60.515
116.5299,2,0.0,0.31,25,3,1,40.155
116.535,2,0.0,0.16,7,3,1,40.08
116.5395,0,0.9,1.92,32,3,2,2.04
116.5442,2,0.0,0.04,1,3,1,40.02
116.5494,2,0.0,0.1,14,3,1,40.05
116.5541,2,0.0,0.18,10,3,1,40.09
116.5581,2,0.0,0.08,11,3,1,40.04
116.5622,2,0.0,0.13,6,3,1,40.065
116.5673,2,0.0,0.67,49,3,1,40.335
116.5717,2,0.0,0.13,8,3,1,40.065
116.5761,2,0.0,0.55,12,3,1,40.275
116.5801,2,0.0,0.52,30,3,1,40.26
117.5945,2,0.0,0.79,46,3,1,40.395
117.6037,2,0.0,0.99,16,3,1,40.495
117.6129,2,0.0,0.04,3,3,1,40.02
117.6201,2,2.8,1.91,21,3,1,44.315
117.6301,2,0.0,0.02,3,3,1,40.01
117.6372,3,0.0,0.14,6,3,1,60.07
117.6437,2,0.0,0.81,9,3,1,40.405
117.6504,2,0.0,0.09,3,3,1,40.045
117.656,2,0.0,0.01,2,3,1,40.005
117.6604,4,0.0,0.42,18,3,0,80.21
117.6649,2,0.0,0.13,9,3,1,40.065
117.6693,2,0.0,0.14,8,3,1,40.07
117.674,2,0.0,0.01,2,3,1,40.005
117.6783,2,0.0,3.78,77,3,1,41.89
117.682,2,0.0,0.22,23,3,1,40.11
117.6873,2,0.0,0.24,12,3,1,40.12
117.6912,2,0.0,0.05,4,3,1,40.025
117.6952,2,0.0,0.03,1,3,1,40.015
117.6996,0,0.0,0.09,28,3,2,0.045
117.7048,2,0.0,0.01,2,3,1,40.005
117.7088,1,0.0,0.08,14,3,2,20.04
117.7129,2,0.0,0.09,6,3,1,40.045
117.7182,2,0.0,0.04,7,3,1,40.02
117.7229,2,0.0,0.03,2,3,1,40.015
117.7277,2,0.0,0.3,5,3,1,40.15
117.7325,3,0.0,0.09,21,3,1,60.045
117.7371,2,38.9,2.03,33,3,1,87.69500000000001
117.7415,2,0.0,0.34,24,3,1,40.17
117.7459,2,0.0,0.21,6,3,1,40.105
117.7506,2,0.0,0.03,2,3,1,40.015
117.7544,2,0.0,0.63,59,3,1,40.315
117.7585,2,0.0,0.05,4,3,1,40.025
117.763,2,0.0,0.73,31,1,1,40.365
117.769,0,0.0,0.32,28,3,2,0.16
117.7736,2,0.0,0.26,30,3,1,40.13
117.7777,2,0.0,0.38,12,3,1,40.19
117.7832,2,0.0,0.0,38,1,1,40.0
117.7876,2,0.0,0.01,17,3,1,40.005
117.7919,2,0.0,0.13,11,3,1,40.065
117.796,2,0.0,0.29,6,3,1,40.145
117.8017,2,0.0,0.44,50,3,1,40.22
117.8058,2,0.0,0.05,7,3,1,40.025
117.8112,2,0.0,0.08,10,3,1,40.04
117.818,2,0.0,0.07,23,3,1,40.035
117.8228,2,0.0,0.11,6,3,1,40.055
117.8278,2,0.0,0.19,2,3,1,40.095
117.8326,2,0.0,0.06,7,3,1,40.03
117.8376,2,0.0,0.01,17,3,1,40.005
117.8439,2,0.0,0.04,1,3,1,40.02
117.8505,0,0.0,1.42,29,3,2,0.71
117.8558,2,0.0,0.04,3,3,1,40.02
117.8612,0,0.0,0.16,29,3,2,0.08
117.8664,2,0.0,0.41,35,3,1,40.205
117.8716,2,0.0,0.01,2,3,1,40.005
117.8799,2,0.0,0.05,9,1,1,40.025
117.8866,2,0.0,0.32,20,3,1,40.16
117.8917,2,0.0,0.18,14,3,1,40.09
117.8978,2,0.0,0.08,3,3,1,40.04
117.9035,4,0.0,0.2,15,3,0,80.1
117.9095,2,0.0,0.22,5,3,1,40.11
117.9179,2,0.0,0.07,1,3,1,40.035
117.9259,2,0.0,0.95,16,1,1,40.475
117.9346,2,0.0,1.13,45,3,1,40.565
117.9408,2,0.0,2.49,27,3,1,41.245
117.9487,2,0.0,0.19,7,3,1,40.095
117.9564,2,0.0,0.03,4,3,1,40.015
117.9644,0,0.0,0.08,14,3,2,0.04
117.9716,2,0.0,0.07,8,3,1,40.035
117.977,2,0.0,0.17,30,3,1,40.085
117.9841,4,0.0,0.07,3,3,0,80.035
117.99,2,0.0,0.03,1,3,1,40.015
117.9986,2,0.0,0.3,12,3,1,40.15
118.0059,0,0.0,0.12,44,3,2,0.06
118.0109,2,0.0,0.14,11,3,1,40.07
118.0155,2,0.0,0.12,8,3,1,40.06
118.0208,2,0.0,0.19,26,3,1,40.095
118.0252,2,0.0,0.87,17,1,1,40.435
118.0309,2,0.9,0.04,4,3,1,41.1
118.0366,2,0.0,0.2,8,3,1,40.1
118.0409,2,0.0,0.03,2,3,1,40.015
118.045,3,0.0,0.21,24,3,1,60.105
118.0492,2,0.0,0.05,7,3,1,40.025
118.0542,0,0.0,0.06,27,3,2,0.03
118.0591,2,0.0,0.08,3,3,1,40.04
118.063,2,0.0,0.03,19,3,1,40.015
118.068,2,0.0,0.11,9,3,1,40.055
118.0724,2,0.0,0.19,9,3,1,40.095
118.0767,2,0.0,0.43,4,3,1,40.215
118.0806,3,0.0,0.16,21,3,1,60.08
118.0866,2,0.0,0.3,14,3,1,40.15
118.091,2,0.0,0.27,8,3,1,40.135
118.0946,2,0.0,0.05,1,3,1,40.025
118.1,2,0.0,0.11,9,3,1,40.055
118.1046,2,0.0,0.03,20,3,1,40.015
118.1104,2,0.0,0.15,51,3,1,40.075
118.1159,2,0.0,1.32,41,3,1,40.66
118.1212,2,21.8,3.73,29,3,1,68.02499999999999
118.1294,2,0.0,0.07,8,3,1,40.035
118.1343,2,0.0,0.19,10,3,1,40.095
118.1393,2,0.0,0.24,10,3,1,40.12
118.1444,2,0.0,0.38,6,3,1,40.19
118.1483,2,0.0,0.65,10,3,1,40.325
118.1538,2,0.0,0.12,8,3,1,40.06
118.1581,3,0.0,0.73,22,3,1,60.365
118.1618,2,0.0,3.12,11,3,1,41.56
118.1668,3,7.3,1.37,19,3,1,69.44500000000001
118.172,2,0.0,0.09,6,3,1,40.045
118.1753,2,0.0,0.11,5,3,1,40.055
118.1796,2,0.0,0.12,5,3,1,40.06
118.1847,2,0.0,0.3,11,3,1,40.15
118.1885,0,0.0,0.13,28,3,2,0.065
118.1928,2,0.0,1.69,13,3,1,40.845
118.1982,2,0.0,2.01,46,3,1,41.005
118.2037,2,0.0,0.0,10,3,1,40.0
118.2079,2,0.0,0.22,1,3,1,40.11
118.2127,2,96.3,0.43,21,3,0,155.775
118.2178,2,0.0,0.11,10,3,1,40.055
118.2224,0,0.0,0.66,26,3,2,0.33
118.2268,2,0.0,0.52,15,3,1,40.26
118.2303,2,0.0,0.05,8,3,1,40.025
118.2361,2,0.0,0.02,3,3,1,40.01
118.2407,0,0.0,1.69,28,3,2,0.845
118.2452,3,0.0,1.03,22,3,1,60.515
118.2567,2,0.0,0.31,25,3,1,40.155
118.2615,2,0.0,0.16,7,3,1,40.08
118.2662,0,0.0,1.92,32,3,2,0.96
118.2717,2,0.0,0.04,1,3,1,40.02
118.2759,2,0.0,0.1,14,3,1,40.05
118.2806,2,0.0,0.18,10,3,1,40.09
118.2856,2,0.0,0.08,11,3,1,40.04
118.2901,2,0.0,0.13,6,3,1,40.065
118.2933,2,0.0,0.67,49,3,1,40.335
118.2989,2,0.0,0.13,8,3,1,40.065
118.3042,2,0.0,0.55,12,3,1,40.275
118.3079,2,0.0,0.52,30,3,1,40.26
119.3266,2,0.0,0.79,46,3,1,40.395
119.3357,2,0.0,0.99,16,3,1,40.495
119.3445,2,0.0,0.04,3,3,1,40.02
119.3508,2,0.9,1.91,22,3,1,42.035
119.3569,2,0.0,0.02,4,3,1,40.01
119.3642,3,0.0,0.14,6,3,1,60.07
119.3712,2,0.0,0.81,9,3,1,40.405
119.3763,2,0.0,0.09,3,3,1,40.045
119.3807,2,0.0,0.01,2,3,1,40.005
119.3856,4,0.0,0.42,18,3,0,80.21
119.3898,2,0.0,0.13,9,3,1,40.065
119.3941,2,0.0,0.14,8,3,1,40.07
119.3986,2,0.0,0.01,2,3,1,40.005
119.4029,2,0.0,3.78,77,3,1,41.89
119.4066,2,0.0,0.22,23,3,1,40.11
119.4096,2,0.0,0.24,12,3,1,40.12
119.4148,2,0.0,0.06,5,3,1,40.03
119.4203,2,0.0,0.03,1,3,1,40.015
119.4258,0,0.0,0.09,28,3,2,0.045
119.4291,2,0.0,0.01,2,3,1,40.005
119.4348,1,0.0,0.08,14,3,2,20.04
119.4407,2,0.0,0.09,6,3,1,40.045
119.4458,2,0.0,0.04,8,3,1,40.02
119.4504,2,0.0,0.03,2,3,1,40.015
119.4551,2,0.0,0.3,5,3,1,40.15
119.461,3,0.0,0.09,21,3,1,60.045
119.4673,2,41.4,2.03,33,3,1,90.69500000000001
119.4728,2,0.0,0.34,24,3,1,40.17
119.4773,2,0.0,0.21,6,3,1,40.105
119.4807,2,0.0,0.03,2,3,1,40.015
119.487,2,0.0,0.63,60,3,1,40.315
119.4913,2,0.0,0.05,5,3,1,40.025
119.4954,2,0.0,0.73,31,1,1,40.365
119.4999,0,0.0,0.32,29,3,2,0.16
119.5053,2,0.0,0.26,31,3,1,40.13
119.5083,2,0.0,0.38,12,3,1,40.19
119.5126,2,0.0,0.0,38,1,1,40.0
119.5191,2,0.0,0.01,17,3,1,40.005
119.5288,2,0.0,0.13,11,3,1,40.065
119.5388,2,0.0,0.29,6,3,1,40.145
119.5517,2,0.0,0.44,50,3,1,40.22
119.5561,2,0.0,0.05,8,3,1,40.025
119.5594,2,0.0,0.08,10,3,1,40.04
119.5642,2,0.0,0.07,24,3,1,40.035
119.5685,2,0.0,0.11,6,3,1,40.055
119.5727,2,0.0,0.19,2,3,1,40.095
119.5772,2,0.0,0.06,7,3,1,40.03
119.5823,2,0.0,0.01,17,3,1,40.005
119.5871,2,0.0,0.04,2,3,1,40.02
119.5915,0,0.0,1.42,29,3,2,0.71
119.5956,2,0.0,0.04,3,3,1,40.02
119.6005,0,0.0,0.16,29,3,2,0.08
119.6046,2,0.0,0.41,35,3,1,40.205
119.6076,2,0.0,0.01,2,3,1,40.005
119.6123,2,0.0,0.05,9,1,1,40.025
119.6168,2,0.0,0.32,20,3,1,40.16
119.6215,2,0.0,0.18,14,3,1,40.09
119.6258,2,0.0,0.08,3,3,1,40.04
119.6312,4,0.0,0.2,15,3,0,80.1
119.6357,2,0.0,0.22,6,3,1,40.11
119.6398,2,0.0,0.07,2,3,1,40.035
119.6431,2,0.0,0.95,16,1,1,40.475
119.6477,2,0.0,1.13,45,3,1,40.565
119.6522,2,0.0,2.5,27,3,1,41.25
119.6562,2,0.0,0.19,7,3,1,40.095
119.6594,2,0.0,0.03,4,3,1,40.015
119.6644,0,0.0,0.08,14,3,2,0.04
119.6699,2,0.0,0.07,8,3,1,40.035
119.6755,2,0.0,0.17,30,3,1,40.085
119.6808,4,0.0,0.07,3,3,0,80.035
119.6875,2,0.0,0.03,2,3,1,40.015
119.6919,2,0.0,0.3,12,3,1,40.15
119.696,0,0.0,0.12,44,3,2,0.06
119.7008,2,0.0,0.14,11,3,1,40.07
119.7066,2,0.0,0.12,8,3,1,40.06
119.7096,2,0.0,0.2,26,3,1,40.1
119.7157,2,0.0,0.87,17,1,1,40.435
119.7245,2,0.0,0.04,4,3,1,40.02
119.7291,2,0.0,0.2,8,3,1,40.1
119.7344,2,0.0,0.03,2,3,1,40.015
119.7384,3,0.0,0.21,24,3,1,60.105
119.7429,2,0.0,0.05,8,3,1,40.025
119.7461,0,0.0,0.06,28,3,2,0.03
119.7508,2,0.0,0.08,4,3,1,40.04
119.7552,2,0.0,0.03,19,3,1,40.015
119.7585,2,0.0,0.11,10,3,1,40.055
119.7638,2,0.0,0.19,9,3,1,40.095
119.7695,2,0.0,0.43,4,3,1,40.215
119.774,3,0.0,0.16,21,3,1,60.08
119.7782,2,0.0,0.3,14,3,1,40.15
119.7841,2,0.0,0.27,8,3,1,40.135
119.7891,2,0.0,0.05,2,3,1,40.025
119.7927,2,0.0,0.11,9,3,1,40.055
119.798,2,0.0,0.03,20,3,1,40.015
119.8034,2,0.0,0.15,52,3,1,40.075
119.8065,2,0.0,1.32,41,3,1,40.66
119.8112,2,30.3,3.75,29,3,1,78.235
119.8175,2,0.0,0.07,8,3,1,40.035
119.8227,2,0.0,0.19,10,3,1,40.095
119.8268,2,0.0,0.24,10,3,1,40.12
119.8337,2,0.0,0.38,6,3,1,40.19
119.8391,2,0.0,0.65,10,3,1,40.325
119.8444,2,0.0,0.12,8,3,1,40.06
119.8516,3,0.0,0.73,22,3,1,60.365
119.8571,2,0.0,3.12,11,3,1,41.56
119.8629,3,10.1,1.37,19,3,1,72.805
119.8673,2,0.0,0.09,6,3,1,40.045
119.8732,2,0.0,0.11,6,3,1,40.055
119.8794,2,0.0,0.12,6,3,1,40.06
119.8855,2,0.0,0.3,11,3,1,40.15
119.8903,0,0.0,0.13,29,3,2,0.065
119.8944,2,0.0,1.69,13,3,1,40.845
119.899,2,0.0,2.01,46,3,1,41.005
119.9035,2,0.0,0.0,10,3,1,40.0
119.9082,2,0.0,0.22,2,3,1,40.11
119.9124,2,96.3,0.43,22,3,0,155.775
119.9172,2,0.0,0.11,9,3,1,40.055
119.9228,0,0.0,0.66,26,3,2,0.33
119.9273,2,0.0,0.52,15,3,1,40.26
119.9328,2,0.0,0.05,8,3,1,40.025
119.9377,2,0.0,0.02,3,3,1,40.01
119.942,0,0.0,1.69,28,3,2,0.845
119.9461,3,0.0,1.03,22,3,1,60.515
119.951,2,0.0,0.31,25,3,1,40.155
119.9555,2,0.0,0.16,7,3,1,40.08
119.9613,0,0.0,1.92,32,3,2,0.96
119.9664,2,0.0,0.04,1,3,1,40.02
119.9731,2,0.0,0.1,14,3,1,40.05
119.9773,2,0.0,0.18,10,3,1,40.09
119.9822,2,0.0,0.08,11,3,1,40.04
119.991,2,0.0,0.13,6,3,1,40.065
119.9952,2,0.0,0.67,49,3,1,40.335
120.0007,2,0.0,0.13,8,3,1,40.065
120.0048,2,0.0,0.55,12,3,1,40.275
120.0089,2,0.0,0.52,30,3,1,40.26
