arrival_time,priority_level,cpu_utilization,memory_utilization,num_threads,process_status,target_schedule
0.0008,2,0.0,0.78,47,3,1
0.0101,2,0.0,0.99,17,3,1
0.0189,2,0.0,0.04,3,3,1
0.0257,2,1.1,1.61,19,3,1
0.0344,2,0.0,0.02,3,3,1
0.0438,3,0.0,0.14,6,3,1
0.0532,2,0.0,0.81,24,3,1
0.059,2,0.0,0.09,2,3,1
0.0657,2,0.0,0.01,2,3,1
0.0715,4,0.0,0.42,19,3,0
0.0778,2,0.0,0.13,10,3,1
0.0835,2,0.0,0.14,8,3,1
0.0896,2,0.0,0.01,2,3,1
0.0953,2,3.6,3.88,83,3,1
0.1001,2,0.0,0.22,23,3,1
0.1059,2,0.0,0.24,13,3,1
0.1111,2,0.0,0.05,6,3,1
0.115,2,0.0,0.03,1,3,1
0.1196,0,0.0,0.09,28,3,2
0.1266,2,0.0,0.01,2,3,1
0.1311,1,0.0,0.1,18,3,2
0.138,2,0.0,0.09,9,3,1
0.1448,2,0.0,0.05,9,3,1
0.1499,2,0.0,0.03,2,3,1
0.1546,2,0.0,0.3,5,3,1
0.1604,3,0.0,0.09,21,3,1
0.165,2,20.7,1.96,34,3,1
0.1706,2,0.0,0.34,24,3,1
0.1766,2,0.0,0.22,9,3,1
0.1809,2,0.0,0.03,2,3,1
0.1854,2,65.1,0.25,7,3,0
0.1928,2,0.0,0.63,61,3,1
0.1977,2,0.0,0.04,4,3,1
0.2022,2,0.0,0.73,31,1,1
0.2098,0,0.0,0.32,29,3,2
0.2163,2,0.0,0.26,31,3,1
0.2224,2,0.0,0.37,11,3,1
0.2275,2,0.0,0.0,38,1,1
0.2334,2,0.0,0.01,17,3,1
0.2381,2,0.0,0.13,11,3,1
0.2433,2,0.0,0.3,3,3,1
0.2486,2,0.0,0.43,50,3,1
0.2543,2,0.0,0.05,9,3,1
0.2612,2,0.0,0.05,9,3,1
0.2658,2,0.0,0.07,24,3,1
0.2723,2,0.0,0.11,7,3,1
0.2767,2,0.0,0.19,2,3,1
0.2811,0,0.0,0.39,12,3,2
0.2853,2,0.0,0.06,8,3,1
0.2908,2,0.0,0.01,17,3,1
0.2959,2,0.0,0.04,3,3,1
0.3006,0,0.0,1.41,29,3,2
0.3067,2,0.0,0.04,4,3,1
0.3131,0,0.0,0.16,29,3,2
0.3181,2,0.0,0.41,29,3,1
0.3247,2,0.0,0.01,2,3,1
0.3307,2,0.0,0.12,9,1,1
0.3366,2,0.0,0.32,20,3,1
0.3435,2,0.0,0.18,16,3,1
0.348,2,0.0,0.07,2,3,1
0.3523,4,0.0,0.2,14,3,0
0.3593,2,0.0,0.22,8,3,1
0.3641,2,0.0,0.07,3,3,1
0.3681,2,0.0,0.95,16,1,1
0.3746,2,0.0,1.14,46,3,1
0.379,2,0.0,2.49,27,3,1
0.3833,2,0.0,0.19,7,3,1
0.3884,2,0.0,0.03,4,3,1
0.3932,0,0.0,0.08,14,3,2
0.3962,2,0.0,0.07,8,3,1
0.4005,2,0.0,0.15,29,3,1
0.4062,4,0.0,0.07,3,3,0
0.4115,2,0.0,0.03,3,3,1
0.4155,2,0.0,0.3,14,3,1
0.4209,0,0.0,0.12,44,3,2
0.4268,2,0.0,0.14,11,3,1
0.4383,2,0.0,0.11,8,3,1
0.4485,2,0.0,0.19,26,3,1
0.4577,2,0.0,0.87,17,1,1
0.4626,2,0.0,0.04,5,3,1
0.4659,2,0.0,0.2,8,3,1
0.4721,2,0.0,0.03,2,3,1
0.477,3,0.0,0.2,24,3,1
0.481,2,0.0,0.05,9,3,1
0.4854,0,0.0,0.06,28,3,2
0.4906,2,0.0,0.08,5,3,1
0.4952,2,0.0,0.03,19,3,1
0.4993,2,0.0,0.11,10,3,1
0.5036,2,0.0,0.19,10,3,1
0.5083,2,0.0,0.44,5,3,1
0.513,3,0.0,0.14,20,3,1
0.5175,2,0.0,0.3,15,3,1
0.5233,2,0.0,0.26,8,3,1
0.5284,2,0.0,0.05,2,3,1
0.5323,2,0.0,0.11,11,3,1
0.5375,2,0.0,0.02,19,3,1
0.5423,2,0.0,0.15,53,3,1
0.5463,2,0.0,1.21,40,3,1
0.5512,2,42.0,3.08,29,3,1
0.5565,2,0.0,0.07,8,3,1
0.5612,2,0.0,0.19,11,3,1
0.5666,2,0.0,0.24,9,3,1
0.5724,2,0.0,0.38,7,3,1
0.5781,2,0.0,0.65,10,3,1
0.5834,2,0.0,0.12,8,3,1
0.5883,3,0.0,0.72,22,3,1
0.5929,2,0.0,3.12,11,3,1
0.5976,3,8.7,1.95,19,3,1
0.6025,2,0.0,0.09,6,3,1
0.608,2,0.0,0.12,7,3,1
0.6131,2,0.0,0.12,6,3,1
0.6185,2,0.0,0.3,11,3,1
0.6278,0,0.0,0.12,29,3,2
0.6348,2,0.0,1.71,13,3,1
0.6418,2,0.0,2.11,47,3,1
0.6462,2,0.0,0.0,10,3,1
0.6504,2,0.0,0.22,2,3,1
0.6569,2,98.1,0.43,23,3,0
0.6622,2,0.0,0.1,8,3,1
0.6671,0,0.0,0.66,26,3,2
0.6755,2,0.0,0.52,19,3,1
0.6812,2,0.0,0.05,8,3,1
0.6873,2,0.0,0.02,3,3,1
0.6962,0,0.0,1.69,28,3,2
0.7007,3,0.0,1.03,21,3,1
0.7061,2,0.0,0.31,25,3,1
0.7094,2,0.0,0.16,7,3,1
0.7158,0,0.0,1.92,32,3,2
0.7212,2,0.0,0.04,1,3,1
0.7273,2,0.0,0.1,15,3,1
0.7335,2,0.0,0.18,10,3,1
0.744,2,0.0,0.08,11,3,1
0.7495,2,0.0,0.13,8,3,1
0.7543,2,0.0,0.65,49,3,1
0.7593,2,0.0,0.13,8,3,1
0.7644,2,0.0,0.54,13,3,1
0.7679,2,0.0,0.52,30,3,1
1.7862,2,0.0,0.78,47,3,1
1.7937,2,0.0,0.99,17,3,1
1.8015,2,0.0,0.04,3,3,1
1.8063,2,0.9,1.61,19,3,1
1.8149,2,0.0,0.02,3,3,1
1.8225,3,0.0,0.14,6,3,1
1.8303,2,0.0,0.81,24,3,1
1.8371,2,0.0,0.09,2,3,1
1.8426,2,0.0,0.01,2,3,1
1.8492,4,0.0,0.42,19,3,0
1.856,2,0.0,0.13,10,3,1
1.8611,2,0.0,0.14,8,3,1
1.866,2,0.0,0.01,2,3,1
1.8714,2,0.0,3.88,83,3,1
1.8771,2,0.0,0.22,23,3,1
1.8828,2,0.0,0.24,13,3,1
1.8895,2,0.0,0.05,6,3,1
1.8946,2,0.0,0.03,1,3,1
1.8984,0,0.0,0.09,28,3,2
1.9037,2,0.0,0.01,2,3,1
1.9097,1,0.0,0.09,18,3,2
1.9147,2,0.0,0.09,9,3,1
1.9187,2,0.0,0.05,9,3,1
1.9253,2,0.0,0.03,2,3,1
1.9317,2,0.0,0.3,5,3,1
1.9376,3,0.0,0.09,21,3,1
1.9445,2,41.2,1.96,34,3,1
1.9491,2,0.0,0.34,24,3,1
1.9534,2,0.0,0.22,9,3,1
1.9589,2,0.0,0.03,2,3,1
1.9635,2,82.3,0.25,7,3,0
1.9676,2,0.0,0.63,61,3,1
1.973,2,0.0,0.04,4,3,1
1.9782,2,0.0,0.73,31,1,1
1.9837,0,0.0,0.32,29,3,2
1.9887,2,0.0,0.26,31,3,1
1.9939,2,0.0,0.37,11,3,1
1.9984,2,0.0,0.0,38,1,1
2.0036,2,0.0,0.01,17,3,1
2.009,2,0.0,0.13,11,3,1
2.0133,2,0.0,0.3,3,3,1
2.0174,2,0.0,0.43,50,3,1
2.0229,2,0.0,0.05,9,3,1
2.0284,2,0.0,0.05,9,3,1
2.0338,2,0.0,0.07,24,3,1
2.0393,2,0.0,0.11,7,3,1
2.0437,2,0.0,0.19,2,3,1
2.0491,0,0.0,0.39,12,3,2
2.0539,2,0.0,0.06,8,3,1
2.059,2,0.0,0.01,17,3,1
2.0639,2,0.0,0.04,3,3,1
2.0683,0,0.0,1.41,29,3,2
2.0737,2,0.0,0.04,4,3,1
2.0788,0,0.0,0.16,29,3,2
2.0837,2,0.0,0.41,29,3,1
2.0892,2,0.0,0.01,2,3,1
2.0945,2,0.0,0.12,9,1,1
2.1,2,0.0,0.32,20,3,1
2.1052,2,0.0,0.18,16,3,1
2.1092,2,0.0,0.07,2,3,1
2.1146,4,0.0,0.2,14,3,0
2.1223,2,0.0,0.22,8,3,1
2.1409,2,0.0,0.07,3,3,1
2.1514,2,0.0,0.95,16,1,1
2.1627,2,0.0,1.14,46,3,1
2.167,2,0.0,2.49,27,3,1
2.1728,2,0.0,0.19,7,3,1
2.1781,2,0.0,0.03,4,3,1
2.183,0,0.0,0.08,14,3,2
2.187,2,0.0,0.07,8,3,1
2.1928,2,0.0,0.15,29,3,1
2.197,4,0.0,0.07,3,3,0
2.2015,2,0.0,0.03,3,3,1
2.2071,2,0.0,0.3,14,3,1
2.2122,0,0.0,0.12,44,3,2
2.2166,2,0.0,0.14,11,3,1
2.222,2,0.0,0.11,8,3,1
2.2262,2,0.0,0.19,26,3,1
2.2305,2,0.0,0.87,17,1,1
2.2361,2,0.0,0.04,5,3,1
2.242,2,0.0,0.2,8,3,1
2.246,2,0.0,0.03,2,3,1
2.2505,3,0.0,0.2,24,3,1
2.2562,2,0.0,0.05,9,3,1
2.2634,0,0.0,0.06,28,3,2
2.2704,2,0.0,0.08,5,3,1
2.2772,2,0.0,0.03,19,3,1
2.2824,2,0.0,0.11,10,3,1
2.2867,2,0.0,0.19,10,3,1
2.2921,2,0.0,0.44,5,3,1
2.2955,3,0.0,0.14,20,3,1
2.3015,2,0.0,0.3,15,3,1
2.3063,2,0.0,0.26,8,3,1
2.3111,2,0.0,0.05,2,3,1
2.3152,2,0.0,0.11,11,3,1
2.3209,2,0.0,0.02,19,3,1
2.3261,2,0.0,0.15,53,3,1
2.3304,2,0.0,1.21,40,3,1
2.3348,2,40.4,3.1,29,3,1
2.34,2,0.0,0.07,8,3,1
2.3451,2,0.0,0.19,11,3,1
2.3516,2,0.0,0.24,9,3,1
2.3577,2,0.0,0.38,7,3,1
2.363,2,0.0,0.65,10,3,1
2.3693,2,0.0,0.12,8,3,1
2.3753,3,0.0,0.72,22,3,1
2.381,2,0.0,3.12,11,3,1
2.3846,3,12.3,1.93,19,3,1
2.3901,2,0.0,0.09,6,3,1
2.3947,2,0.0,0.12,7,3,1
2.3997,2,0.0,0.12,6,3,1
2.405,2,0.0,0.3,11,3,1
2.4096,0,0.0,0.12,29,3,2
2.4142,2,0.0,1.71,13,3,1
2.4213,2,0.0,2.11,47,3,1
2.4267,2,0.0,0.0,10,3,1
2.4325,2,0.0,0.22,2,3,1
2.4372,2,93.0,0.43,23,3,0
2.4426,2,0.0,0.1,8,3,1
2.4457,0,0.0,0.66,26,3,2
2.4506,2,0.0,0.52,19,3,1
2.4562,2,0.0,0.05,8,3,1
2.4609,2,0.0,0.02,3,3,1
2.4643,0,0.0,1.69,28,3,2
2.4702,3,0.0,1.03,21,3,1
2.4771,2,0.0,0.31,25,3,1
2.4821,2,0.0,0.16,7,3,1
2.4867,0,0.0,1.92,32,3,2
2.4925,2,0.0,0.04,1,3,1
2.4969,2,0.0,0.1,15,3,1
2.5009,2,0.0,0.18,10,3,1
2.5067,2,0.0,0.08,11,3,1
2.5111,2,0.0,0.13,8,3,1
2.5147,2,0.0,0.66,49,3,1
2.5234,2,0.0,0.13,8,3,1
2.5307,2,0.0,0.54,13,3,1
2.5373,2,0.0,0.52,30,3,1
3.5489,2,0.0,0.78,47,3,1
3.5594,2,0.0,0.99,17,3,1
3.5669,2,0.0,0.04,3,3,1
3.576,2,2.6,1.61,19,3,1
3.5834,2,0.0,0.02,3,3,1
3.5918,3,0.0,0.14,6,3,1
3.599,2,0.0,0.81,24,3,1
3.6108,2,0.0,0.09,2,3,1
3.6236,2,0.0,0.01,2,3,1
3.6297,4,0.0,0.42,19,3,0
3.6343,2,0.0,0.13,10,3,1
3.6393,2,0.0,0.14,8,3,1
3.6433,2,0.0,0.01,2,3,1
3.6482,2,0.0,3.88,83,3,1
3.6545,2,0.0,0.22,23,3,1
3.6593,2,0.0,0.24,13,3,1
3.6634,2,0.0,0.05,6,3,1
3.6684,2,0.0,0.03,1,3,1
3.6741,0,0.0,0.09,28,3,2
3.6777,2,0.0,0.01,2,3,1
3.6824,1,0.0,0.09,18,3,2
3.6875,2,0.0,0.09,9,3,1
3.6923,2,0.0,0.05,9,3,1
3.6963,2,0.0,0.03,2,3,1
3.7009,2,0.0,0.3,5,3,1
3.7058,3,0.0,0.09,21,3,1
3.7111,2,43.4,1.97,34,3,1
3.7161,2,0.0,0.34,24,3,1
3.722,2,0.0,0.22,9,3,1
3.7276,2,0.0,0.03,2,3,1
3.7325,2,74.6,0.25,7,3,0
3.7384,2,0.0,0.63,61,3,1
3.7431,2,0.0,0.04,4,3,1
3.7488,2,0.0,0.73,31,1,1
3.7553,0,0.0,0.32,29,3,2
3.7606,2,0.0,0.26,31,3,1
3.765,2,0.0,0.37,11,3,1
3.7715,2,0.0,0.0,38,1,1
3.7772,2,0.0,0.01,17,3,1
3.7819,2,0.0,0.13,11,3,1
3.7882,2,0.0,0.3,3,3,1
3.7936,2,0.0,0.43,50,3,1
3.799,2,0.0,0.05,9,3,1
3.8041,2,0.0,0.05,9,3,1
3.8088,2,0.0,0.07,24,3,1
3.814,2,0.0,0.11,7,3,1
3.8199,2,0.0,0.19,2,3,1
3.8264,0,0.0,0.39,12,3,2
3.8321,2,0.0,0.06,8,3,1
3.8384,2,0.0,0.01,17,3,1
3.8432,2,0.0,0.04,3,3,1
3.8495,0,0.0,1.41,29,3,2
3.8556,2,0.0,0.04,4,3,1
3.8609,0,0.0,0.16,29,3,2
3.8651,2,0.0,0.41,31,3,1
3.8692,2,0.0,0.01,2,3,1
3.8753,2,0.0,0.11,9,1,1
3.884,2,0.0,0.32,20,3,1
3.8905,2,0.0,0.18,16,3,1
3.8955,2,0.0,0.07,2,3,1
3.9005,4,0.0,0.2,14,3,0
3.9067,2,0.0,0.22,8,3,1
3.913,2,0.0,0.07,3,3,1
3.917,2,0.0,0.95,16,1,1
3.9225,2,0.0,1.14,46,3,1
3.9287,2,0.0,2.49,27,3,1
3.9343,2,0.0,0.19,7,3,1
3.9439,2,0.0,0.03,4,3,1
3.9491,0,0.0,0.08,14,3,2
3.9545,2,0.0,0.07,8,3,1
3.9591,2,0.0,0.15,29,3,1
3.9631,4,0.0,0.07,3,3,0
3.9673,2,0.0,0.03,3,3,1
3.9724,2,0.0,0.3,14,3,1
3.9772,0,0.0,0.12,44,3,2
3.9833,2,0.0,0.14,11,3,1
3.9896,2,0.0,0.11,8,3,1
3.9952,2,0.0,0.19,26,3,1
3.9997,2,0.0,0.87,17,1,1
4.0058,2,0.0,0.04,5,3,1
4.0113,2,0.0,0.2,8,3,1
4.0159,2,0.0,0.03,2,3,1
4.0213,3,0.0,0.21,24,3,1
4.0262,2,0.0,0.05,9,3,1
4.031,0,0.0,0.06,28,3,2
4.0359,2,0.0,0.08,5,3,1
4.0423,2,0.0,0.03,19,3,1
4.0484,2,0.0,0.11,10,3,1
4.0536,2,0.0,0.19,10,3,1
4.0582,2,0.0,0.44,5,3,1
4.0644,3,0.0,0.14,20,3,1
4.0707,2,0.0,0.3,15,3,1
4.0754,2,0.0,0.26,8,3,1
4.0802,2,0.0,0.05,2,3,1
4.0845,2,0.0,0.11,11,3,1
4.0899,2,0.0,0.02,19,3,1
4.0943,2,0.0,0.15,53,3,1
4.0993,2,0.9,1.21,40,3,1
4.1052,2,23.9,3.16,29,3,1
4.1102,2,0.0,0.07,8,3,1
4.1153,2,0.0,0.19,11,3,1
4.1225,2,0.0,0.24,9,3,1
4.1282,2,0.0,0.38,7,3,1
4.1334,2,0.0,0.65,10,3,1
4.1416,2,0.0,0.12,8,3,1
4.1458,3,0.0,0.72,22,3,1
4.1506,2,0.0,3.12,11,3,1
4.1571,3,14.9,1.93,19,3,1
4.1625,2,0.0,0.09,6,3,1
4.1685,2,0.0,0.12,7,3,1
4.1765,2,0.0,0.12,6,3,1
4.182,2,0.0,0.3,11,3,1
4.1897,0,0.0,0.13,29,3,2
4.1958,2,0.0,1.71,13,3,1
4.2009,2,0.0,2.11,47,3,1
4.2082,2,0.0,0.0,10,3,1
4.2158,2,0.0,0.22,2,3,1
4.2244,2,92.9,0.43,23,3,0
4.2289,2,0.0,0.1,8,3,1
4.2342,0,0.0,0.66,26,3,2
4.2405,2,0.0,0.52,19,3,1
4.2454,2,0.0,0.05,8,3,1
4.252,2,0.0,0.02,3,3,1
4.2657,0,0.0,1.69,28,3,2
4.2747,3,0.0,1.03,21,3,1
4.2841,2,0.0,0.31,25,3,1
4.2899,2,0.0,0.16,7,3,1
4.2963,0,0.0,1.92,34,3,2
4.3026,2,0.0,0.04,1,3,1
4.3099,2,0.0,0.1,15,3,1
4.3152,2,0.0,0.18,10,3,1
4.3206,2,0.0,0.08,11,3,1
4.326,2,0.0,0.13,8,3,1
4.3322,2,0.0,0.66,49,3,1
4.3377,2,0.0,0.13,8,3,1
4.3424,2,0.0,0.54,13,3,1
4.3471,2,1.7,0.54,30,3,1
5.3576,2,0.0,0.78,47,3,1
5.3645,2,0.0,0.99,17,3,1
5.3719,2,0.0,0.04,3,3,1
5.3789,2,1.7,1.61,19,3,1
5.3864,2,0.0,0.02,3,3,1
5.3952,3,0.0,0.14,6,3,1
5.4022,2,0.0,0.81,24,3,1
5.4091,2,0.0,0.09,2,3,1
5.4154,2,0.0,0.01,2,3,1
5.4226,4,0.0,0.42,19,3,0
5.4317,2,0.0,0.13,10,3,1
5.4396,2,0.0,0.14,8,3,1
5.4456,2,0.0,0.01,2,3,1
5.4517,2,0.0,3.88,83,3,1
5.4567,2,0.9,0.22,23,3,1
5.4618,2,0.0,0.24,13,3,1
5.4658,2,0.0,0.05,6,3,1
5.4709,2,0.0,0.03,1,3,1
5.4759,0,0.0,0.09,28,3,2
5.4802,2,0.0,0.01,2,3,1
5.4865,1,0.0,0.09,18,3,2
5.4916,2,0.0,0.09,9,3,1
5.4957,2,0.0,0.05,9,3,1
5.5,2,0.0,0.03,2,3,1
5.5055,2,0.0,0.3,5,3,1
5.5108,3,0.0,0.09,21,3,1
5.5152,2,43.1,1.97,34,3,1
5.5209,2,0.0,0.35,24,3,1
5.526,2,0.0,0.22,9,3,1
5.5303,2,0.0,0.03,2,3,1
5.5381,2,65.2,0.25,7,3,0
5.5435,2,0.0,0.63,61,3,1
5.5483,2,0.0,0.04,4,3,1
5.5526,2,0.0,0.73,31,1,1
5.5577,0,0.0,0.32,29,3,2
5.5619,2,0.0,0.26,31,3,1
5.5674,2,0.0,0.37,11,3,1
5.5731,2,0.0,0.0,38,1,1
5.5774,2,0.0,0.01,17,3,1
5.5833,2,0.0,0.13,11,3,1
5.5905,2,0.0,0.3,3,3,1
5.5956,2,0.0,0.43,50,3,1
5.6004,2,0.0,0.05,9,3,1
5.6062,2,0.0,0.05,9,3,1
5.611,2,0.0,0.07,24,3,1
5.6158,2,0.0,0.11,7,3,1
5.6214,2,0.0,0.19,2,3,1
5.626,0,0.0,0.39,12,3,2
5.6301,2,0.0,0.06,8,3,1
5.6366,2,0.0,0.01,17,3,1
5.6424,2,0.0,0.04,3,3,1
5.6471,0,0.0,1.41,29,3,2
5.6519,2,0.0,0.04,4,3,1
5.6581,0,0.0,0.16,29,3,2
5.6629,2,0.0,0.41,37,3,1
5.6669,2,0.0,0.01,2,3,1
5.6734,2,0.0,0.11,9,1,1
5.6788,2,0.0,0.32,20,3,1
5.6844,2,0.0,0.18,16,3,1
5.6907,2,0.0,0.07,2,3,1
5.6964,4,0.0,0.2,14,3,0
5.7031,2,0.0,0.22,8,3,1
5.7093,2,0.0,0.07,3,3,1
5.7142,2,0.0,0.95,16,1,1
5.7218,2,0.0,1.13,46,3,1
5.727,2,0.0,2.49,27,3,1
5.7319,2,0.0,0.19,7,3,1
5.7376,2,0.0,0.03,4,3,1
5.742,0,0.0,0.08,14,3,2
5.746,2,0.0,0.07,8,3,1
5.7513,2,0.0,0.15,29,3,1
5.7577,4,0.0,0.07,3,3,0
5.763,2,0.0,0.03,3,3,1
5.7685,2,0.0,0.3,14,3,1
5.7741,0,0.0,0.12,44,3,2
5.7782,2,0.0,0.14,11,3,1
5.7832,2,0.0,0.11,8,3,1
5.7888,2,0.0,0.19,26,3,1
5.7941,2,0.0,0.87,17,1,1
5.7986,2,0.0,0.04,5,3,1
5.8062,2,0.0,0.2,8,3,1
5.8133,2,0.0,0.03,2,3,1
5.8224,3,0.0,0.21,24,3,1
5.8293,2,0.0,0.05,9,3,1
5.8336,0,0.0,0.06,28,3,2
5.839,2,0.0,0.08,5,3,1
5.8447,2,0.0,0.03,19,3,1
5.8507,2,0.0,0.11,10,3,1
5.8564,2,0.0,0.19,10,3,1
5.8613,2,0.0,0.44,5,3,1
5.8664,3,0.0,0.14,20,3,1
5.8724,2,0.0,0.3,15,3,1
5.8775,2,0.0,0.26,8,3,1
5.8825,2,0.0,0.05,2,3,1
5.8881,2,0.0,0.11,11,3,1
5.8927,2,0.0,0.02,19,3,1
5.8968,2,0.0,0.15,53,3,1
5.9004,2,0.0,1.21,40,3,1
5.906,2,38.8,3.18,29,3,1
5.9112,2,0.0,0.07,8,3,1
5.9158,2,0.0,0.19,11,3,1
5.9222,2,0.0,0.24,9,3,1
5.9273,2,0.0,0.38,7,3,1
5.9322,2,0.0,0.65,10,3,1
5.9378,2,0.0,0.12,8,3,1
5.9435,3,0.0,0.72,22,3,1
5.9484,2,0.0,3.12,11,3,1
5.9522,3,7.0,1.87,19,3,1
5.9574,2,0.0,0.09,6,3,1
5.9624,2,0.0,0.12,7,3,1
5.9681,2,0.0,0.12,6,3,1
5.9744,2,0.0,0.3,11,3,1
5.9798,0,0.0,0.13,29,3,2
5.9867,2,0.0,1.71,13,3,1
5.9919,2,0.0,2.11,47,3,1
5.997,2,0.0,0.0,10,3,1
6.004,2,0.0,0.22,2,3,1
6.009,2,84.2,0.43,23,3,0
6.0134,2,0.0,0.1,8,3,1
6.0184,0,0.0,0.66,26,3,2
6.0248,2,0.0,0.52,19,3,1
6.0309,2,0.0,0.05,8,3,1
6.0373,2,0.0,0.02,3,3,1
6.0431,0,0.0,1.69,28,3,2
6.0472,3,0.0,1.03,21,3,1
6.0514,2,0.0,0.31,25,3,1
6.0565,2,0.0,0.16,7,3,1
6.0614,0,0.0,1.92,34,3,2
6.0659,2,0.0,0.04,1,3,1
6.0718,2,0.0,0.1,15,3,1
6.0778,2,0.0,0.18,10,3,1
6.0832,2,0.0,0.08,11,3,1
6.0891,2,0.0,0.13,8,3,1
6.0932,2,0.0,0.66,49,3,1
6.0984,2,0.0,0.13,8,3,1
6.1045,2,0.0,0.54,13,3,1
6.11,2,0.0,0.52,30,3,1
7.1195,2,0.0,0.78,47,3,1
7.1298,2,0.0,0.99,17,3,1
7.1399,2,0.0,0.04,3,3,1
7.1501,2,2.7,1.62,19,3,1
7.1608,2,0.0,0.02,3,3,1
7.17,3,0.0,0.14,6,3,1
7.1791,2,0.0,0.81,24,3,1
7.186,2,0.0,0.09,2,3,1
7.1903,2,0.0,0.01,2,3,1
7.1944,4,0.9,0.42,18,3,0
7.1986,2,0.0,0.13,10,3,1
7.204,2,0.0,0.14,8,3,1
7.208,2,0.0,0.01,2,3,1
7.2138,2,1.8,3.88,79,3,1
7.2216,2,0.0,0.22,23,3,1
7.2321,2,0.0,0.24,13,3,1
7.2393,2,0.0,0.05,6,3,1
7.2447,2,0.0,0.03,1,3,1
7.2489,0,0.0,0.09,28,3,2
7.2531,2,0.0,0.01,2,3,1
7.2585,1,0.0,0.09,16,3,2
7.263,2,0.0,0.09,9,3,1
7.2671,2,0.0,0.05,9,3,1
7.2743,2,0.0,0.03,2,3,1
7.2793,2,0.0,0.3,5,3,1
7.2832,3,0.0,0.09,21,3,1
7.2897,2,43.4,1.97,34,3,1
7.2934,2,0.0,0.35,24,3,1
7.298,2,0.0,0.21,8,3,1
7.3022,2,0.0,0.03,2,3,1
7.3071,2,72.6,0.25,7,3,0
7.3116,2,0.0,0.63,60,3,1
7.3163,2,0.0,0.04,4,3,1
7.322,2,0.0,0.73,31,1,1
7.3324,0,0.0,0.32,29,3,2
7.3457,2,0.0,0.26,31,3,1
7.3562,2,0.0,0.37,11,3,1
7.3615,2,0.0,0.0,38,1,1
7.3658,2,0.0,0.01,17,3,1
7.3721,2,0.0,0.13,11,3,1
7.3781,2,0.0,0.3,3,3,1
7.3823,2,0.9,0.43,48,3,1
7.3877,2,0.0,0.05,9,3,1
7.3931,2,0.0,0.05,9,3,1
7.3981,2,0.0,0.07,24,3,1
7.403,2,0.0,0.11,7,3,1
7.4081,2,0.0,0.19,2,3,1
7.4122,0,0.0,0.39,12,3,2
7.4169,2,0.0,0.06,8,3,1
7.4228,2,0.0,0.01,17,3,1
7.4268,2,0.0,0.04,3,3,1
7.4311,0,0.0,1.41,29,3,2
7.4356,2,0.0,0.04,4,3,1
7.442,0,0.0,0.16,29,3,2
7.4465,2,0.0,0.41,37,3,1
7.4503,2,0.0,0.01,2,3,1
7.4565,2,0.0,0.11,9,1,1
7.4616,2,0.0,0.32,20,3,1
7.4662,2,0.0,0.18,16,3,1
7.4729,2,0.0,0.07,2,3,1
7.4785,4,0.0,0.2,14,3,0
7.4853,2,1.8,0.22,6,3,1
7.4907,2,0.0,0.07,3,3,1
7.4958,2,0.0,0.95,16,1,1
7.5007,2,0.0,1.13,46,3,1
7.5056,2,0.0,2.49,27,3,1
7.5097,2,0.0,0.19,7,3,1
7.5156,2,0.0,0.03,4,3,1
7.5196,0,0.0,0.08,14,3,2
7.5252,2,0.0,0.07,8,3,1
7.5292,2,0.0,0.15,29,3,1
7.5344,4,0.0,0.07,3,3,0
7.5399,2,0.0,0.03,3,3,1
7.5447,2,0.9,0.3,11,3,1
7.5499,0,0.0,0.12,44,3,2
7.5561,2,0.0,0.14,11,3,1
7.5606,2,0.0,0.11,8,3,1
7.5644,2,0.0,0.19,26,3,1
7.5696,2,0.0,0.87,17,1,1
7.5746,2,0.9,0.04,5,3,1
7.5793,2,0.0,0.2,8,3,1
7.5842,2,0.0,0.03,2,3,1
7.5906,3,0.0,0.21,24,3,1
7.5962,2,0.0,0.05,9,3,1
7.6016,0,0.0,0.06,28,3,2
7.6078,2,0.0,0.08,5,3,1
7.6141,2,0.0,0.03,19,3,1
7.6205,2,0.0,0.11,10,3,1
7.6277,2,0.0,0.19,10,3,1
7.6324,2,0.0,0.44,5,3,1
7.6375,3,0.0,0.14,20,3,1
7.6428,2,0.0,0.3,15,3,1
7.6474,2,0.0,0.26,8,3,1
7.6535,2,0.0,0.05,2,3,1
7.6591,2,0.0,0.11,11,3,1
7.6648,2,0.0,0.02,19,3,1
7.672,2,0.0,0.15,53,3,1
7.6761,2,0.0,1.21,40,3,1
7.682,2,39.8,3.18,29,3,1
7.6882,2,0.0,0.07,8,3,1
7.6942,2,0.0,0.19,10,3,1
7.6983,2,0.0,0.24,8,3,1
7.7053,2,0.0,0.38,7,3,1
7.711,2,0.0,0.65,10,3,1
7.717,2,0.0,0.12,8,3,1
7.7244,3,0.0,0.73,23,3,1
7.734,2,0.0,3.12,11,3,1
7.7406,3,9.7,1.64,19,3,1
7.7453,2,0.0,0.09,6,3,1
7.7496,2,0.0,0.12,6,3,1
7.7548,2,0.0,0.12,6,3,1
7.7599,2,0.0,0.3,11,3,1
7.7666,0,0.0,0.13,29,3,2
7.7729,2,0.0,1.71,13,3,1
7.7778,2,0.9,2.11,47,3,1
7.7822,2,0.0,0.0,10,3,1
7.788,2,0.0,0.22,2,3,1
7.7922,2,88.6,0.43,23,3,0
7.7973,2,0.0,0.1,8,3,1
7.8028,0,0.0,0.66,26,3,2
7.8083,2,0.0,0.52,19,3,1
7.813,2,0.0,0.05,8,3,1
7.8191,2,0.0,0.02,3,3,1
7.8259,0,0.0,1.69,28,3,2
7.831,3,0.0,1.03,21,3,1
7.8372,2,0.0,0.31,25,3,1
7.8427,2,0.0,0.16,6,3,1
7.8495,0,0.9,1.92,34,3,2
7.8563,2,0.0,0.04,1,3,1
7.8625,2,0.0,0.1,15,3,1
7.8698,2,0.0,0.18,10,3,1
7.8797,2,0.0,0.08,11,3,1
7.8872,2,0.0,0.13,8,3,1
7.8939,2,0.0,0.66,49,3,1
7.8994,2,0.0,0.13,8,3,1
7.9071,2,0.0,0.54,13,3,1
7.9129,2,0.0,0.52,30,3,1
8.9238,2,0.0,0.78,47,3,1
8.9335,2,0.0,0.99,17,3,1
8.9413,2,0.0,0.04,3,3,1
8.9469,2,0.0,1.63,19,3,1
8.9532,2,0.0,0.02,3,3,1
8.9593,3,0.0,0.14,6,3,1
8.9668,2,0.0,0.81,24,3,1
8.9757,2,0.0,0.09,2,3,1
8.9835,2,0.0,0.01,2,3,1
8.9895,4,0.0,0.42,18,3,0
8.9975,2,0.0,0.13,10,3,1
9.0024,2,0.0,0.14,8,3,1
9.0097,2,0.0,0.01,2,3,1
9.0177,2,0.0,3.88,78,3,1
9.0263,2,0.0,0.22,23,3,1
9.036,2,0.0,0.24,13,3,1
9.0453,2,0.0,0.05,6,3,1
9.0519,2,0.0,0.03,1,3,1
9.0585,0,0.0,0.09,28,3,2
9.0641,2,0.0,0.01,2,3,1
9.0715,1,0.0,0.09,16,3,2
9.0766,2,0.0,0.09,9,3,1
9.081,2,0.0,0.05,9,3,1
9.0868,2,0.0,0.03,2,3,1
9.0922,2,0.0,0.3,5,3,1
9.0971,3,0.0,0.09,21,3,1
9.1042,2,44.0,1.97,34,3,1
9.1102,2,0.0,0.35,24,3,1
9.1159,2,0.0,0.21,8,3,1
9.1213,2,0.0,0.03,2,3,1
9.1264,2,70.9,0.25,4,3,0
9.1308,2,0.0,0.63,60,3,1
9.136,2,0.0,0.04,4,3,1
9.1413,2,0.0,0.73,31,1,1
9.146,0,0.0,0.32,29,3,2
9.1515,2,0.0,0.26,31,3,1
9.1616,2,0.0,0.37,11,3,1
9.1678,2,0.0,0.0,38,1,1
9.1746,2,0.0,0.01,17,3,1
9.1819,2,0.0,0.13,11,3,1
9.1881,2,0.0,0.3,5,3,1
9.1935,2,0.0,0.43,48,3,1
9.1973,2,0.0,0.05,9,3,1
9.2019,2,0.0,0.05,9,3,1
9.2076,2,0.0,0.07,24,3,1
9.2115,2,0.0,0.11,7,3,1
9.2163,2,0.0,0.19,2,3,1
9.2225,0,0.0,0.39,12,3,2
9.2266,2,0.0,0.06,8,3,1
9.232,2,0.0,0.01,17,3,1
9.2368,2,0.0,0.04,3,3,1
9.2423,0,0.0,1.41,29,3,2
9.2472,2,0.0,0.04,4,3,1
9.2534,0,0.0,0.16,29,3,2
9.2584,2,0.0,0.41,37,3,1
9.2648,2,0.0,0.01,2,3,1
9.2712,2,0.0,0.11,9,1,1
9.2767,2,0.0,0.32,20,3,1
9.2819,2,0.0,0.18,16,3,1
9.2868,2,0.0,0.07,2,3,1
9.2912,4,0.0,0.2,14,3,0
9.2955,2,0.0,0.22,6,3,1
9.3003,2,0.0,0.07,3,3,1
9.3053,2,0.0,0.95,16,1,1
9.3089,2,0.0,1.13,46,3,1
9.3138,2,0.0,2.49,27,3,1
9.3216,2,0.0,0.19,7,3,1
9.3262,2,0.0,0.03,4,3,1
9.3312,0,0.0,0.08,14,3,2
9.3367,2,0.0,0.07,8,3,1
9.3403,2,0.0,0.15,29,3,1
9.3447,4,0.0,0.07,3,3,0
9.3498,2,0.0,0.03,3,3,1
9.3549,2,0.0,0.3,11,3,1
9.3601,0,0.0,0.12,44,3,2
9.3655,2,0.0,0.14,11,3,1
9.3742,2,0.0,0.11,8,3,1
9.3804,2,0.0,0.19,26,3,1
9.3883,2,0.0,0.87,17,1,1
9.3942,2,0.0,0.04,5,3,1
9.3983,2,0.0,0.2,8,3,1
9.4038,2,0.0,0.03,2,3,1
9.4086,3,0.0,0.21,24,3,1
9.4132,2,0.0,0.05,9,3,1
9.4173,0,0.0,0.06,28,3,2
9.4226,2,0.0,0.08,5,3,1
9.4286,2,0.0,0.03,19,3,1
9.4336,2,0.0,0.11,10,3,1
9.4391,2,0.0,0.19,10,3,1
9.4444,2,0.0,0.44,5,3,1
9.4491,3,0.0,0.14,20,3,1
9.4551,2,0.0,0.3,14,3,1
9.4594,2,0.0,0.26,8,3,1
9.4639,2,0.0,0.05,2,3,1
9.4705,2,0.0,0.11,11,3,1
9.4789,2,0.0,0.02,19,3,1
9.4862,2,0.0,0.15,53,3,1
9.4932,2,0.0,1.21,40,3,1
9.4972,2,34.2,3.16,29,3,1
9.5034,2,0.0,0.07,8,3,1
9.5085,2,0.0,0.19,10,3,1
9.5126,2,0.0,0.24,8,3,1
9.5177,2,0.0,0.38,7,3,1
9.5254,2,0.0,0.65,9,3,1
9.5322,2,0.0,0.12,8,3,1
9.5383,3,0.0,0.73,23,3,1
9.5438,2,0.0,3.12,11,3,1
9.5493,3,10.3,1.46,19,3,1
9.5551,2,0.0,0.09,6,3,1
9.561,2,0.0,0.11,6,3,1
9.5651,2,0.0,0.12,6,3,1
9.5718,2,0.0,0.3,11,3,1
9.5768,0,0.0,0.13,29,3,2
9.5833,2,0.0,1.71,13,3,1
9.5902,2,0.0,2.11,47,3,1
9.597,2,0.0,0.0,10,3,1
9.6049,2,0.0,0.22,2,3,1
9.6119,2,90.6,0.43,23,3,0
9.6168,2,0.0,0.1,8,3,1
9.6226,0,0.0,0.66,26,3,2
9.6269,2,0.0,0.52,19,3,1
9.6378,2,0.0,0.05,8,3,1
9.6482,2,0.0,0.02,3,3,1
9.6586,0,0.0,1.69,28,3,2
9.6641,3,0.0,1.03,21,3,1
9.6692,2,0.0,0.31,25,3,1
9.6743,2,0.0,0.16,6,3,1
9.6786,0,0.0,1.92,34,3,2
9.6831,2,0.0,0.04,1,3,1
9.6893,2,0.0,0.1,15,3,1
9.6933,2,0.0,0.18,10,3,1
9.6969,2,0.0,0.08,11,3,1
9.7023,2,0.0,0.13,8,3,1
9.7069,2,0.0,0.66,49,3,1
9.7112,2,0.0,0.13,8,3,1
9.7152,2,0.0,0.54,13,3,1
9.7211,2,0.0,0.52,30,3,1
10.7345,2,0.0,0.78,47,3,1
10.7422,2,0.0,0.99,17,3,1
10.7499,2,0.0,0.04,3,3,1
10.7564,2,2.6,1.63,19,3,1
10.761,2,0.0,0.02,3,3,1
10.7663,3,0.0,0.14,6,3,1
10.7718,2,0.0,0.81,24,3,1
10.7775,2,0.0,0.09,2,3,1
10.7823,2,0.0,0.01,2,3,1
10.7902,4,0.0,0.42,18,3,0
10.7956,2,0.0,0.13,10,3,1
10.801,2,0.0,0.14,8,3,1
10.806,2,0.0,0.01,2,3,1
10.8095,2,0.0,3.88,78,3,1
10.8157,2,0.0,0.22,23,3,1
10.822,2,0.0,0.24,13,3,1
10.8281,2,0.0,0.05,6,3,1
10.8321,2,0.0,0.03,1,3,1
10.8385,0,0.0,0.09,28,3,2
10.8439,2,0.0,0.01,2,3,1
10.8491,1,0.0,0.09,16,3,2
10.8549,2,0.0,0.09,9,3,1
10.859,2,0.0,0.05,9,3,1
10.8642,2,0.0,0.03,2,3,1
10.8696,2,0.0,0.3,5,3,1
10.8737,3,0.0,0.09,21,3,1
10.8792,2,40.4,1.97,34,3,1
10.885,2,0.0,0.35,24,3,1
10.8897,2,0.0,0.21,8,3,1
10.8957,2,0.0,0.03,2,3,1
10.9008,2,75.2,0.25,4,3,0
10.9059,2,0.0,0.63,60,3,1
10.9116,2,0.0,0.04,4,3,1
10.9152,2,0.0,0.73,31,1,1
10.9211,0,0.0,0.32,29,3,2
10.9268,2,0.0,0.26,31,3,1
10.9321,2,0.0,0.37,11,3,1
10.938,2,0.0,0.0,38,1,1
10.9442,2,0.0,0.01,17,3,1
10.9499,2,0.0,0.13,11,3,1
10.9554,2,0.0,0.3,5,3,1
10.9601,2,0.0,0.43,48,3,1
10.9648,2,0.0,0.05,9,3,1
10.9699,2,0.0,0.05,9,3,1
10.9753,2,0.0,0.07,24,3,1
10.9795,2,0.0,0.11,7,3,1
10.9846,2,0.0,0.19,2,3,1
10.9891,0,0.0,0.39,12,3,2
10.9935,2,0.0,0.06,8,3,1
10.999,2,0.0,0.01,17,3,1
11.0048,2,0.0,0.04,3,3,1
11.009,0,0.0,1.41,29,3,2
11.0142,2,0.0,0.04,4,3,1
11.0198,0,0.0,0.16,29,3,2
11.0251,2,0.0,0.41,37,3,1
11.0291,2,0.0,0.01,2,3,1
11.034,2,0.0,0.11,9,1,1
11.0399,2,0.0,0.32,20,3,1
11.0444,2,0.0,0.18,16,3,1
11.0493,2,0.0,0.07,2,3,1
11.0551,4,0.0,0.2,14,3,0
11.0592,2,0.0,0.22,6,3,1
11.064,2,0.0,0.07,3,3,1
11.0691,2,0.0,0.95,16,1,1
11.0744,2,0.0,1.13,46,3,1
11.0789,2,0.0,2.49,27,3,1
11.0843,2,0.0,0.19,7,3,1
11.0897,2,0.0,0.03,4,3,1
11.0936,0,0.0,0.08,14,3,2
11.0982,2,0.0,0.07,8,3,1
11.1045,2,0.0,0.15,29,3,1
11.1098,4,0.0,0.07,3,3,0
11.114,2,0.0,0.03,3,3,1
11.1194,2,0.0,0.3,11,3,1
11.1248,0,0.0,0.12,44,3,2
11.13,2,0.0,0.14,11,3,1
11.1358,2,0.0,0.11,8,3,1
11.1409,2,0.0,0.19,26,3,1
11.146,2,0.0,0.87,17,1,1
11.1521,2,0.0,0.04,5,3,1
11.1571,2,0.0,0.2,8,3,1
11.1626,2,0.0,0.03,2,3,1
11.1686,3,0.0,0.21,24,3,1
11.1757,2,0.0,0.05,9,3,1
11.1797,0,0.0,0.06,28,3,2
11.1867,2,0.0,0.08,5,3,1
11.1939,2,0.0,0.03,19,3,1
11.1998,2,0.0,0.11,10,3,1
11.2066,2,0.0,0.19,10,3,1
11.2143,2,0.0,0.44,5,3,1
11.2271,3,0.0,0.14,20,3,1
11.2378,2,0.0,0.3,14,3,1
11.2445,2,0.0,0.26,8,3,1
11.2545,2,0.0,0.05,2,3,1
11.2645,2,0.0,0.11,11,3,1
11.2743,2,0.0,0.02,19,3,1
11.2803,2,0.0,0.15,53,3,1
11.2876,2,0.0,1.21,40,3,1
11.2916,2,34.2,3.19,29,3,1
11.297,2,0.0,0.07,8,3,1
11.302,2,0.0,0.19,10,3,1
11.3058,2,0.0,0.24,8,3,1
11.3102,2,0.0,0.38,7,3,1
11.3152,2,0.0,0.65,9,3,1
11.3194,2,0.0,0.12,8,3,1
11.3236,3,0.0,0.73,23,3,1
11.3283,2,0.0,3.12,11,3,1
11.3332,3,13.2,1.46,19,3,1
11.3377,2,0.0,0.09,6,3,1
11.3445,2,0.0,0.11,6,3,1
11.35,2,0.0,0.12,6,3,1
11.3555,2,0.0,0.3,11,3,1
11.3613,0,0.0,0.13,29,3,2
11.366,2,0.0,1.71,13,3,1
11.3714,2,0.0,2.11,45,3,1
11.3799,2,0.0,0.0,10,3,1
11.3901,2,0.0,0.22,2,3,1
11.3986,2,85.1,0.43,23,3,0
11.4082,2,0.0,0.1,8,3,1
11.4145,0,0.0,0.66,26,3,2
11.4239,2,0.0,0.52,19,3,1
11.4302,2,0.0,0.05,8,3,1
11.4364,2,0.0,0.02,3,3,1
11.442,0,0.0,1.69,28,3,2
11.4481,3,0.0,1.03,21,3,1
11.4538,2,0.0,0.31,25,3,1
11.4589,2,0.0,0.16,6,3,1
11.4635,0,0.0,1.92,34,3,2
11.4699,2,0.0,0.04,1,3,1
11.4754,2,0.0,0.1,15,3,1
11.4802,2,0.0,0.18,10,3,1
11.4879,2,0.0,0.08,11,3,1
11.4932,2,0.0,0.13,8,3,1
11.4994,2,0.0,0.66,49,3,1
11.505,2,0.0,0.13,8,3,1
11.5091,2,0.0,0.54,13,3,1
11.5135,2,0.0,0.52,30,3,1
12.5256,2,0.0,0.78,47,3,1
12.5357,2,0.0,0.99,17,3,1
12.5468,2,0.0,0.04,3,3,1
12.557,2,7.8,1.69,20,3,1
12.5676,2,0.0,0.02,3,3,1
12.5732,3,0.0,0.14,6,3,1
12.5777,2,0.0,0.81,24,3,1
12.5822,2,0.0,0.09,2,3,1
12.5876,2,0.0,0.01,2,3,1
12.592,4,0.0,0.42,18,3,0
12.5983,2,0.0,0.13,10,3,1
12.6043,2,0.0,0.14,8,3,1
12.609,2,0.0,0.01,2,3,1
12.6139,2,0.0,3.88,78,3,1
12.6189,2,0.0,0.22,23,3,1
12.6242,2,0.0,0.24,13,3,1
12.6283,2,0.0,0.05,6,3,1
12.6327,2,0.0,0.03,1,3,1
12.6382,0,0.0,0.09,28,3,2
12.6425,2,0.0,0.01,2,3,1
12.6455,1,0.0,0.09,16,3,2
12.6521,2,0.0,0.09,9,3,1
12.657,2,0.0,0.05,9,3,1
12.6617,2,0.0,0.03,2,3,1
12.6669,2,0.0,0.3,5,3,1
12.6722,3,0.0,0.09,21,3,1
12.6764,2,43.5,1.97,34,3,1
12.6818,2,0.0,0.34,24,3,1
12.687,2,0.0,0.21,8,3,1
12.6924,2,0.0,0.03,2,3,1
12.697,2,0.0,0.63,60,3,1
12.7037,2,0.0,0.04,4,3,1
12.7096,2,0.0,0.73,31,1,1
12.7169,0,0.0,0.32,29,3,2
12.7253,2,0.0,0.26,31,3,1
12.7301,2,0.0,0.37,11,3,1
12.7362,2,0.0,0.0,38,1,1
12.7415,2,0.0,0.01,17,3,1
12.7454,2,0.0,0.13,11,3,1
12.7496,2,0.0,0.3,5,3,1
12.7541,2,0.9,0.43,48,3,1
12.7594,2,0.0,0.05,9,3,1
12.7642,2,0.0,0.05,9,3,1
12.7703,2,0.0,0.07,24,3,1
12.7745,2,0.0,0.11,7,3,1
12.7803,2,0.0,0.19,2,3,1
12.7851,2,0.0,0.06,8,3,1
12.7903,2,0.0,0.01,17,3,1
12.7953,2,0.0,0.04,3,3,1
12.7996,0,0.0,1.41,29,3,2
12.8052,2,0.0,0.04,4,3,1
12.8103,0,0.0,0.16,29,3,2
12.8148,2,0.0,0.41,37,3,1
12.8203,2,0.0,0.01,2,3,1
12.828,2,0.0,0.1,9,1,1
12.8333,2,0.0,0.32,20,3,1
12.8386,2,0.0,0.18,16,3,1
12.842,2,0.0,0.07,2,3,1
12.8461,4,0.0,0.2,14,3,0
12.853,2,0.0,0.22,6,3,1
12.8577,2,0.0,0.07,3,3,1
12.8616,2,0.0,0.95,16,1,1
12.866,2,0.0,1.13,46,3,1
12.8715,2,0.0,2.49,27,3,1
12.8763,2,0.0,0.19,7,3,1
12.8821,2,0.0,0.03,4,3,1
12.887,0,0.0,0.08,14,3,2
12.8913,2,0.0,0.07,8,3,1
12.8954,2,0.0,0.15,29,3,1
12.8981,4,0.0,0.07,3,3,0
12.9043,2,0.0,0.03,3,3,1
12.9084,2,0.0,0.3,11,3,1
12.9141,0,0.0,0.12,44,3,2
12.9205,2,0.0,0.14,11,3,1
12.9251,2,0.0,0.11,8,3,1
12.9304,2,0.0,0.19,26,3,1
12.9347,2,0.0,0.87,17,1,1
12.9403,2,0.0,0.04,5,3,1
12.9444,2,0.0,0.2,8,3,1
12.9481,2,0.0,0.75,15,3,1
12.954,2,0.0,0.03,2,3,1
12.958,3,0.0,0.21,24,3,1
12.9648,2,0.0,0.05,9,3,1
12.972,0,0.0,0.06,28,3,2
12.9787,2,0.0,0.08,5,3,1
12.9845,2,0.0,0.03,19,3,1
12.9917,2,0.0,0.11,10,3,1
12.9973,2,0.0,0.19,10,3,1
13.0017,2,0.0,0.44,5,3,1
13.0067,3,0.0,0.14,20,3,1
13.0133,2,0.0,0.3,13,3,1
13.0233,2,0.0,0.26,8,3,1
13.0327,2,0.0,0.05,2,3,1
13.0431,2,0.0,0.11,11,3,1
13.0508,2,0.0,0.02,19,3,1
13.0552,2,0.0,0.15,53,3,1
13.0605,2,1.8,1.21,40,3,1
13.0643,2,57.9,3.21,29,3,0
13.0699,2,0.0,0.07,8,3,1
13.0753,2,0.0,0.19,10,3,1
13.0806,2,0.0,0.24,8,3,1
13.0874,2,0.0,0.38,7,3,1
13.0929,2,0.0,0.65,9,3,1
13.0991,2,0.0,0.12,8,3,1
13.1051,3,0.0,0.73,23,3,1
13.1112,2,0.0,3.12,11,3,1
13.1163,3,12.3,1.46,19,3,1
13.1222,2,0.0,0.09,6,3,1
13.1276,2,0.0,0.11,6,3,1
13.1322,2,0.0,0.12,6,3,1
13.1384,2,0.0,0.3,11,3,1
13.1431,0,0.0,0.13,29,3,2
13.1484,2,0.0,1.71,13,3,1
13.1546,2,6.1,2.11,45,3,1
13.159,2,0.0,0.0,10,3,1
13.1643,2,0.0,0.22,2,3,1
13.1712,2,98.2,0.43,23,3,0
13.1763,2,0.0,0.1,9,3,1
13.1805,0,0.0,0.66,26,3,2
13.1866,2,0.0,0.52,17,3,1
13.1933,2,0.0,0.05,8,3,1
13.2002,2,0.0,0.02,3,3,1
13.2066,0,0.0,1.69,28,3,2
13.2113,3,1.8,1.03,21,3,1
13.2166,2,0.0,0.31,25,3,1
13.2222,2,0.0,0.16,6,3,1
13.2266,0,2.7,1.92,34,3,1
13.2305,2,0.0,0.04,1,3,1
13.2344,2,0.0,0.1,15,3,1
13.2385,2,0.0,0.18,10,3,1
13.2428,2,0.0,0.08,11,3,1
13.247,2,0.0,0.13,8,3,1
13.2523,2,0.0,0.66,49,3,1
13.2566,2,0.0,0.13,8,3,1
13.2603,2,0.0,0.54,13,3,1
13.2653,2,0.0,0.52,30,3,1
14.2819,2,0.0,0.78,47,3,1
14.2913,2,0.0,0.99,17,3,1
14.3002,2,0.0,0.04,3,3,1
14.3096,2,5.3,1.69,20,3,1
14.3193,2,0.0,0.02,3,3,1
14.3298,3,0.0,0.14,6,3,1
14.3413,2,0.9,0.82,24,3,1
14.3511,2,0.0,0.09,2,3,1
14.358,2,0.0,0.01,2,3,1
14.3645,4,0.0,0.42,18,3,0
14.3722,2,0.0,0.13,10,3,1
14.3791,2,0.9,0.14,8,3,1
14.3884,2,0.0,0.01,2,3,1
14.3942,2,1.8,3.88,78,3,1
14.4,2,0.0,0.22,23,3,1
14.4054,2,0.0,0.24,13,3,1
14.4123,2,0.0,0.05,6,3,1
14.4187,2,0.0,0.03,1,3,1
14.4239,0,0.0,0.09,28,3,2
14.429,2,0.0,0.01,2,3,1
14.4338,1,0.0,0.09,16,3,2
14.4396,2,0.0,0.09,9,3,1
14.4428,2,0.0,0.05,9,3,1
14.4471,2,0.0,0.03,2,3,1
14.4518,2,0.0,0.3,5,3,1
14.4563,3,0.0,0.09,21,3,1
14.4613,2,42.1,1.98,34,3,1
14.4656,2,0.0,0.34,24,3,1
14.471,2,0.0,0.21,8,3,1
14.4752,2,0.0,0.03,2,3,1
14.4792,2,0.0,0.63,60,3,1
14.4838,2,0.0,0.04,4,3,1
14.4889,2,0.0,0.73,31,1,1
14.4933,0,0.0,0.32,29,3,2
14.4968,2,0.0,0.26,31,3,1
14.502,2,0.0,0.37,11,3,1
14.5069,2,0.0,0.0,38,1,1
14.5112,2,0.0,0.01,17,3,1
14.5172,2,0.0,0.13,11,3,1
14.5228,2,0.0,0.3,5,3,1
14.527,2,0.0,0.43,48,3,1
14.5304,2,0.0,0.05,9,3,1
14.536,2,0.0,0.05,9,3,1
14.5413,2,0.0,0.07,24,3,1
14.5454,2,0.0,0.11,7,3,1
14.5505,2,0.0,0.19,2,3,1
14.5558,2,0.0,0.06,8,3,1
14.5603,2,0.0,0.01,17,3,1
14.5652,2,0.0,0.04,3,3,1
14.5705,0,0.0,1.41,29,3,2
14.5746,2,0.0,0.04,4,3,1
14.5797,0,0.0,0.16,29,3,2
14.594,2,0.0,0.41,37,3,1
14.6078,2,0.0,0.01,2,3,1
14.6136,2,0.0,0.1,9,1,1
14.6188,2,0.0,0.32,20,3,1
14.6245,2,0.0,0.19,19,3,1
14.6288,2,0.0,0.07,2,3,1
14.6344,4,0.0,0.2,14,3,0
14.6395,2,0.0,0.22,6,3,1
14.6448,2,0.0,0.07,3,3,1
14.6494,2,0.0,0.95,16,1,1
14.6553,2,0.9,1.13,46,3,1
14.6606,2,0.0,2.49,27,3,1
14.6668,2,0.0,0.19,7,3,1
14.6734,2,0.0,0.03,4,3,1
14.6802,0,0.0,0.08,14,3,2
14.6869,2,0.0,0.07,8,3,1
14.6912,2,0.0,0.15,29,3,1
14.6953,4,0.0,0.07,3,3,0
14.7007,2,0.0,0.03,3,3,1
14.7059,2,0.0,0.3,11,3,1
14.709,0,0.0,0.12,44,3,2
14.7132,2,0.0,0.14,11,3,1
14.7202,2,0.0,0.11,8,3,1
14.7243,2,0.0,0.19,26,3,1
14.7292,2,0.0,0.87,17,1,1
14.7348,2,0.0,0.04,5,3,1
14.7395,2,0.9,0.2,8,3,1
14.7439,2,0.9,0.79,15,3,1
14.7492,2,0.0,0.03,2,3,1
14.7557,3,0.0,0.21,24,3,1
14.7588,2,0.0,0.05,9,3,1
14.7636,0,0.0,0.06,28,3,2
14.769,0,0.0,1.2,17,3,2
14.7743,2,0.0,0.08,5,3,1
14.7802,2,0.0,0.03,19,3,1
14.7874,2,0.0,0.11,10,3,1
14.7927,2,0.0,0.19,10,3,1
14.7968,2,0.0,0.44,5,3,1
14.8022,3,0.0,0.14,20,3,1
14.8063,2,0.0,0.3,13,3,1
14.81,2,0.0,0.26,8,3,1
14.8141,2,0.0,0.05,2,3,1
14.8198,2,0.0,0.11,11,3,1
14.8235,2,0.0,0.02,19,3,1
14.8288,2,0.0,0.15,53,3,1
14.834,2,0.0,1.21,40,3,1
14.8399,2,41.6,3.23,29,3,1
14.8441,2,0.0,0.07,8,3,1
14.8483,2,0.0,0.19,10,3,1
14.8536,2,0.0,0.24,8,3,1
14.8584,2,0.0,0.38,7,3,1
14.862,2,0.0,0.65,9,3,1
14.8674,2,0.0,0.12,8,3,1
14.8728,3,0.0,0.73,23,3,1
14.8783,2,0.0,3.12,11,3,1
14.8834,3,12.4,1.46,19,3,1
14.8887,2,0.0,0.09,6,3,1
14.8934,2,0.0,0.11,6,3,1
14.8984,2,0.0,0.12,6,3,1
14.9033,2,0.0,0.3,11,3,1
14.9084,0,0.0,0.13,29,3,2
14.9126,2,0.9,1.69,13,3,1
14.9167,2,12.5,2.27,45,3,1
14.9225,2,0.0,0.0,10,3,1
14.9278,2,0.0,0.22,2,3,1
14.9328,2,97.3,0.43,23,3,0
14.9381,2,0.0,0.1,8,3,1
14.9423,0,0.0,0.66,26,3,2
14.947,2,0.0,0.52,17,3,1
14.9526,2,0.0,0.05,8,3,1
14.9566,2,0.0,0.02,3,3,1
14.961,0,0.0,1.69,28,3,2
14.965,3,0.0,1.03,21,3,1
14.9691,2,0.0,0.31,25,3,1
14.9742,2,0.0,0.16,6,3,1
14.9786,0,1.8,1.92,34,3,2
14.9845,2,0.0,0.04,1,3,1
14.9885,2,0.0,0.1,15,3,1
14.9934,2,0.0,0.18,10,3,1
14.9969,2,0.0,0.08,11,3,1
15.0015,2,0.0,0.13,8,3,1
15.0056,2,0.0,0.66,49,3,1
15.0095,2,0.0,0.13,8,3,1
15.0131,2,0.0,0.54,13,3,1
15.0193,2,0.9,0.52,30,3,1
16.0334,2,0.0,0.78,47,3,1
16.0426,2,0.0,0.99,17,3,1
16.0503,2,0.0,0.04,3,3,1
16.057,2,7.2,1.75,20,3,1
16.0622,2,0.0,0.02,3,3,1
16.0663,3,0.0,0.14,6,3,1
16.0713,2,0.0,0.82,24,3,1
16.0756,2,0.0,0.09,2,3,1
16.0801,2,0.0,0.01,2,3,1
16.086,4,0.0,0.42,18,3,0
16.0906,2,0.0,0.13,10,3,1
16.0948,2,0.0,0.14,8,3,1
16.0998,2,0.0,0.01,2,3,1
16.1048,2,0.9,3.88,78,3,1
16.1088,2,0.0,0.22,23,3,1
16.1131,2,0.0,0.24,13,3,1
16.1189,2,0.0,0.05,6,3,1
16.1235,2,0.0,0.03,1,3,1
16.1278,0,0.0,0.09,28,3,2
16.1341,2,0.0,0.01,2,3,1
16.1387,1,0.0,0.09,16,3,2
16.1435,2,0.0,0.09,9,3,1
16.148,2,0.0,0.05,9,3,1
16.1531,2,0.0,0.03,2,3,1
16.1563,2,0.0,0.3,5,3,1
16.1613,3,0.0,0.09,21,3,1
16.1648,2,39.5,1.98,34,3,1
16.1699,2,0.0,0.34,24,3,1
16.1746,2,0.0,0.21,8,3,1
16.1802,2,0.0,0.03,2,3,1
16.1861,2,0.0,0.63,60,3,1
16.1907,2,0.0,0.04,4,3,1
16.1949,2,0.0,0.73,31,1,1
16.1996,0,0.0,0.32,29,3,2
16.2049,2,0.0,0.26,31,3,1
16.2086,2,0.0,0.37,11,3,1
16.2129,2,0.0,0.0,38,1,1
16.2179,2,0.0,0.01,17,3,1
16.2224,2,0.0,0.13,11,3,1
16.228,2,0.0,0.3,5,3,1
16.233,2,0.0,0.43,48,3,1
16.2384,2,0.0,0.05,9,3,1
16.2428,2,0.0,0.05,9,3,1
16.2462,2,0.0,0.07,24,3,1
16.2516,2,0.0,0.11,7,3,1
16.2555,2,0.0,0.19,2,3,1
16.2603,2,0.0,0.06,8,3,1
16.2641,2,0.0,0.01,17,3,1
16.2697,2,0.0,0.04,3,3,1
16.2754,0,0.0,1.41,29,3,2
16.2799,2,0.0,0.04,4,3,1
16.286,0,0.0,0.16,29,3,2
16.2916,2,0.0,0.41,37,3,1
16.2983,2,0.0,0.01,2,3,1
16.3047,2,0.0,0.09,9,1,1
16.309,2,0.0,0.32,20,3,1
16.3138,2,0.0,0.19,18,3,1
16.3198,2,0.0,0.07,2,3,1
16.3267,4,0.0,0.2,14,3,0
16.3333,2,0.0,0.22,6,3,1
16.3399,2,0.0,0.07,3,3,1
16.344,2,0.0,0.95,16,1,1
16.3496,2,2.8,1.13,46,3,1
16.3558,2,0.0,2.49,27,3,1
16.3622,2,0.0,0.19,7,3,1
16.3683,2,0.0,0.03,4,3,1
16.3725,0,0.0,0.08,14,3,2
16.3765,2,0.0,0.07,8,3,1
16.3819,2,0.0,0.15,29,3,1
16.3874,4,0.0,0.07,3,3,0
16.392,2,0.0,0.03,3,3,1
16.3958,2,0.0,0.3,11,3,1
16.4019,0,0.0,0.12,44,3,2
16.4063,2,0.0,0.14,11,3,1
16.415,2,0.0,0.11,8,3,1
16.4212,2,0.0,0.19,26,3,1
16.4273,2,0.0,0.87,17,1,1
16.4349,2,0.0,0.04,5,3,1
16.4414,2,0.0,0.2,8,3,1
16.4465,2,0.0,0.79,15,3,1
16.4533,2,0.0,0.03,2,3,1
16.4583,3,0.0,0.21,24,3,1
16.4641,2,0.0,0.05,9,3,1
16.4687,0,0.0,0.06,28,3,2
16.474,0,0.0,1.2,17,3,2
16.4781,2,0.0,0.08,5,3,1
16.4823,2,0.0,0.03,19,3,1
16.4871,2,0.0,0.11,10,3,1
16.4914,2,0.0,0.19,10,3,1
16.4964,2,0.0,0.44,5,3,1
16.5013,3,0.0,0.14,20,3,1
16.5056,2,0.0,0.3,13,3,1
16.5097,2,0.0,0.26,8,3,1
16.5142,2,0.0,0.05,2,3,1
16.5196,2,0.0,0.11,11,3,1
16.5239,2,0.0,0.02,19,3,1
16.528,2,0.0,0.15,53,3,1
16.5333,2,0.0,1.21,40,3,1
16.5378,2,27.5,3.29,29,3,1
16.543,2,0.0,0.07,8,3,1
16.5473,2,0.0,0.19,10,3,1
16.5525,2,0.0,0.24,8,3,1
16.5566,2,0.0,0.38,7,3,1
16.5613,2,0.0,0.65,9,3,1
16.5673,2,0.0,0.12,8,3,1
16.5726,3,0.0,0.73,23,3,1
16.5767,2,0.0,3.12,11,3,1
16.581,3,11.0,1.88,19,3,1
16.5862,2,0.0,0.09,6,3,1
16.5912,2,0.0,0.11,6,3,1
16.5954,2,0.0,0.12,6,3,1
16.6015,2,0.0,0.3,11,3,1
16.6065,0,0.0,0.13,29,3,2
16.616,2,0.0,1.69,13,3,1
16.6226,2,0.0,2.27,45,3,1
16.6274,2,0.0,0.0,10,3,1
16.6366,2,0.0,0.22,2,3,1
16.6494,2,96.4,0.43,23,3,0
16.6597,2,0.0,0.1,8,3,1
16.6717,0,0.0,0.66,26,3,2
16.6774,2,0.0,0.52,17,3,1
16.6822,2,0.0,0.05,8,3,1
16.6866,2,0.0,0.02,3,3,1
16.6907,0,0.0,1.69,28,3,2
16.6952,3,0.0,1.03,21,3,1
16.6994,2,0.0,0.31,25,3,1
16.7043,2,0.0,0.16,6,3,1
16.7074,0,0.0,1.92,34,3,2
16.711,2,0.0,0.04,1,3,1
16.717,2,0.0,0.1,15,3,1
16.7217,2,0.0,0.18,10,3,1
16.7257,2,0.0,0.08,11,3,1
16.7299,2,0.0,0.13,8,3,1
16.7343,2,0.0,0.66,49,3,1
16.739,2,0.0,0.13,8,3,1
16.7432,2,0.0,0.54,13,3,1
16.7472,2,0.0,0.52,30,3,1
17.7646,2,0.0,0.78,47,3,1
17.7739,2,0.0,0.99,17,3,1
17.7845,2,0.0,0.04,3,3,1
17.7942,2,2.7,1.75,20,3,1
17.8012,2,0.0,0.02,3,3,1
17.8073,3,0.0,0.14,6,3,1
17.8173,2,0.0,0.81,14,3,1
17.8237,2,0.0,0.09,2,3,1
17.8286,2,0.0,0.01,2,3,1
17.8344,4,0.0,0.42,18,3,0
17.8392,2,0.0,0.13,10,3,1
17.8446,2,0.0,0.14,8,3,1
17.8503,2,0.0,0.01,2,3,1
17.8559,2,0.0,3.88,78,3,1
17.8616,2,0.0,0.22,23,3,1
17.8672,2,0.0,0.24,13,3,1
17.8715,2,0.0,0.05,6,3,1
17.8772,2,0.0,0.03,1,3,1
17.8822,0,0.0,0.09,28,3,2
17.8877,2,0.0,0.01,2,3,1
17.8947,1,0.0,0.09,16,3,2
17.8997,2,0.0,0.09,9,3,1
17.9052,2,0.0,0.05,9,3,1
17.9096,2,0.0,0.03,2,3,1
17.9144,2,0.0,0.3,5,3,1
17.9205,3,0.0,0.09,21,3,1
17.9257,2,42.5,1.98,34,3,1
17.93,2,0.0,0.34,24,3,1
17.9352,2,0.0,0.21,8,3,1
17.9402,2,0.0,0.03,2,3,1
17.9445,2,0.0,0.63,60,3,1
17.9489,2,0.0,0.04,4,3,1
17.9542,2,0.0,0.73,31,1,1
17.9591,0,0.0,0.32,29,3,2
17.9642,2,0.0,0.26,31,3,1
17.9687,2,0.0,0.37,11,3,1
17.9744,2,0.0,0.0,38,1,1
17.9794,2,0.0,0.01,17,3,1
17.9862,2,0.0,0.13,11,3,1
17.9909,2,0.0,0.3,5,3,1
17.9943,2,0.0,0.43,48,3,1
17.9991,2,0.0,0.05,9,3,1
18.0052,2,0.0,0.05,9,3,1
18.0097,2,0.0,0.07,24,3,1
18.0141,2,0.0,0.11,7,3,1
18.02,2,0.0,0.19,2,3,1
18.0251,2,0.0,0.06,8,3,1
18.0292,2,0.0,0.01,17,3,1
18.034,2,0.0,0.04,3,3,1
18.039,0,0.0,1.41,29,3,2
18.0424,2,0.0,0.04,4,3,1
18.047,0,0.0,0.16,29,3,2
18.0531,2,0.0,0.41,37,3,1
18.0575,2,0.0,0.01,2,3,1
18.0627,2,0.0,0.08,9,1,1
18.07,2,0.0,0.31,20,3,1
18.0742,2,0.0,0.19,18,3,1
18.0786,2,0.0,0.07,2,3,1
18.0834,4,0.0,0.2,14,3,0
18.0884,2,0.0,0.22,6,3,1
18.093,2,0.0,0.07,3,3,1
18.0973,2,0.0,0.95,16,1,1
18.1031,2,0.0,1.13,46,3,1
18.1078,2,0.0,2.49,27,3,1
18.1128,2,0.0,0.19,7,3,1
18.1193,2,0.0,0.03,4,3,1
18.1237,0,0.0,0.08,14,3,2
18.1292,2,0.0,0.07,8,3,1
18.1337,2,0.0,0.15,29,3,1
18.139,4,0.0,0.07,3,3,0
18.1438,2,0.0,0.03,3,3,1
18.1496,2,0.0,0.3,11,3,1
18.1559,0,0.0,0.12,44,3,2
18.1609,2,0.0,0.14,11,3,1
18.167,2,0.0,0.11,8,3,1
18.1713,2,0.0,0.19,26,3,1
18.1764,2,0.0,0.87,17,1,1
18.1834,2,0.9,0.04,5,3,1
18.1914,2,0.0,0.2,8,3,1
18.1991,2,0.0,0.79,15,3,1
18.2066,2,0.0,0.03,2,3,1
18.2123,3,0.0,0.21,24,3,1
18.2186,2,0.0,0.05,9,3,1
18.2244,0,0.0,0.06,28,3,2
18.2297,0,0.0,1.2,17,3,2
18.2352,2,0.0,0.08,5,3,1
18.2404,2,0.0,0.03,19,3,1
18.2446,2,0.0,0.11,10,3,1
18.25,2,0.0,0.19,10,3,1
18.2551,2,0.0,0.44,5,3,1
18.2619,3,0.0,0.14,20,3,1
18.2681,2,0.0,0.3,13,3,1
18.2737,2,0.0,0.26,8,3,1
18.278,2,0.0,0.05,2,3,1
18.2842,2,0.0,0.11,11,3,1
18.2882,2,0.0,0.02,19,3,1
18.2938,2,0.0,0.15,53,3,1
18.2996,2,3.5,1.24,40,3,1
18.3066,2,47.8,3.35,29,3,0
18.3125,2,0.0,0.07,8,3,1
18.3201,2,0.0,0.19,10,3,1
18.3262,2,0.0,0.24,8,3,1
18.334,2,0.0,0.38,7,3,1
18.3402,2,0.0,0.65,9,3,1
18.3457,2,0.0,0.12,8,3,1
18.3516,3,0.0,0.73,22,3,1
18.3568,2,0.0,3.12,11,3,1
18.3622,3,8.8,1.77,19,3,1
18.3688,2,0.0,0.09,6,3,1
18.3742,2,0.0,0.11,6,3,1
18.382,2,0.0,0.12,6,3,1
18.3871,2,0.0,0.3,11,3,1
18.3935,0,0.0,0.13,29,3,2
18.3994,2,0.0,1.69,13,3,1
18.4055,2,0.9,2.17,45,3,1
18.4096,2,0.0,0.0,10,3,1
18.4151,2,0.0,0.22,2,3,1
18.4191,2,99.1,0.43,23,3,0
18.4243,2,0.0,0.1,8,3,1
18.43,0,0.0,0.66,26,3,2
18.4364,2,0.0,0.52,17,3,1
18.4423,2,0.0,0.05,8,3,1
18.4495,2,0.0,0.02,3,3,1
18.4563,0,0.0,1.69,28,3,2
18.4626,3,0.0,1.03,21,3,1
18.468,2,0.0,0.31,25,3,1
18.4731,2,0.0,0.16,6,3,1
18.4772,0,0.0,1.92,34,3,2
18.482,2,0.0,0.04,1,3,1
18.4871,2,0.0,0.1,15,3,1
18.4914,2,0.0,0.18,10,3,1
18.4945,2,0.0,0.08,11,3,1
18.501,2,0.0,0.13,8,3,1
18.5058,2,0.0,0.66,49,3,1
18.5109,2,0.0,0.13,8,3,1
18.5175,2,0.0,0.54,13,3,1
18.5233,2,0.0,0.52,30,3,1
19.5398,2,0.0,0.78,47,3,1
19.5486,2,0.0,0.99,17,3,1
19.5554,2,0.0,0.04,3,3,1
19.5606,2,0.9,1.75,20,3,1
19.5646,2,0.0,0.02,3,3,1
19.5708,3,0.0,0.14,6,3,1
19.5753,2,0.0,0.81,14,3,1
19.582,2,0.0,0.09,2,3,1
19.5875,2,0.0,0.01,2,3,1
19.593,4,0.0,0.42,18,3,0
19.5982,2,0.0,0.13,10,3,1
19.6034,2,0.0,0.14,8,3,1
19.6075,2,0.0,0.01,2,3,1
19.6122,2,0.0,3.88,78,3,1
19.6179,2,0.0,0.22,23,3,1
19.6241,2,0.0,0.24,13,3,1
19.6284,2,0.0,0.05,6,3,1
19.6352,2,0.0,0.03,1,3,1
19.6405,0,0.0,0.09,28,3,2
19.6458,2,0.0,0.01,2,3,1
19.6513,1,0.0,0.09,16,3,2
19.6554,2,0.0,0.09,9,3,1
19.6611,2,0.0,0.05,9,3,1
19.668,2,0.0,0.03,2,3,1
19.6743,2,0.0,0.3,5,3,1
19.6788,3,0.0,0.09,21,3,1
19.6855,2,42.5,1.98,34,3,1
19.6912,2,0.0,0.34,24,3,1
19.6953,2,0.0,0.21,8,3,1
19.7017,2,0.0,0.03,2,3,1
19.7068,2,0.0,0.63,60,3,1
19.712,2,0.0,0.04,4,3,1
19.7167,2,0.0,0.73,31,1,1
19.7211,0,0.0,0.32,29,3,2
19.7262,2,0.0,0.26,31,3,1
19.7338,2,0.0,0.37,11,3,1
19.7398,2,0.0,0.0,38,1,1
19.7448,2,0.0,0.01,17,3,1
19.7506,2,0.0,0.13,11,3,1
19.7561,2,0.0,0.3,5,3,1
19.7593,2,0.0,0.43,48,3,1
19.7649,2,0.0,0.05,9,3,1
19.7695,2,0.0,0.05,9,3,1
19.775,2,0.0,0.07,24,3,1
19.7794,2,0.0,0.11,7,3,1
19.7858,2,0.0,0.19,2,3,1
19.7911,2,0.0,0.06,8,3,1
19.7953,2,0.0,0.01,17,3,1
19.8014,2,0.0,0.04,3,3,1
19.805,0,0.0,1.41,29,3,2
19.8091,2,0.0,0.04,4,3,1
19.8133,0,0.0,0.16,29,3,2
19.8183,2,0.0,0.41,37,3,1
19.8237,2,0.0,0.01,2,3,1
19.829,2,0.0,0.08,9,1,1
19.8358,2,0.0,0.31,20,3,1
19.8413,2,0.0,0.19,18,3,1
19.8454,2,0.0,0.07,2,3,1
19.851,4,0.0,0.2,14,3,0
19.8551,2,0.0,0.22,6,3,1
19.8595,2,0.0,0.07,3,3,1
19.8645,2,0.0,0.95,16,1,1
19.8702,2,0.0,1.13,46,3,1
19.8742,2,0.0,2.5,27,3,1
19.8782,2,0.0,0.19,7,3,1
19.8844,2,0.0,0.03,4,3,1
19.8887,0,0.0,0.08,14,3,2
19.8926,2,0.0,0.07,8,3,1
19.8977,2,0.0,0.15,29,3,1
19.9024,4,0.0,0.07,3,3,0
19.9065,2,0.0,0.03,3,3,1
19.9098,2,0.0,0.3,11,3,1
19.9147,0,0.0,0.12,44,3,2
19.9202,2,0.0,0.14,11,3,1
19.9243,2,0.0,0.11,8,3,1
19.9297,2,0.0,0.19,26,3,1
19.9351,2,0.0,0.87,17,1,1
19.9404,2,0.0,0.04,5,3,1
19.9445,2,0.0,0.2,8,3,1
19.9483,2,0.0,0.79,15,3,1
19.9528,2,0.0,0.03,2,3,1
19.9568,3,0.0,0.21,24,3,1
19.9612,2,0.0,0.05,9,3,1
19.9653,0,0.0,0.06,28,3,2
19.9695,0,0.0,1.19,17,3,2
19.9746,2,0.0,0.08,5,3,1
19.9798,2,0.0,0.03,19,3,1
19.9857,2,0.0,0.11,10,3,1
19.9899,2,0.0,0.19,10,3,1
19.9942,2,0.0,0.44,5,3,1
19.9991,3,0.0,0.14,20,3,1
20.0033,2,0.0,0.3,13,3,1
20.008,2,0.0,0.26,8,3,1
20.0126,2,0.0,0.05,2,3,1
20.0178,2,0.0,0.11,11,3,1
20.0244,2,0.0,0.02,19,3,1
20.0294,2,0.0,0.15,53,3,1
20.0354,2,4.5,1.3,40,3,1
20.0402,2,43.3,3.42,29,3,1
20.0443,2,0.0,0.07,8,3,1
20.0481,2,0.0,0.19,10,3,1
20.0533,2,0.0,0.24,8,3,1
20.0574,2,0.0,0.38,7,3,1
20.0612,2,0.0,0.65,9,3,1
20.0657,2,0.0,0.12,8,3,1
20.0722,3,0.0,0.73,22,3,1
20.0761,2,0.0,3.12,11,3,1
20.0812,3,11.8,1.77,19,3,1
20.0858,2,0.0,0.09,6,3,1
20.0902,2,0.0,0.11,6,3,1
20.0945,2,0.0,0.12,6,3,1
20.0999,2,0.0,0.3,11,3,1
20.1045,0,0.0,0.13,29,3,2
20.1086,2,0.0,1.69,13,3,1
20.1122,2,0.0,2.17,45,3,1
20.1185,2,0.0,0.0,10,3,1
20.1233,2,0.0,0.22,2,3,1
20.1285,2,97.3,0.43,23,3,0
20.1337,2,0.0,0.1,8,3,1
20.1386,0,0.0,0.66,26,3,2
20.1432,2,0.0,0.52,17,3,1
20.1473,2,0.0,0.05,8,3,1
20.1514,2,0.0,0.02,3,3,1
20.1558,0,0.0,1.69,28,3,2
20.1588,3,0.0,1.03,21,3,1
20.1646,2,0.0,0.31,25,3,1
20.1696,2,0.0,0.16,6,3,1
20.1735,0,0.0,1.92,34,3,2
20.1786,2,0.0,0.04,1,3,1
20.1846,2,0.0,0.1,15,3,1
20.1901,2,0.0,0.18,10,3,1
20.1948,2,0.0,0.08,11,3,1
20.2004,2,0.0,0.13,8,3,1
20.2044,2,0.0,0.66,49,3,1
20.2091,2,0.0,0.13,8,3,1
20.2165,2,0.0,0.54,13,3,1
20.2211,2,0.0,0.52,30,3,1
21.2371,2,0.0,0.78,47,3,1
21.2453,2,0.0,0.99,17,3,1
21.2508,2,0.0,0.04,3,3,1
21.2601,2,2.8,1.75,20,3,1
21.2669,2,0.0,0.02,3,3,1
21.2771,3,0.0,0.14,6,3,1
21.2854,2,0.0,0.81,14,3,1
21.2946,2,0.0,0.09,2,3,1
21.3019,2,0.0,0.01,2,3,1
21.3091,4,0.0,0.42,18,3,0
21.3166,2,0.0,0.13,10,3,1
21.3214,2,0.0,0.14,8,3,1
21.3259,2,0.0,0.01,2,3,1
21.332,2,0.0,3.88,78,3,1
21.3376,2,0.0,0.22,23,3,1
21.3411,2,0.0,0.24,13,3,1
21.3455,2,0.0,0.05,6,3,1
21.3506,2,0.0,0.03,1,3,1
21.3553,0,0.0,0.09,28,3,2
21.3599,2,0.0,0.01,2,3,1
21.3654,1,0.0,0.09,16,3,2
21.3707,2,0.0,0.09,9,3,1
21.3774,2,0.0,0.05,9,3,1
21.3855,2,0.0,0.03,2,3,1
21.3911,2,0.0,0.3,5,3,1
21.3955,3,0.0,0.09,21,3,1
21.4007,2,39.5,1.98,34,3,1
21.4061,2,0.0,0.34,24,3,1
21.4128,2,0.0,0.21,8,3,1
21.4197,2,0.0,0.03,2,3,1
21.4271,2,0.0,0.63,60,3,1
21.4322,2,0.0,0.04,4,3,1
21.4369,2,0.0,0.73,31,1,1
21.4431,0,0.0,0.32,29,3,2
21.4478,2,0.0,0.26,31,3,1
21.4536,2,0.0,0.37,11,3,1
21.4575,2,0.0,0.0,38,1,1
21.4621,2,0.0,0.01,17,3,1
21.4695,2,0.0,0.13,11,3,1
21.4732,2,0.0,0.3,5,3,1
21.4776,2,0.0,0.43,48,3,1
21.4836,2,0.0,0.05,9,3,1
21.4873,2,0.0,0.05,9,3,1
21.4917,2,0.0,0.07,24,3,1
21.4964,2,0.0,0.11,7,3,1
21.5016,2,0.0,0.19,2,3,1
21.506,2,0.0,0.06,8,3,1
21.5106,2,0.0,0.01,17,3,1
21.5174,2,0.0,0.04,3,3,1
21.5229,0,0.0,1.41,29,3,2
21.5282,2,0.0,0.04,4,3,1
21.5449,0,0.0,0.16,29,3,2
21.5574,2,0.0,0.41,37,3,1
21.5661,2,0.0,0.01,2,3,1
21.5726,2,0.0,0.07,9,1,1
21.5776,2,0.0,0.31,20,3,1
21.5833,2,0.0,0.19,18,3,1
21.5874,2,0.0,0.07,2,3,1
21.5918,4,0.0,0.2,15,3,0
21.5961,2,0.0,0.22,6,3,1
21.6015,2,0.0,0.07,3,3,1
21.6056,2,0.0,0.95,16,1,1
21.6099,2,0.0,1.13,46,3,1
21.614,2,0.0,2.5,27,3,1
21.6191,2,0.0,0.19,7,3,1
21.6234,2,0.0,0.03,4,3,1
21.6277,0,0.0,0.08,14,3,2
21.6344,2,0.0,0.07,8,3,1
21.6396,2,0.0,0.15,29,3,1
21.6439,4,0.0,0.07,3,3,0
21.6493,2,0.0,0.03,3,3,1
21.6545,2,0.0,0.3,11,3,1
21.6581,0,0.0,0.12,44,3,2
21.6628,2,0.0,0.14,11,3,1
21.6681,2,0.0,0.11,8,3,1
21.6722,2,0.0,0.19,26,3,1
21.6774,2,0.0,0.87,17,1,1
21.6833,2,0.0,0.04,5,3,1
21.6895,2,0.0,0.2,8,3,1
21.6945,2,0.0,0.77,15,3,1
21.7006,2,0.0,0.03,2,3,1
21.7053,3,0.0,0.21,24,3,1
21.7094,2,0.0,0.05,9,3,1
21.7142,0,0.0,0.06,28,3,2
21.7187,0,0.0,1.19,17,3,2
21.7234,2,0.0,0.08,5,3,1
21.7285,2,0.0,0.03,19,3,1
21.7333,2,0.0,0.11,10,3,1
21.7384,2,0.0,0.19,10,3,1
21.7428,2,0.0,0.44,5,3,1
21.7473,3,0.0,0.14,20,3,1
21.7524,2,0.0,0.3,13,3,1
21.7566,2,0.0,0.26,8,3,1
21.7613,2,0.0,0.05,2,3,1
21.7665,2,0.0,0.11,11,3,1
21.7719,2,0.0,0.02,19,3,1
21.7751,2,0.0,0.15,53,3,1
21.7795,2,2.7,1.31,40,3,1
21.7864,2,42.0,3.5,29,3,1
21.7919,2,0.0,0.07,8,3,1
21.7975,2,0.0,0.19,10,3,1
21.8029,2,0.0,0.24,8,3,1
21.807,2,0.0,0.38,7,3,1
21.8123,2,0.0,0.65,9,3,1
21.8169,2,0.0,0.12,8,3,1
21.8214,3,0.0,0.73,22,3,1
21.8267,2,0.0,3.12,11,3,1
21.8331,3,7.1,1.77,19,3,1
21.8386,2,0.0,0.09,6,3,1
21.8436,2,0.0,0.11,6,3,1
21.8494,2,0.0,0.12,6,3,1
21.8548,2,0.0,0.3,11,3,1
21.8602,0,0.0,0.13,29,3,2
21.8649,2,0.0,1.69,13,3,1
21.87,2,0.0,2.15,45,3,1
21.8754,2,0.0,0.0,10,3,1
21.8803,2,0.0,0.22,2,3,1
21.8856,2,97.3,0.43,23,3,0
21.8898,2,0.0,0.1,8,3,1
21.8945,0,0.0,0.66,28,3,2
21.8997,2,0.0,0.52,17,3,1
21.9038,2,0.0,0.05,8,3,1
21.909,2,0.0,0.02,3,3,1
21.9126,0,0.0,1.69,28,3,2
21.918,3,0.0,1.03,21,3,1
21.9223,2,0.0,0.31,25,3,1
21.9277,2,0.0,0.16,6,3,1
21.9324,0,0.0,1.92,34,3,2
21.9378,2,0.0,0.04,1,3,1
21.943,2,0.0,0.1,15,3,1
21.9482,2,0.0,0.18,10,3,1
21.953,2,0.0,0.08,11,3,1
21.9571,2,0.0,0.13,8,3,1
21.9608,2,0.0,0.66,49,3,1
21.9652,2,0.0,0.13,8,3,1
21.9708,2,0.0,0.54,13,3,1
21.975,2,0.0,0.52,30,3,1
22.9799,2,0.0,0.78,47,3,1
22.9881,2,0.0,0.99,17,3,1
22.9959,2,0.0,0.04,3,3,1
23.0024,2,3.6,1.75,20,3,1
23.0088,2,0.0,0.02,3,3,1
23.0142,3,0.0,0.14,6,3,1
23.0203,2,0.0,0.81,14,3,1
23.0246,2,0.0,0.09,2,3,1
23.0279,2,0.0,0.01,2,3,1
23.0333,4,0.0,0.42,18,3,0
23.0377,2,0.0,0.13,10,3,1
23.0441,2,0.0,0.14,8,3,1
23.0513,2,0.0,0.01,2,3,1
23.0596,2,0.0,3.88,78,3,1
23.0681,2,0.0,0.22,23,3,1
23.0757,2,0.0,0.24,13,3,1
23.0823,2,0.0,0.05,6,3,1
23.0886,2,0.0,0.03,1,3,1
23.0936,0,0.0,0.09,28,3,2
23.0996,2,0.0,0.01,2,3,1
23.1041,1,0.0,0.09,16,3,2
23.1108,2,0.0,0.09,9,3,1
23.1186,2,0.0,0.05,9,3,1
23.1262,2,0.0,0.03,2,3,1
23.1321,2,0.0,0.3,5,3,1
23.1368,3,0.0,0.09,21,3,1
23.1412,2,42.9,1.98,34,3,1
23.1456,2,0.0,0.34,24,3,1
23.1515,2,0.0,0.21,8,3,1
23.1567,2,0.0,0.03,2,3,1
23.1597,2,0.0,0.63,60,3,1
23.1673,2,0.0,0.04,4,3,1
23.1733,2,0.0,0.73,31,1,1
23.1783,0,0.0,0.32,29,3,2
23.1835,2,0.0,0.26,31,3,1
23.1886,2,0.0,0.38,11,3,1
23.1929,2,0.0,0.0,38,1,1
23.1992,2,0.0,0.01,17,3,1
23.2037,2,0.0,0.13,11,3,1
23.2081,2,0.0,0.3,5,3,1
23.2123,2,0.0,0.43,48,3,1
23.2177,2,0.0,0.05,9,3,1
23.2222,2,0.0,0.05,9,3,1
23.2259,2,0.0,0.07,24,3,1
23.2314,2,0.0,0.11,7,3,1
23.236,2,0.0,0.19,2,3,1
23.2391,2,0.0,0.06,8,3,1
23.2439,2,0.0,0.01,17,3,1
23.2479,2,0.0,0.04,3,3,1
23.2527,0,0.0,1.41,29,3,2
23.2567,2,0.0,0.04,4,3,1
23.2616,0,0.0,0.16,29,3,2
23.2673,2,0.0,0.41,37,3,1
23.2714,2,0.0,0.01,2,3,1
23.2764,2,0.0,0.07,9,1,1
23.2826,2,0.0,0.31,20,3,1
23.2876,2,0.0,0.19,18,3,1
23.2927,2,0.0,0.07,2,3,1
23.2974,4,0.0,0.2,15,3,0
23.3031,2,0.0,0.22,6,3,1
23.3081,2,0.0,0.07,3,3,1
23.3144,2,0.0,0.95,16,1,1
23.32,2,0.0,1.13,46,3,1
23.3247,2,0.0,2.5,27,3,1
23.3314,2,0.0,0.19,7,3,1
23.3355,2,0.0,0.03,4,3,1
23.3416,0,0.0,0.08,14,3,2
23.3447,2,0.0,0.07,8,3,1
23.3505,2,0.0,0.15,29,3,1
23.3542,4,0.0,0.07,3,3,0
23.3582,2,0.0,0.03,3,3,1
23.3642,2,0.0,0.3,11,3,1
23.3702,0,0.0,0.12,44,3,2
23.3749,2,0.0,0.14,11,3,1
23.379,2,0.0,0.11,8,3,1
23.3844,2,0.0,0.19,26,3,1
23.3896,2,0.0,0.87,17,1,1
23.3938,2,0.0,0.04,5,3,1
23.4001,2,0.0,0.2,8,3,1
23.4045,2,0.0,0.77,15,3,1
23.4093,2,0.0,0.03,2,3,1
23.4163,3,0.0,0.21,24,3,1
23.4223,2,0.0,0.05,9,3,1
23.4263,0,0.0,0.06,28,3,2
23.431,0,0.0,1.19,17,3,2
23.4356,2,0.0,0.08,5,3,1
23.4397,2,0.0,0.03,19,3,1
23.4439,2,0.0,0.11,10,3,1
23.4485,2,0.0,0.19,10,3,1
23.4528,2,0.0,0.44,5,3,1
23.4569,3,0.0,0.14,20,3,1
23.4617,2,0.0,0.3,13,3,1
23.4663,2,0.0,0.26,8,3,1
23.4706,2,0.0,0.05,2,3,1
23.4747,2,0.0,0.11,11,3,1
23.479,2,0.0,0.02,19,3,1
23.4844,2,0.0,0.15,53,3,1
23.4884,2,2.8,1.32,40,3,1
23.4932,2,25.7,3.59,29,3,1
23.4973,2,0.0,0.07,8,3,1
23.5016,2,0.0,0.19,10,3,1
23.5069,2,0.0,0.24,8,3,1
23.5111,2,0.0,0.38,7,3,1
23.517,2,0.0,0.65,9,3,1
23.5212,2,0.0,0.12,8,3,1
23.5254,3,0.0,0.73,22,3,1
23.532,2,0.0,3.12,11,3,1
23.5365,3,11.0,1.77,19,3,1
23.5408,2,0.0,0.09,6,3,1
23.5452,2,0.0,0.11,6,3,1
23.5499,2,0.0,0.12,6,3,1
23.5552,2,0.0,0.3,11,3,1
23.5601,0,0.0,0.13,29,3,2
23.5655,2,0.0,1.69,13,3,1
23.5695,2,0.9,2.06,45,3,1
23.5748,2,0.0,0.0,10,3,1
23.5804,2,0.0,0.22,2,3,1
23.5854,2,94.5,0.43,23,3,0
23.5896,2,0.0,0.1,8,3,1
23.5952,0,0.0,0.66,28,3,2
23.6011,2,0.0,0.52,17,3,1
23.6066,2,0.0,0.05,8,3,1
23.6102,2,0.0,0.02,3,3,1
23.6163,0,0.0,1.69,28,3,2
23.621,3,0.0,1.03,22,3,1
23.6318,2,0.0,0.31,25,3,1
23.6412,2,0.0,0.16,6,3,1
23.6532,0,0.0,1.92,34,3,2
23.6586,2,0.0,0.04,1,3,1
23.6622,2,0.0,0.1,15,3,1
23.6672,2,0.0,0.18,10,3,1
23.6719,2,0.0,0.08,11,3,1
23.6758,2,0.0,0.13,8,3,1
23.6799,2,1.8,0.66,49,3,1
23.6858,2,0.0,0.13,8,3,1
23.6901,2,0.0,0.54,13,3,1
23.6932,2,0.0,0.52,30,3,1
24.7036,2,0.0,0.78,47,3,1
24.7133,2,0.0,0.99,17,3,1
24.7224,2,0.0,0.04,3,3,1
24.7301,2,1.8,1.75,20,3,1
24.7396,2,0.0,0.02,3,3,1
24.748,3,0.0,0.14,6,3,1
24.7594,2,0.0,0.81,14,3,1
24.767,2,0.0,0.09,2,3,1
24.7737,2,0.0,0.01,2,3,1
24.779,4,0.0,0.42,18,3,0
24.7847,2,0.0,0.13,10,3,1
24.7895,2,0.0,0.14,8,3,1
24.795,2,0.0,0.01,2,3,1
24.8011,2,0.9,3.88,78,3,1
24.8062,2,0.0,0.22,23,3,1
24.811,2,0.0,0.24,13,3,1
24.8159,2,0.0,0.05,6,3,1
24.8202,2,0.0,0.03,1,3,1
24.8253,0,0.0,0.09,28,3,2
24.8295,2,0.0,0.01,2,3,1
24.8354,1,0.0,0.09,16,3,2
24.8386,2,0.0,0.09,9,3,1
24.8432,2,0.0,0.05,9,3,1
24.8485,2,0.0,0.03,2,3,1
24.8535,2,0.0,0.3,5,3,1
24.8578,3,0.0,0.09,21,3,1
24.8631,2,40.9,1.98,34,3,1
24.8684,2,0.0,0.34,24,3,1
24.8726,2,0.0,0.21,8,3,1
24.8774,2,0.0,0.03,2,3,1
24.8832,2,0.0,0.63,60,3,1
24.8872,2,0.0,0.04,4,3,1
24.8921,2,0.0,0.73,31,1,1
24.8961,0,0.0,0.32,29,3,2
24.9021,2,0.0,0.26,31,3,1
24.9071,2,0.0,0.38,11,3,1
24.9113,2,0.0,0.0,38,1,1
24.9167,2,0.0,0.01,17,3,1
24.9211,2,0.0,0.13,11,3,1
24.9264,2,0.0,0.3,5,3,1
24.9324,2,0.0,0.43,48,3,1
24.9367,2,0.0,0.05,9,3,1
24.9401,2,0.0,0.05,9,3,1
24.9442,2,0.0,0.07,24,3,1
24.9495,2,0.0,0.11,7,3,1
24.954,2,0.0,0.19,2,3,1
24.9589,2,0.0,0.06,8,3,1
24.9648,2,0.0,0.01,17,3,1
24.9694,2,0.0,0.04,3,3,1
24.974,0,0.0,1.41,29,3,2
24.9783,2,0.0,0.04,4,3,1
24.9841,0,0.0,0.16,29,3,2
24.9873,2,0.0,0.41,37,3,1
24.992,2,0.0,0.01,2,3,1
24.9983,2,0.0,0.07,9,1,1
25.0031,2,0.0,0.31,20,3,1
25.0073,2,0.0,0.19,18,3,1
25.012,2,0.0,0.07,2,3,1
25.0166,4,0.0,0.2,15,3,0
25.022,2,0.0,0.22,6,3,1
25.0252,2,0.0,0.07,3,3,1
25.0308,2,0.0,0.95,16,1,1
25.0354,2,0.0,1.13,46,3,1
25.0394,2,0.0,2.5,27,3,1
25.0449,2,0.0,0.19,7,3,1
25.0506,2,0.0,0.03,4,3,1
25.0549,0,0.0,0.08,14,3,2
25.059,2,0.0,0.07,8,3,1
25.0639,2,0.0,0.15,29,3,1
25.0679,4,0.0,0.07,3,3,0
25.0722,2,0.0,0.03,3,3,1
25.0754,2,0.0,0.3,11,3,1
25.0811,0,0.0,0.12,44,3,2
25.086,2,0.0,0.14,11,3,1
25.0916,2,0.0,0.11,8,3,1
25.0975,2,0.0,0.19,26,3,1
25.1028,2,0.0,0.87,17,1,1
25.1068,2,0.0,0.04,5,3,1
25.1111,2,0.0,0.2,8,3,1
25.1168,2,0.0,0.77,15,3,1
25.1211,2,0.0,0.03,2,3,1
25.1258,3,0.0,0.21,24,3,1
25.1306,2,0.0,0.05,9,3,1
25.1352,0,0.0,0.06,28,3,2
25.1404,0,0.0,1.16,17,3,2
25.1442,2,0.0,0.08,5,3,1
25.1502,2,0.0,0.03,19,3,1
25.1544,2,0.0,0.11,10,3,1
25.1585,2,0.0,0.19,10,3,1
25.1629,2,0.0,0.44,5,3,1
25.1686,3,0.0,0.14,20,3,1
25.1729,2,0.0,0.3,13,3,1
25.177,2,0.0,0.26,8,3,1
25.1823,2,0.0,0.05,2,3,1
25.1873,2,0.0,0.11,11,3,1
25.1917,2,0.0,0.02,19,3,1
25.1969,2,0.0,0.15,53,3,1
25.2022,2,0.0,1.32,40,3,1
25.2062,2,38.2,3.52,29,3,1
25.2109,2,0.0,0.07,8,3,1
25.217,2,0.0,0.19,10,3,1
25.2234,2,0.0,0.24,8,3,1
25.2287,2,0.0,0.38,7,3,1
25.2339,2,0.0,0.65,9,3,1
25.2392,2,0.0,0.12,8,3,1
25.2438,3,0.0,0.73,22,3,1
25.2487,2,0.0,3.12,11,3,1
25.254,3,8.2,1.5,19,3,1
25.258,2,0.0,0.09,6,3,1
25.2624,2,0.0,0.11,6,3,1
25.2675,2,0.0,0.12,6,3,1
25.2709,2,0.0,0.3,11,3,1
25.2752,0,0.0,0.13,29,3,2
25.2805,2,0.0,1.69,13,3,1
25.2859,2,0.0,2.06,45,3,1
25.2908,2,0.0,0.0,10,3,1
25.2954,2,0.0,0.22,2,3,1
25.3016,2,97.3,0.43,23,3,0
25.3049,2,0.0,0.1,8,3,1
25.309,0,0.0,0.66,28,3,2
25.3142,2,0.0,0.52,17,3,1
25.3192,2,0.0,0.05,8,3,1
25.3241,2,0.0,0.02,3,3,1
25.3297,0,0.0,1.69,28,3,2
25.3353,3,0.0,1.03,22,3,1
25.3403,2,0.0,0.31,25,3,1
25.3441,2,0.0,0.16,6,3,1
25.3497,0,0.0,1.92,34,3,2
25.3549,2,0.0,0.04,1,3,1
25.3581,2,0.0,0.1,15,3,1
25.3636,2,0.0,0.18,10,3,1
25.3681,2,0.0,0.08,11,3,1
25.3727,2,0.0,0.13,8,3,1
25.3759,2,0.0,0.66,49,3,1
25.3813,2,0.0,0.13,8,3,1
25.3871,2,0.0,0.54,13,3,1
25.3914,2,0.0,0.52,30,3,1
26.3997,2,0.0,0.78,47,3,1
26.4077,2,0.0,0.99,17,3,1
26.4158,2,0.0,0.04,3,3,1
26.4239,2,0.9,1.75,20,3,1
26.4322,2,0.0,0.02,3,3,1
26.442,3,0.0,0.14,6,3,1
26.4493,2,0.0,0.81,14,3,1
26.4556,2,0.0,0.09,2,3,1
26.4608,2,0.0,0.01,2,3,1
26.4673,4,0.0,0.42,18,3,0
26.4739,2,0.0,0.13,10,3,1
26.4821,2,0.0,0.14,8,3,1
26.4879,2,0.0,0.01,2,3,1
26.4942,2,0.9,3.78,78,3,1
26.5009,2,0.0,0.22,23,3,1
26.5063,2,0.0,0.24,13,3,1
26.5112,2,0.0,0.05,6,3,1
26.5168,2,0.0,0.03,1,3,1
26.5214,0,0.0,0.09,28,3,2
26.5252,2,0.0,0.01,2,3,1
26.5304,1,0.0,0.09,16,3,2
26.535,2,0.0,0.09,9,3,1
26.5391,2,0.0,0.05,9,3,1
26.5439,2,0.0,0.03,2,3,1
26.5485,2,0.0,0.3,5,3,1
26.5529,3,0.0,0.09,21,3,1
26.5576,2,39.8,1.98,34,3,1
26.5627,2,0.0,0.34,24,3,1
26.5683,2,0.0,0.21,8,3,1
26.5727,2,0.0,0.03,2,3,1
26.577,2,0.0,0.63,60,3,1
26.5823,2,0.0,0.04,4,3,1
26.5865,2,0.0,0.73,31,1,1
26.5904,0,0.0,0.32,29,3,2
26.5945,2,0.0,0.26,31,3,1
26.5993,2,0.0,0.38,11,3,1
26.603,2,0.0,0.0,38,1,1
26.6086,2,0.0,0.01,17,3,1
26.6138,2,0.0,0.13,11,3,1
26.619,2,0.0,0.3,5,3,1
26.6241,2,0.0,0.43,48,3,1
26.6281,2,0.0,0.05,9,3,1
26.6338,2,0.0,0.05,9,3,1
26.6378,2,0.0,0.07,24,3,1
26.6434,2,0.0,0.11,7,3,1
26.6497,2,0.0,0.19,2,3,1
26.6561,2,0.0,0.06,8,3,1
26.661,2,0.0,0.01,17,3,1
26.6667,2,0.0,0.04,3,3,1
26.6717,0,0.0,1.41,29,3,2
26.6783,2,0.0,0.04,4,3,1
26.6834,0,0.0,0.16,29,3,2
26.6888,2,0.0,0.41,37,3,1
26.6934,2,0.0,0.01,2,3,1
26.6999,2,0.0,0.07,9,1,1
26.7041,2,0.0,0.31,20,3,1
26.7091,2,0.0,0.19,18,3,1
26.7166,2,0.0,0.07,2,3,1
26.7209,4,0.0,0.2,15,3,0
26.7252,2,0.0,0.22,6,3,1
26.7304,2,0.0,0.07,3,3,1
26.7351,2,0.0,0.95,16,1,1
26.7391,2,0.0,1.13,46,3,1
26.7431,2,0.0,2.5,27,3,1
26.7481,2,0.0,0.19,7,3,1
26.7524,2,0.0,0.03,4,3,1
26.7564,0,0.0,0.08,14,3,2
26.7612,2,0.0,0.07,8,3,1
26.7667,2,0.0,0.15,29,3,1
26.771,4,0.0,0.07,3,3,0
26.7762,2,0.0,0.03,3,3,1
26.7819,2,0.0,0.3,11,3,1
26.786,0,0.0,0.12,44,3,2
26.7898,2,0.0,0.14,11,3,1
26.795,2,0.0,0.11,8,3,1
26.7996,2,0.0,0.19,26,3,1
26.8037,2,0.0,0.87,17,1,1
26.8088,2,0.0,0.04,5,3,1
26.8144,2,0.0,0.2,8,3,1
26.8193,2,0.0,0.77,15,3,1
26.8243,2,0.0,0.03,2,3,1
26.8298,3,0.0,0.21,24,3,1
26.8336,2,0.0,0.05,9,3,1
26.8387,0,0.0,0.06,28,3,2
26.8423,0,0.0,1.16,17,3,2
26.847,2,0.0,0.08,5,3,1
26.8527,2,0.0,0.03,19,3,1
26.858,2,0.0,0.11,10,3,1
26.8633,2,0.0,0.19,10,3,1
26.868,2,0.0,0.44,5,3,1
26.8742,3,0.0,0.14,20,3,1
26.8787,2,0.0,0.3,13,3,1
26.883,2,0.0,0.26,8,3,1
26.8879,2,0.0,0.05,2,3,1
26.8911,2,0.0,0.11,11,3,1
26.8964,2,0.0,0.02,19,3,1
26.9009,2,0.0,0.15,53,3,1
26.9054,2,0.0,1.32,40,3,1
26.9094,2,46.8,3.53,29,3,0
26.9146,2,0.0,0.07,8,3,1
26.9187,2,0.0,0.19,10,3,1
26.923,2,0.0,0.24,10,3,1
26.9271,2,0.0,0.38,7,3,1
26.9327,2,0.0,0.65,9,3,1
26.9368,2,0.0,0.12,8,3,1
26.94,3,0.0,0.73,22,3,1
26.9452,2,0.0,3.12,11,3,1
26.9513,3,9.2,1.42,19,3,1
26.9558,2,0.0,0.09,6,3,1
26.9608,2,0.0,0.11,6,3,1
26.9673,2,0.0,0.12,6,3,1
26.9715,2,0.0,0.3,11,3,1
26.9755,0,0.0,0.13,29,3,2
26.9808,2,0.0,1.69,13,3,1
26.9865,2,0.0,2.06,45,3,1
26.9907,2,0.0,0.0,10,3,1
26.9954,2,0.0,0.22,2,3,1
27.0018,2,96.3,0.43,23,3,0
27.0062,2,0.0,0.1,8,3,1
27.0118,0,0.0,0.66,28,3,2
27.0179,2,0.0,0.52,17,3,1
27.0235,2,0.0,0.05,8,3,1
27.0281,2,0.0,0.02,3,3,1
27.0343,0,0.0,1.69,28,3,2
27.0384,3,0.0,1.03,22,3,1
27.0433,2,0.0,0.31,25,3,1
27.0493,2,0.0,0.16,6,3,1
27.0544,0,0.0,1.92,34,3,2
27.0601,2,0.0,0.04,1,3,1
27.0676,2,0.0,0.1,15,3,1
27.0721,2,0.9,0.18,10,3,1
27.0763,2,0.0,0.08,11,3,1
27.0822,2,0.0,0.13,8,3,1
27.0856,2,0.0,0.66,49,3,1
27.0891,2,0.0,0.13,8,3,1
27.0939,2,0.0,0.54,13,3,1
27.0984,2,1.8,0.52,30,3,1
28.1091,2,0.0,0.78,47,3,1
28.1185,2,0.0,0.99,17,3,1
28.124,2,0.0,0.04,3,3,1
28.1294,2,7.3,1.89,20,3,1
28.1345,2,0.0,0.02,3,3,1
28.1385,3,0.0,0.14,6,3,1
28.1433,2,0.0,0.81,13,3,1
28.1492,2,0.0,0.09,1,3,1
28.1654,2,0.0,0.01,2,3,1
28.1749,4,0.0,0.42,18,3,0
28.1862,2,0.0,0.13,10,3,1
28.1926,2,0.0,0.14,8,3,1
28.1982,2,0.0,0.01,2,3,1
28.2078,2,0.0,3.78,78,3,1
28.2125,2,0.0,0.22,23,3,1
28.2186,2,0.0,0.24,13,3,1
28.2234,2,0.0,0.05,6,3,1
28.2274,2,0.0,0.03,1,3,1
28.2331,0,0.0,0.09,28,3,2
28.2371,2,0.0,0.01,2,3,1
28.242,1,0.0,0.09,16,3,2
28.2472,2,0.0,0.09,9,3,1
28.2521,2,0.0,0.05,9,3,1
28.2558,2,0.0,0.03,2,3,1
28.2614,2,0.0,0.3,5,3,1
28.2672,3,0.0,0.09,21,3,1
28.2727,2,40.0,1.99,36,3,1
28.2767,2,0.0,0.34,24,3,1
28.2822,2,0.0,0.21,8,3,1
28.2875,2,0.0,0.03,2,3,1
28.2925,2,0.0,0.63,60,3,1
28.2989,2,0.0,0.04,4,3,1
28.3042,2,0.0,0.73,31,1,1
28.3092,0,0.0,0.32,29,3,2
28.3149,2,0.0,0.26,31,3,1
28.3218,2,0.0,0.38,11,3,1
28.3262,2,0.0,0.0,38,1,1
28.3332,2,0.0,0.01,17,3,1
28.3376,2,0.0,0.13,11,3,1
28.3423,2,0.0,0.3,5,3,1
28.3485,2,0.0,0.43,48,3,1
28.3529,2,0.0,0.05,9,3,1
28.3567,2,0.0,0.05,9,3,1
28.362,2,0.0,0.07,24,3,1
28.3666,2,0.0,0.11,7,3,1
28.3711,2,0.0,0.19,2,3,1
28.3743,2,0.0,0.06,8,3,1
28.3796,2,0.0,0.01,17,3,1
28.3843,2,0.0,0.04,3,3,1
28.3883,0,0.0,1.41,29,3,2
28.3935,2,0.0,0.04,4,3,1
28.3982,0,0.0,0.16,29,3,2
28.4025,2,0.0,0.41,37,3,1
28.4074,2,0.0,0.01,2,3,1
28.4122,2,0.0,0.07,9,1,1
28.4164,2,0.0,0.32,20,3,1
28.4207,2,0.0,0.19,18,3,1
28.4243,2,0.0,0.07,2,3,1
28.4298,4,0.0,0.2,15,3,0
28.4346,2,0.0,0.22,6,3,1
28.4392,2,0.0,0.07,3,3,1
28.4431,2,0.0,0.95,16,1,1
28.4482,2,0.0,1.13,46,3,1
28.4535,2,0.0,2.5,27,3,1
28.4573,2,0.0,0.19,7,3,1
28.4625,2,0.0,0.03,4,3,1
28.467,0,0.0,0.08,14,3,2
28.4703,2,0.0,0.07,8,3,1
28.4744,2,0.0,0.15,29,3,1
28.4791,4,0.0,0.07,3,3,0
28.4852,2,0.0,0.03,3,3,1
28.4895,2,0.0,0.3,11,3,1
28.4943,0,0.0,0.12,44,3,2
28.4989,2,0.0,0.14,11,3,1
28.5028,2,0.0,0.11,8,3,1
28.5071,2,0.0,0.19,26,3,1
28.5103,2,0.0,0.87,17,1,1
28.5158,2,0.0,0.04,5,3,1
28.5202,2,0.0,0.2,8,3,1
28.5246,2,0.0,0.77,15,3,1
28.5299,2,0.0,0.03,2,3,1
28.5346,3,0.0,0.21,24,3,1
28.5387,2,0.0,0.05,9,3,1
28.5438,0,0.0,0.06,28,3,2
28.5481,0,0.0,1.16,17,3,2
28.5526,2,0.0,0.08,5,3,1
28.5569,2,0.0,0.03,19,3,1
28.5625,2,0.0,0.11,10,3,1
28.5685,2,0.0,0.19,10,3,1
28.5733,2,0.0,0.44,5,3,1
28.5786,3,0.0,0.14,20,3,1
28.5859,2,0.0,0.3,13,3,1
28.5906,2,0.0,0.26,8,3,1
28.5954,2,0.0,0.05,2,3,1
28.6004,2,0.0,0.11,11,3,1
28.6045,2,0.0,0.02,19,3,1
28.6075,2,0.0,0.15,53,3,1
28.6125,2,0.0,1.32,40,3,1
28.6176,2,54.1,3.69,29,3,0
28.6209,2,0.0,0.07,8,3,1
28.6264,2,0.0,0.19,10,3,1
28.6323,2,0.0,0.24,10,3,1
28.6364,2,0.0,0.38,7,3,1
28.6407,2,0.0,0.65,9,3,1
28.6458,2,0.0,0.12,8,3,1
28.6501,3,0.0,0.73,22,3,1
28.6542,2,0.0,3.12,11,3,1
28.6589,3,6.4,1.66,19,3,1
28.663,2,0.0,0.09,6,3,1
28.6682,2,0.0,0.11,6,3,1
28.6729,2,0.0,0.12,6,3,1
28.6775,2,0.0,0.3,11,3,1
28.6831,0,0.0,0.13,29,3,2
28.6878,2,0.0,1.69,13,3,1
28.6921,2,0.0,2.06,45,3,1
28.6973,2,0.0,0.0,10,3,1
28.7016,2,0.0,0.22,2,3,1
28.7062,2,97.3,0.43,23,3,0
28.7093,2,0.0,0.1,9,3,1
28.715,0,0.0,0.66,28,3,2
28.7206,2,0.0,0.52,17,3,1
28.7255,2,0.0,0.05,8,3,1
28.7309,2,0.0,0.02,3,3,1
28.7362,0,0.0,1.69,28,3,2
28.7393,3,0.0,1.03,22,3,1
28.7436,2,0.0,0.31,25,3,1
28.7492,2,0.0,0.16,6,3,1
28.7531,0,0.0,1.92,34,3,2
28.7572,2,0.0,0.04,1,3,1
28.7617,2,0.0,0.1,15,3,1
28.7674,2,0.0,0.18,10,3,1
28.7726,2,0.0,0.08,11,3,1
28.7769,2,0.0,0.13,8,3,1
28.7833,2,0.0,0.66,49,3,1
28.7874,2,0.0,0.13,8,3,1
28.7916,2,0.0,0.54,13,3,1
28.797,2,0.0,0.52,30,3,1
29.8122,2,0.0,0.78,47,3,1
29.8214,2,0.0,0.99,17,3,1
29.8288,2,0.0,0.04,3,3,1
29.8363,2,3.7,1.89,21,3,1
29.8451,2,0.0,0.02,3,3,1
29.8559,3,0.0,0.14,6,3,1
29.8663,2,0.0,0.81,13,3,1
29.8754,2,0.0,0.09,2,3,1
29.882,2,0.0,0.01,2,3,1
29.8884,4,0.0,0.42,18,3,0
29.896,2,0.0,0.13,10,3,1
29.902,2,0.0,0.14,8,3,1
29.9065,2,0.0,0.01,2,3,1
29.9119,2,0.0,3.78,78,3,1
29.9177,2,0.0,0.22,23,3,1
29.9231,2,0.0,0.24,13,3,1
29.9291,2,0.0,0.05,6,3,1
29.936,2,0.0,0.03,1,3,1
29.9401,0,0.0,0.09,28,3,2
29.9455,2,0.0,0.01,2,3,1
29.9495,1,0.0,0.09,16,3,2
29.9546,2,0.0,0.09,9,3,1
29.9609,2,0.0,0.05,9,3,1
29.9665,2,0.0,0.03,2,3,1
29.9717,2,0.0,0.3,5,3,1
29.976,3,0.0,0.09,21,3,1
29.9811,2,40.3,1.99,36,3,1
29.9856,2,0.0,0.34,24,3,1
29.9906,2,0.0,0.21,8,3,1
29.9959,2,0.0,0.03,2,3,1
30.0048,2,0.0,0.63,60,3,1
30.0123,2,0.0,0.04,4,3,1
30.0174,2,0.0,0.73,31,1,1
30.024,0,0.0,0.32,29,3,2
30.0302,2,0.0,0.26,31,3,1
30.0357,2,0.0,0.38,11,3,1
30.0413,2,0.0,0.0,38,1,1
30.0469,2,0.0,0.01,17,3,1
30.0524,2,0.0,0.13,11,3,1
30.0568,2,0.0,0.3,5,3,1
30.0625,2,0.0,0.43,48,3,1
30.0671,2,0.0,0.05,9,3,1
30.0729,2,0.0,0.05,9,3,1
30.0795,2,0.0,0.07,24,3,1
30.0845,2,0.0,0.11,7,3,1
30.0882,2,0.0,0.19,2,3,1
30.0927,2,0.0,0.06,8,3,1
30.0982,2,0.0,0.01,17,3,1
30.1024,2,0.0,0.04,3,3,1
30.1067,0,0.0,1.41,29,3,2
30.1114,2,0.0,0.04,4,3,1
30.1158,0,0.0,0.16,29,3,2
30.12,2,0.0,0.41,37,3,1
30.1254,2,0.0,0.01,2,3,1
30.1316,2,0.0,0.07,9,1,1
30.1443,2,0.0,0.31,20,3,1
30.154,2,0.0,0.19,18,3,1
30.1613,2,0.0,0.07,2,3,1
30.1694,4,0.0,0.2,15,3,0
30.1744,2,0.0,0.22,6,3,1
30.1794,2,0.0,0.07,3,3,1
30.1842,2,0.0,0.95,16,1,1
30.1882,2,0.0,1.13,46,3,1
30.1932,2,0.0,2.5,27,3,1
30.1985,2,0.0,0.19,7,3,1
30.2028,2,0.0,0.03,4,3,1
30.207,0,0.0,0.08,14,3,2
30.2122,2,0.0,0.07,8,3,1
30.2161,2,0.0,0.15,29,3,1
30.2205,4,0.0,0.07,3,3,0
30.2257,2,0.0,0.03,3,3,1
30.2307,2,0.0,0.3,11,3,1
30.2343,0,0.0,0.12,44,3,2
30.2397,2,0.0,0.14,11,3,1
30.2443,2,0.0,0.11,8,3,1
30.2492,2,0.0,0.2,26,3,1
30.2534,2,0.0,0.87,17,1,1
30.2575,2,0.0,0.04,5,3,1
30.2628,2,0.0,0.2,8,3,1
30.2672,2,0.0,0.77,15,3,1
30.2716,2,0.0,0.03,2,3,1
30.2757,3,0.0,0.21,24,3,1
30.2807,2,0.0,0.05,9,3,1
30.2861,0,0.0,0.06,28,3,2
30.2907,0,0.0,1.16,17,3,2
30.2949,2,0.0,0.08,5,3,1
30.3001,2,0.0,0.03,19,3,1
30.3052,2,0.0,0.11,10,3,1
30.3093,2,0.0,0.19,10,3,1
30.316,2,0.0,0.44,5,3,1
30.3223,3,0.0,0.14,20,3,1
30.3298,2,0.0,0.3,13,3,1
30.3366,2,0.0,0.26,8,3,1
30.3426,2,0.0,0.05,2,3,1
30.3491,2,0.0,0.11,11,3,1
30.3563,2,0.0,0.02,19,3,1
30.3628,2,0.0,0.15,53,3,1
30.3679,2,0.0,1.32,40,3,1
30.3721,2,36.3,3.7,29,3,1
30.3762,2,0.0,0.07,8,3,1
30.3822,2,0.0,0.19,10,3,1
30.3862,2,0.0,0.24,10,3,1
30.3909,2,0.0,0.38,7,3,1
30.3972,2,0.0,0.65,9,3,1
30.4024,2,0.0,0.12,8,3,1
30.407,3,0.0,0.73,22,3,1
30.4126,2,0.0,3.12,11,3,1
30.4186,3,8.9,1.67,19,3,1
30.4242,2,0.0,0.09,6,3,1
30.4299,2,0.0,0.11,6,3,1
30.4353,2,0.0,0.12,6,3,1
30.4399,2,0.0,0.3,11,3,1
30.4442,0,0.0,0.13,29,3,2
30.4495,2,0.0,1.69,13,3,1
30.4547,2,0.0,2.06,45,3,1
30.4587,2,0.0,0.0,10,3,1
30.4653,2,0.0,0.22,2,3,1
30.4706,2,95.6,0.43,23,3,0
30.4742,2,0.0,0.1,8,3,1
30.4798,0,0.0,0.66,28,3,2
30.484,2,0.0,0.52,17,3,1
30.4877,2,0.0,0.05,8,3,1
30.492,2,0.0,0.02,3,3,1
30.4978,0,0.0,1.69,28,3,2
30.5029,3,0.0,1.03,22,3,1
30.5071,2,0.0,0.31,25,3,1
30.5124,2,0.0,0.16,6,3,1
30.5177,0,0.0,1.92,34,3,2
30.5241,2,0.0,0.04,1,3,1
30.5281,2,0.0,0.1,15,3,1
30.5338,2,0.0,0.18,10,3,1
30.5378,2,0.0,0.08,11,3,1
30.5424,2,0.0,0.13,8,3,1
30.5486,2,0.0,0.66,49,3,1
30.5537,2,0.0,0.13,8,3,1
30.5574,2,0.0,0.54,13,3,1
30.5629,2,0.0,0.52,30,3,1
31.5832,2,0.0,0.78,47,3,1
31.5917,2,0.0,0.99,17,3,1
31.5999,2,0.0,0.04,3,3,1
31.6053,2,0.9,1.9,21,3,1
31.6097,2,0.0,0.02,3,3,1
31.6148,3,0.0,0.14,6,3,1
31.6199,2,0.0,0.81,13,3,1
31.6263,2,0.0,0.09,3,3,1
31.6337,2,0.0,0.01,2,3,1
31.643,4,0.0,0.42,18,3,0
31.6532,2,0.0,0.13,10,3,1
31.6616,2,0.0,0.14,8,3,1
31.6688,2,0.0,0.01,2,3,1
31.6795,2,0.0,3.78,78,3,1
31.6891,2,0.0,0.22,23,3,1
31.6956,2,0.0,0.24,13,3,1
31.7028,2,0.0,0.05,6,3,1
31.707,2,0.0,0.03,1,3,1
31.7114,0,0.0,0.09,28,3,2
31.7163,2,0.0,0.01,2,3,1
31.7217,1,0.0,0.09,16,3,2
31.7269,2,0.0,0.09,9,3,1
31.7324,2,0.0,0.05,9,3,1
31.737,2,0.0,0.03,2,3,1
31.7413,2,0.0,0.3,5,3,1
31.7454,3,0.0,0.09,21,3,1
31.7515,2,40.4,1.99,36,3,1
31.7561,2,0.0,0.34,24,3,1
31.7594,2,0.0,0.21,8,3,1
31.7652,2,0.0,0.03,2,3,1
31.7693,2,0.0,0.63,60,3,1
31.7747,2,0.0,0.04,4,3,1
31.7791,2,0.0,0.73,31,1,1
31.7843,0,0.9,0.32,29,3,2
31.7885,2,0.0,0.26,31,3,1
31.7917,2,0.0,0.38,11,3,1
31.7986,2,0.0,0.0,38,1,1
31.8041,2,0.0,0.01,17,3,1
31.8091,2,0.0,0.13,11,3,1
31.8142,2,0.0,0.3,5,3,1
31.8182,2,0.0,0.45,48,3,1
31.824,2,0.0,0.05,9,3,1
31.8284,2,0.0,0.08,11,3,1
31.8343,2,0.0,0.07,24,3,1
31.8413,2,0.0,0.11,7,3,1
31.8484,2,0.0,0.19,2,3,1
31.8545,2,0.0,0.06,8,3,1
31.8611,2,0.0,0.01,17,3,1
31.8678,2,0.0,0.04,3,3,1
31.8746,0,0.0,1.41,29,3,2
31.8825,2,0.0,0.04,4,3,1
31.8889,0,0.0,0.16,29,3,2
31.8955,2,0.0,0.41,37,3,1
31.9009,2,0.0,0.01,2,3,1
31.9059,2,0.0,0.07,9,1,1
31.9124,2,0.0,0.32,20,3,1
31.9179,2,0.0,0.19,18,3,1
31.9223,2,0.0,0.07,2,3,1
31.9275,4,0.0,0.2,15,3,0
31.9326,2,0.0,0.22,6,3,1
31.9366,2,0.0,0.07,3,3,1
31.942,2,0.0,0.95,16,1,1
31.9475,2,0.0,1.13,46,3,1
31.9523,2,0.0,2.5,27,3,1
31.9565,2,0.0,0.19,7,3,1
31.9608,2,0.0,0.03,4,3,1
31.9662,0,0.0,0.08,14,3,2
31.9707,2,0.0,0.07,8,3,1
31.9747,2,0.0,0.17,30,3,1
31.981,4,0.0,0.07,3,3,0
31.9856,2,0.0,0.03,3,3,1
31.9903,2,0.0,0.3,11,3,1
31.9944,0,0.0,0.12,44,3,2
31.9991,2,0.0,0.14,11,3,1
32.0033,2,0.0,0.11,8,3,1
32.0079,2,0.0,0.2,26,3,1
32.0137,2,0.0,0.87,17,1,1
32.0192,2,0.0,0.04,5,3,1
32.0239,2,0.0,0.2,8,3,1
32.03,2,0.0,0.77,15,3,1
32.0355,2,0.0,0.03,2,3,1
32.0398,3,0.0,0.21,24,3,1
32.0443,2,0.0,0.05,9,3,1
32.0495,0,0.0,0.06,28,3,2
32.0545,0,0.0,1.16,17,3,2
32.0576,2,0.0,0.08,5,3,1
32.0644,2,0.0,0.03,19,3,1
32.0693,2,0.0,0.11,10,3,1
32.0741,2,0.0,0.19,10,3,1
32.0791,2,0.0,0.44,5,3,1
32.0836,3,0.9,0.16,21,3,1
32.0877,2,0.0,0.3,13,3,1
32.0923,2,0.0,0.26,8,3,1
32.0972,2,0.0,0.05,2,3,1
32.1011,2,0.0,0.11,11,3,1
32.1052,2,0.0,0.02,19,3,1
32.1103,2,0.0,0.15,53,3,1
32.1159,2,0.0,1.32,40,3,1
32.1215,2,20.7,3.64,29,3,1
32.1257,2,0.0,0.07,8,3,1
32.1309,2,0.0,0.19,10,3,1
32.1354,2,0.0,0.24,10,3,1
32.1407,2,0.0,0.38,7,3,1
32.1471,2,0.0,0.65,9,3,1
32.1524,2,0.0,0.12,8,3,1
32.1593,3,0.0,0.73,22,3,1
32.1651,2,0.0,3.12,11,3,1
32.1724,3,10.6,1.66,19,3,1
32.1776,2,0.0,0.09,6,3,1
32.1847,2,0.0,0.11,6,3,1
32.1894,2,0.0,0.12,6,3,1
32.1945,2,0.0,0.3,11,3,1
32.1993,0,0.0,0.13,29,3,2
32.2025,2,0.0,1.69,13,3,1
32.2066,2,0.9,2.06,45,3,1
32.2113,2,0.0,0.0,10,3,1
32.2171,2,0.0,0.22,2,3,1
32.2217,2,99.1,0.43,23,3,0
32.2263,2,0.0,0.1,8,3,1
32.2315,0,0.0,0.66,28,3,2
32.2354,2,0.0,0.52,17,3,1
32.2394,2,0.0,0.05,8,3,1
32.2446,2,0.0,0.02,3,3,1
32.2494,0,0.0,1.69,28,3,2
32.2537,3,0.0,1.03,22,3,1
32.2574,2,0.0,0.31,25,3,1
32.2633,2,0.0,0.16,6,3,1
32.2682,0,0.0,1.92,34,3,2
32.2725,2,0.0,0.04,1,3,1
32.2777,2,0.0,0.1,15,3,1
32.2832,2,0.0,0.18,10,3,1
32.2872,2,0.0,0.08,11,3,1
32.2907,2,0.0,0.13,8,3,1
32.2959,2,0.0,0.66,49,3,1
32.3004,2,0.0,0.13,8,3,1
32.3045,2,0.0,0.54,13,3,1
32.3081,2,0.0,0.52,30,3,1
33.3218,2,0.0,0.78,47,3,1
33.3291,2,0.0,0.99,17,3,1
33.3357,2,0.0,0.04,3,3,1
33.3433,2,0.0,1.9,21,3,1
33.3507,2,0.0,0.02,3,3,1
33.3601,3,0.0,0.14,6,3,1
33.3688,2,0.0,0.81,13,3,1
33.3773,2,0.0,0.09,3,3,1
33.3873,2,0.0,0.01,2,3,1
33.3964,4,0.0,0.42,18,3,0
33.4023,2,0.0,0.13,10,3,1
33.4066,2,0.0,0.14,8,3,1
33.4122,2,0.0,0.01,2,3,1
33.418,2,0.0,3.78,78,3,1
33.4236,2,0.0,0.22,23,3,1
33.4299,2,0.0,0.24,13,3,1
33.4355,2,0.0,0.05,6,3,1
33.4399,2,0.0,0.03,1,3,1
33.4449,0,0.0,0.09,28,3,2
33.4502,2,0.0,0.01,2,3,1
33.4545,1,0.0,0.09,16,3,2
33.4596,2,0.0,0.09,9,3,1
33.4655,2,0.0,0.05,9,3,1
33.4701,2,0.0,0.03,2,3,1
33.4743,2,0.0,0.3,5,3,1
33.4808,3,0.0,0.09,21,3,1
33.4856,2,42.4,1.99,36,3,1
33.4888,2,0.0,0.34,24,3,1
33.4944,2,0.0,0.21,8,3,1
33.5006,2,0.0,0.03,2,3,1
33.5068,2,0.0,0.63,60,3,1
33.5139,2,0.0,0.04,4,3,1
33.5191,2,0.0,0.73,31,1,1
33.5234,0,0.0,0.32,29,3,2
33.5296,2,0.0,0.26,31,3,1
33.5368,2,0.0,0.38,11,3,1
33.543,2,0.0,0.0,38,1,1
33.5498,2,0.0,0.01,17,3,1
33.5574,2,0.0,0.13,11,3,1
33.5655,2,0.0,0.3,5,3,1
33.572,2,0.0,0.45,48,3,1
33.5776,2,0.0,0.05,9,3,1
33.5819,2,0.0,0.08,11,3,1
33.5868,2,0.0,0.07,24,3,1
33.5911,2,0.0,0.11,7,3,1
33.5961,2,0.0,0.19,2,3,1
33.6016,2,0.0,0.06,8,3,1
33.606,2,0.0,0.01,17,3,1
33.611,2,0.0,0.04,3,3,1
33.6169,0,0.0,1.41,29,3,2
33.6227,2,0.0,0.04,4,3,1
33.6299,0,0.0,0.16,29,3,2
33.6376,2,0.0,0.41,35,3,1
33.6439,2,0.0,0.01,2,3,1
33.6501,2,0.0,0.07,9,1,1
33.6561,2,0.0,0.32,20,3,1
33.6635,2,0.0,0.19,18,3,1
33.67,2,0.0,0.07,2,3,1
33.6776,4,0.0,0.2,15,3,0
33.6852,2,0.0,0.22,6,3,1
33.6908,2,0.0,0.07,3,3,1
33.6962,2,0.0,0.95,16,1,1
33.7009,2,0.0,1.13,46,3,1
33.7049,2,0.0,2.5,27,3,1
33.709,2,0.0,0.19,7,3,1
33.714,2,0.0,0.03,4,3,1
33.7181,0,0.0,0.08,14,3,2
33.7225,2,0.0,0.07,8,3,1
33.7275,2,0.0,0.17,30,3,1
33.7334,4,0.0,0.07,3,3,0
33.7381,2,0.0,0.03,3,3,1
33.7416,2,0.0,0.3,11,3,1
33.747,0,0.0,0.12,44,3,2
33.752,2,0.0,0.14,11,3,1
33.7564,2,0.0,0.11,8,3,1
33.7613,2,0.0,0.19,26,3,1
33.7661,2,0.0,0.87,17,1,1
33.7705,2,0.0,0.04,5,3,1
33.7749,2,0.0,0.2,8,3,1
33.7824,2,0.0,0.77,15,3,1
33.7874,2,0.0,0.03,2,3,1
33.7927,3,0.0,0.21,24,3,1
33.7984,2,0.0,0.05,9,3,1
33.8028,0,0.0,0.06,28,3,2
33.8064,0,0.0,1.16,17,3,2
33.8121,2,0.0,0.08,5,3,1
33.8159,2,0.0,0.03,19,3,1
33.8202,2,0.0,0.11,10,3,1
33.8253,2,0.0,0.19,10,3,1
33.8314,2,0.0,0.44,5,3,1
33.8363,3,0.0,0.16,21,3,1
33.8413,2,0.0,0.3,13,3,1
33.8469,2,0.0,0.26,8,3,1
33.851,2,0.0,0.05,2,3,1
33.8551,2,0.0,0.11,11,3,1
33.8603,2,0.0,0.02,19,3,1
33.8654,2,0.0,0.15,53,3,1
33.871,2,0.0,1.32,40,3,1
33.8761,2,35.4,3.67,29,3,1
33.8818,2,0.0,0.07,8,3,1
33.8863,2,0.0,0.19,10,3,1
33.89,2,0.0,0.24,10,3,1
33.8942,2,0.0,0.38,7,3,1
33.8996,2,0.0,0.65,9,3,1
33.9039,2,0.0,0.12,8,3,1
33.908,3,0.0,0.73,22,3,1
33.9132,2,0.0,3.12,11,3,1
33.9175,3,9.9,1.66,19,3,1
33.9227,2,0.0,0.09,6,3,1
33.9275,2,0.0,0.11,6,3,1
33.9328,2,0.0,0.12,6,3,1
33.9368,2,0.0,0.3,11,3,1
33.941,0,0.0,0.13,29,3,2
33.9463,2,0.0,1.69,13,3,1
33.951,2,0.0,2.06,45,3,1
33.9551,2,0.0,0.0,10,3,1
33.9592,2,0.0,0.22,2,3,1
33.9651,2,97.3,0.43,23,3,0
33.9692,2,0.0,0.1,8,3,1
33.9743,0,0.0,0.66,28,3,2
33.9802,2,0.0,0.52,17,3,1
33.9852,2,0.0,0.05,8,3,1
33.9893,2,0.0,0.02,3,3,1
33.9942,0,0.0,1.69,28,3,2
33.9987,3,0.0,1.03,22,3,1
34.003,2,0.0,0.31,25,3,1
34.0071,2,0.0,0.16,6,3,1
34.012,0,0.0,1.92,34,3,2
34.0171,2,0.0,0.04,1,3,1
34.0226,2,0.0,0.1,15,3,1
34.0283,2,0.0,0.18,10,3,1
34.0331,2,0.0,0.08,11,3,1
34.0382,2,0.0,0.13,8,3,1
34.0432,2,0.0,0.66,49,3,1
34.0481,2,0.0,0.13,8,3,1
34.0543,2,0.0,0.54,13,3,1
34.0591,2,0.0,0.52,30,3,1
35.0699,2,0.0,0.78,47,3,1
35.0767,2,0.0,0.99,17,3,1
35.085,2,0.0,0.04,3,3,1
35.0891,2,2.7,1.9,21,3,1
35.0956,2,0.0,0.02,3,3,1
35.1011,3,0.0,0.14,6,3,1
35.1066,2,0.0,0.81,13,3,1
35.1139,2,0.0,0.09,3,3,1
35.1202,2,0.0,0.01,2,3,1
35.1265,4,0.0,0.42,18,3,0
35.1329,2,0.0,0.13,10,3,1
35.1399,2,0.0,0.14,8,3,1
35.1455,2,0.0,0.01,2,3,1
35.1538,2,1.8,3.78,78,3,1
35.1601,2,0.0,0.22,23,3,1
35.1653,2,0.0,0.24,13,3,1
35.1722,2,0.0,0.05,6,3,1
35.1792,2,0.0,0.03,1,3,1
35.1855,0,0.0,0.09,28,3,2
35.1912,2,0.0,0.01,2,3,1
35.1961,1,0.0,0.09,16,3,2
35.202,2,0.0,0.09,9,3,1
35.2067,2,0.0,0.05,9,3,1
35.2123,2,0.0,0.03,2,3,1
35.2181,2,0.0,0.3,5,3,1
35.2224,3,0.0,0.09,21,3,1
35.2277,2,41.4,1.99,36,3,1
35.2322,2,0.0,0.34,24,3,1
35.2384,2,0.0,0.21,8,3,1
35.2456,2,0.0,0.03,2,3,1
35.2528,2,0.0,0.63,60,3,1
35.26,2,0.0,0.04,4,3,1
35.2671,2,0.0,0.73,31,1,1
35.2738,0,0.0,0.32,29,3,2
35.28,2,0.0,0.26,31,3,1
35.2844,2,0.0,0.38,11,3,1
35.2883,2,0.0,0.0,38,1,1
35.294,2,0.0,0.01,17,3,1
35.2983,2,0.0,0.13,11,3,1
35.3024,2,0.0,0.3,5,3,1
35.3067,2,0.0,0.44,48,3,1
35.3124,2,0.0,0.05,9,3,1
35.3177,2,0.0,0.08,11,3,1
35.3219,2,0.0,0.07,24,3,1
35.3265,2,0.0,0.11,7,3,1
35.3307,2,0.0,0.19,2,3,1
35.3358,2,0.0,0.06,8,3,1
35.34,2,0.0,0.01,17,3,1
35.3441,2,0.0,0.04,3,3,1
35.3496,0,0.9,1.41,29,3,2
35.353,2,0.0,0.04,4,3,1
35.3573,0,0.0,0.16,29,3,2
35.3646,2,0.0,0.41,29,3,1
35.3756,2,0.0,0.01,2,3,1
35.3863,2,0.0,0.07,9,1,1
35.3968,2,0.0,0.32,20,3,1
35.4026,2,0.0,0.19,16,3,1
35.407,2,0.0,0.07,2,3,1
35.4122,4,0.0,0.2,15,3,0
35.4167,2,0.0,0.22,6,3,1
35.4202,2,0.0,0.07,3,3,1
35.4235,2,0.0,0.95,16,1,1
35.4298,2,0.0,1.13,46,3,1
35.4342,2,0.0,2.5,27,3,1
35.4378,2,0.0,0.19,7,3,1
35.4432,2,0.0,0.03,4,3,1
35.4482,0,0.0,0.08,14,3,2
35.4526,2,0.0,0.07,8,3,1
35.4566,2,0.0,0.17,30,3,1
35.4617,4,0.0,0.07,3,3,0
35.4663,2,0.0,0.03,3,3,1
35.4694,2,0.0,0.3,11,3,1
35.4753,0,0.0,0.12,44,3,2
35.4806,2,0.0,0.14,11,3,1
35.4854,2,0.0,0.11,8,3,1
35.4897,2,0.0,0.2,26,3,1
35.4956,2,0.0,0.87,17,1,1
35.4992,2,0.0,0.04,5,3,1
35.5053,2,0.0,0.2,8,3,1
35.5092,2,0.0,0.77,15,3,1
35.5148,2,0.0,0.03,2,3,1
35.5188,3,0.0,0.21,24,3,1
35.5247,2,0.0,0.05,9,3,1
35.53,0,0.0,0.06,28,3,2
35.5348,0,0.0,1.16,17,3,2
35.5401,2,0.0,0.08,5,3,1
35.5462,2,0.0,0.03,19,3,1
35.5528,2,0.0,0.11,10,3,1
35.5582,2,0.0,0.19,10,3,1
35.5625,2,0.0,0.44,5,3,1
35.5669,3,0.0,0.16,21,3,1
35.5716,2,0.0,0.3,13,3,1
35.5778,2,0.0,0.26,8,3,1
35.5849,2,0.0,0.05,2,3,1
35.5902,2,0.0,0.11,11,3,1
35.5952,2,0.0,0.02,19,3,1
35.599,2,0.0,0.15,53,3,1
35.6033,2,0.0,1.32,40,3,1
35.6074,2,29.7,3.67,29,3,1
35.6128,2,0.0,0.07,8,3,1
35.6179,2,0.0,0.19,10,3,1
35.6222,2,0.0,0.24,10,3,1
35.6277,2,0.0,0.38,7,3,1
35.6338,2,0.0,0.65,9,3,1
35.638,2,0.0,0.12,8,3,1
35.6421,3,0.0,0.73,22,3,1
35.6472,2,0.0,3.12,11,3,1
35.6516,3,15.3,1.66,19,3,1
35.6557,2,0.0,0.09,6,3,1
35.6603,2,0.0,0.11,6,3,1
35.6643,2,0.0,0.12,6,3,1
35.6684,2,0.0,0.3,11,3,1
35.673,0,0.0,0.13,29,3,2
35.6784,2,0.0,1.69,13,3,1
35.6834,2,0.0,2.06,45,3,1
35.6874,2,0.0,0.0,10,3,1
35.6925,2,0.0,0.22,2,3,1
35.6976,2,95.5,0.43,23,3,0
35.703,2,0.0,0.1,8,3,1
35.7079,0,0.0,0.66,28,3,2
35.713,2,0.0,0.52,17,3,1
35.719,2,0.0,0.05,8,3,1
35.7289,2,0.0,0.02,3,3,1
35.7343,0,0.0,1.69,28,3,2
35.739,3,0.0,1.03,22,3,1
35.7435,2,0.0,0.31,25,3,1
35.7484,2,0.0,0.16,6,3,1
35.7525,0,0.0,1.92,34,3,2
35.7559,2,0.0,0.04,1,3,1
35.7611,2,0.0,0.1,15,3,1
35.7652,2,0.0,0.18,10,3,1
35.7701,2,0.0,0.08,11,3,1
35.7755,2,0.0,0.13,8,3,1
35.7808,2,0.9,0.66,49,3,1
35.7862,2,0.0,0.13,8,3,1
35.7904,2,0.0,0.54,13,3,1
35.7948,2,0.0,0.52,30,3,1
36.803,2,0.0,0.78,47,3,1
36.811,2,0.0,0.99,17,3,1
36.8185,2,0.0,0.04,3,3,1
36.827,2,0.9,1.9,21,3,1
36.8321,2,0.0,0.02,3,3,1
36.8389,3,0.0,0.14,6,3,1
36.8444,2,0.0,0.81,13,3,1
36.8507,2,0.0,0.09,3,3,1
36.8563,2,0.0,0.01,2,3,1
36.8622,4,0.0,0.42,18,3,0
36.8673,2,0.0,0.13,10,3,1
36.8738,2,0.0,0.14,8,3,1
36.8806,2,0.0,0.01,2,3,1
36.8883,2,0.0,3.78,78,3,1
36.8961,2,0.0,0.22,23,3,1
36.9022,2,0.0,0.24,13,3,1
36.9085,2,0.0,0.05,6,3,1
36.9148,2,0.0,0.03,1,3,1
36.9214,0,0.0,0.09,28,3,2
36.9293,2,0.0,0.01,2,3,1
36.9358,1,0.0,0.09,16,3,2
36.94,2,0.0,0.09,9,3,1
36.9464,2,0.0,0.05,9,3,1
36.9534,2,0.0,0.03,2,3,1
36.9595,2,0.0,0.3,5,3,1
36.9667,3,0.0,0.09,21,3,1
36.9716,2,42.0,1.99,36,3,1
36.9768,2,0.0,0.34,24,3,1
36.9823,2,0.0,0.21,8,3,1
36.9873,2,0.0,0.03,2,3,1
36.9933,2,0.0,0.63,60,3,1
36.9982,2,0.0,0.04,4,3,1
37.0019,2,0.0,0.73,31,1,1
37.0065,0,0.0,0.32,29,3,2
37.0123,2,0.0,0.26,31,3,1
37.018,2,0.0,0.38,11,3,1
37.0239,2,0.0,0.0,38,1,1
37.0305,2,0.0,0.01,17,3,1
37.0368,2,0.0,0.13,11,3,1
37.0431,2,0.0,0.3,5,3,1
37.0487,2,0.0,0.44,48,3,1
37.0557,2,0.0,0.05,9,3,1
37.0614,2,0.0,0.08,11,3,1
37.066,2,0.0,0.07,24,3,1
37.0699,2,0.0,0.11,7,3,1
37.0759,2,0.0,0.19,2,3,1
37.0819,2,0.0,0.06,8,3,1
37.0867,2,0.0,0.01,17,3,1
37.0921,2,0.0,0.04,3,3,1
37.0985,0,0.0,1.41,29,3,2
37.1037,2,0.0,0.04,4,3,1
37.1071,0,0.0,0.16,29,3,2
37.1122,2,0.0,0.41,29,3,1
37.1172,2,0.0,0.01,2,3,1
37.122,2,0.0,0.07,9,1,1
37.1279,2,0.0,0.32,20,3,1
37.1327,2,0.0,0.19,16,3,1
37.1372,2,0.0,0.07,2,3,1
37.1414,4,0.0,0.2,15,3,0
37.1471,2,0.0,0.22,6,3,1
37.1516,2,0.0,0.07,3,3,1
37.1548,2,0.0,0.95,16,1,1
37.16,2,0.0,1.13,46,3,1
37.1647,2,0.0,2.5,27,3,1
37.17,2,0.0,0.19,7,3,1
37.1745,2,0.0,0.03,4,3,1
37.1801,0,0.0,0.08,14,3,2
37.184,2,0.0,0.07,8,3,1
37.1881,2,0.0,0.17,30,3,1
37.1929,4,0.0,0.07,3,3,0
37.1973,2,0.0,0.03,3,3,1
37.2018,2,0.0,0.3,11,3,1
37.2058,0,0.0,0.12,44,3,2
37.21,2,0.0,0.14,11,3,1
37.2146,2,0.0,0.11,8,3,1
37.2197,2,0.0,0.19,26,3,1
37.2245,2,0.0,0.87,17,1,1
37.2303,2,0.0,0.04,5,3,1
37.2349,2,0.0,0.2,8,3,1
37.239,2,0.0,0.77,15,3,1
37.2451,2,0.0,0.03,2,3,1
37.2496,3,0.0,0.21,24,3,1
37.2537,2,0.0,0.05,9,3,1
37.2586,0,0.0,0.06,28,3,2
37.2638,0,0.0,1.16,17,3,2
37.2694,2,0.0,0.08,5,3,1
37.2756,2,0.0,0.03,19,3,1
37.2821,2,0.0,0.11,10,3,1
37.2866,2,0.0,0.19,10,3,1
37.2929,2,0.0,0.44,5,3,1
37.2993,3,0.0,0.16,21,3,1
37.3028,2,0.0,0.3,13,3,1
37.3077,2,0.0,0.26,8,3,1
37.3138,2,0.0,0.05,2,3,1
37.3188,2,0.0,0.11,11,3,1
37.3258,2,0.0,0.03,20,3,1
37.3322,2,0.0,0.15,53,3,1
37.3371,2,0.0,1.32,40,3,1
37.3423,2,19.8,3.64,29,3,1
37.3478,2,0.0,0.07,8,3,1
37.3529,2,0.0,0.19,10,3,1
37.358,2,0.0,0.24,10,3,1
37.3637,2,0.0,0.38,7,3,1
37.3699,2,0.0,0.65,9,3,1
37.3761,2,0.0,0.12,8,3,1
37.3833,3,0.0,0.73,22,3,1
37.3874,2,0.0,3.12,11,3,1
37.3931,3,10.7,1.49,19,3,1
37.3976,2,0.0,0.09,6,3,1
37.403,2,0.0,0.11,6,3,1
37.407,2,0.0,0.12,6,3,1
37.4121,2,0.0,0.3,11,3,1
37.4166,0,0.0,0.13,29,3,2
37.4215,2,0.0,1.69,13,3,1
37.4257,2,0.0,2.06,45,3,1
37.4307,2,0.0,0.0,10,3,1
37.4354,2,0.0,0.22,2,3,1
37.4394,2,97.3,0.43,23,3,0
37.4447,2,0.0,0.1,8,3,1
37.4507,0,0.0,0.66,28,3,2
37.4562,2,0.0,0.52,17,3,1
37.4609,2,0.0,0.05,8,3,1
37.4654,2,0.0,0.02,3,3,1
37.47,0,0.0,1.69,28,3,2
37.4733,3,0.0,1.03,22,3,1
37.4796,2,0.0,0.31,25,3,1
37.484,2,0.0,0.16,6,3,1
37.4894,0,0.9,1.92,34,3,2
37.4941,2,0.0,0.04,1,3,1
37.4983,2,0.0,0.1,15,3,1
37.5026,2,0.0,0.18,10,3,1
37.5067,2,0.0,0.08,11,3,1
37.5119,2,0.0,0.13,8,3,1
37.515,2,0.0,0.66,49,3,1
37.5191,2,0.0,0.13,8,3,1
37.5249,2,0.0,0.54,13,3,1
37.5309,2,0.0,0.52,30,3,1
38.546,2,0.0,0.78,47,3,1
38.5548,2,0.0,0.99,17,3,1
38.562,2,0.0,0.04,3,3,1
38.568,2,1.8,1.9,21,3,1
38.5761,2,0.0,0.02,3,3,1
38.5835,3,0.0,0.14,6,3,1
38.5927,2,0.0,0.81,13,3,1
38.6008,2,0.0,0.09,3,3,1
38.6094,2,0.0,0.01,2,3,1
38.6173,4,0.0,0.42,18,3,0
38.6247,2,0.0,0.13,10,3,1
38.6307,2,0.0,0.14,8,3,1
38.6375,2,0.0,0.01,2,3,1
38.6428,2,0.9,3.78,78,3,1
38.6488,2,0.0,0.22,23,3,1
38.6534,2,0.0,0.24,13,3,1
38.6574,2,0.0,0.05,6,3,1
38.662,2,0.0,0.03,1,3,1
38.667,0,0.0,0.09,28,3,2
38.671,2,0.0,0.01,2,3,1
38.6763,1,0.0,0.09,16,3,2
38.6809,2,0.0,0.09,9,3,1
38.6852,2,0.0,0.05,9,3,1
38.6916,2,0.0,0.03,2,3,1
38.6969,2,0.0,0.3,5,3,1
38.7013,3,0.0,0.09,21,3,1
38.7054,2,38.7,1.99,36,3,1
38.7094,2,0.0,0.34,24,3,1
38.7151,2,0.0,0.21,8,3,1
38.7201,2,0.0,0.03,2,3,1
38.7252,2,0.0,0.63,60,3,1
38.7306,2,0.0,0.04,4,3,1
38.735,2,0.0,0.73,31,1,1
38.739,0,0.0,0.32,29,3,2
38.7435,2,0.0,0.26,31,3,1
38.7479,2,0.0,0.38,11,3,1
38.7524,2,0.0,0.0,38,1,1
38.7564,2,0.0,0.01,17,3,1
38.7624,2,0.0,0.13,11,3,1
38.767,2,0.0,0.3,5,3,1
38.7718,2,0.0,0.44,48,3,1
38.7774,2,0.0,0.05,9,3,1
38.7825,2,0.0,0.08,11,3,1
38.7866,2,0.0,0.07,24,3,1
38.7909,2,0.0,0.11,7,3,1
38.7955,2,0.0,0.19,2,3,1
38.8005,2,0.0,0.06,8,3,1
38.8049,2,0.0,0.01,17,3,1
38.8117,2,0.0,0.04,3,3,1
38.8171,0,0.0,1.41,29,3,2
38.8225,2,0.0,0.04,4,3,1
38.8276,0,0.0,0.16,29,3,2
38.8339,2,0.0,0.41,29,3,1
38.8383,2,0.0,0.01,2,3,1
38.8434,2,0.0,0.06,9,1,1
38.8483,2,0.0,0.32,20,3,1
38.853,2,0.0,0.19,16,3,1
38.8579,2,0.0,0.07,2,3,1
38.8644,4,0.0,0.2,15,3,0
38.8687,2,0.0,0.22,6,3,1
38.8743,2,0.0,0.07,3,3,1
38.8798,2,0.0,0.95,16,1,1
38.8843,2,0.0,1.13,46,3,1
38.889,2,0.0,2.5,27,3,1
38.8947,2,0.0,0.19,7,3,1
38.9005,2,0.0,0.03,4,3,1
38.9052,0,0.0,0.08,14,3,2
38.9108,2,0.0,0.07,8,3,1
38.9157,2,0.0,0.17,30,3,1
38.9201,4,0.0,0.07,3,3,0
38.9244,2,0.0,0.03,3,3,1
38.9301,2,0.0,0.3,11,3,1
38.934,0,0.0,0.12,44,3,2
38.9381,2,0.0,0.14,11,3,1
38.9434,2,0.0,0.11,8,3,1
38.9489,2,0.0,0.19,26,3,1
38.9542,2,0.0,0.87,17,1,1
38.9613,2,0.9,0.04,5,3,1
38.9683,2,0.0,0.2,8,3,1
38.9743,2,0.0,0.77,15,3,1
38.9822,2,0.0,0.03,2,3,1
38.9875,3,0.0,0.21,24,3,1
38.9933,2,0.0,0.05,9,3,1
38.9984,0,0.0,0.06,28,3,2
39.0048,0,0.0,1.16,17,3,2
39.0099,2,0.0,0.08,5,3,1
39.0151,2,0.0,0.03,19,3,1
39.0184,2,0.0,0.11,10,3,1
39.025,2,0.0,0.19,10,3,1
39.0306,2,0.0,0.44,5,3,1
39.0348,3,0.0,0.16,21,3,1
39.0389,2,0.0,0.3,14,3,1
39.0447,2,0.0,0.26,8,3,1
39.0484,2,0.0,0.05,2,3,1
39.053,2,0.9,0.11,11,3,1
39.0573,2,0.0,0.03,20,3,1
39.0629,2,0.0,0.15,53,3,1
39.0679,2,0.0,1.32,40,3,1
39.0738,2,38.2,3.65,29,3,1
39.0808,2,0.0,0.07,8,3,1
39.0865,2,0.0,0.19,10,3,1
39.0915,2,0.0,0.24,10,3,1
39.0959,2,0.0,0.38,7,3,1
39.1012,2,0.0,0.65,10,3,1
39.105,2,0.0,0.12,8,3,1
39.1093,3,0.0,0.73,22,3,1
39.1134,2,0.0,3.12,11,3,1
39.1175,3,14.5,1.49,19,3,1
39.1226,2,0.0,0.09,6,3,1
39.1286,2,0.0,0.11,6,3,1
39.1327,2,0.0,0.12,6,3,1
39.1378,2,0.0,0.3,11,3,1
39.1443,0,0.0,0.13,29,3,2
39.1488,2,0.0,1.69,13,3,1
39.1551,2,0.0,2.06,45,3,1
39.1612,2,0.0,0.0,10,3,1
39.1647,2,0.0,0.22,2,3,1
39.1701,2,96.4,0.43,23,3,0
39.1759,2,0.0,0.1,8,3,1
39.1813,0,0.0,0.66,28,3,2
39.1867,2,0.0,0.52,17,3,1
39.1911,2,0.0,0.05,8,3,1
39.1962,2,0.0,0.02,3,3,1
39.1999,0,0.0,1.69,28,3,2
39.2052,3,0.0,1.03,22,3,1
39.2093,2,0.0,0.31,25,3,1
39.2149,2,0.0,0.16,6,3,1
39.2192,0,3.6,1.92,34,3,1
39.2241,2,0.0,0.04,1,3,1
39.2286,2,0.0,0.1,15,3,1
39.2324,2,0.0,0.18,10,3,1
39.2365,2,0.0,0.08,11,3,1
39.2407,2,0.0,0.13,8,3,1
39.2468,2,0.0,0.66,49,3,1
39.2505,2,0.0,0.13,8,3,1
39.2549,2,0.0,0.54,13,3,1
39.2591,2,0.0,0.52,30,3,1
40.2646,2,0.0,0.78,47,3,1
40.2734,2,0.0,0.99,17,3,1
40.282,2,0.0,0.04,3,3,1
40.2916,2,1.8,1.9,21,3,1
40.3001,2,0.0,0.02,3,3,1
40.3084,3,0.0,0.14,6,3,1
40.3166,2,0.0,0.81,13,3,1
40.3231,2,0.0,0.09,3,3,1
40.3279,2,0.0,0.01,2,3,1
40.3355,4,0.0,0.42,18,3,0
40.3423,2,0.0,0.13,10,3,1
40.3486,2,0.0,0.14,8,3,1
40.3561,2,0.0,0.01,2,3,1
40.3639,2,0.0,3.78,79,3,1
40.3736,2,0.0,0.22,23,3,1
40.3788,2,0.0,0.24,13,3,1
40.3843,2,0.0,0.05,6,3,1
40.3886,2,0.0,0.03,1,3,1
40.3934,0,0.0,0.09,28,3,2
40.3975,2,0.0,0.01,2,3,1
40.4022,1,0.0,0.09,16,3,2
40.4067,2,0.0,0.09,9,3,1
40.4127,2,0.0,0.05,9,3,1
40.4169,2,0.0,0.03,2,3,1
40.4213,2,0.0,0.3,5,3,1
40.4273,3,0.0,0.09,21,3,1
40.4321,2,40.9,1.99,36,3,1
40.436,2,0.0,0.34,24,3,1
40.4416,2,0.0,0.21,8,3,1
40.4459,2,0.0,0.03,2,3,1
40.4504,2,0.0,0.63,60,3,1
40.4549,2,0.0,0.04,4,3,1
40.4604,2,0.0,0.73,31,1,1
40.4657,0,0.0,0.32,29,3,2
40.4701,2,0.0,0.26,31,3,1
40.4752,2,0.0,0.38,11,3,1
40.4798,2,0.0,0.0,38,1,1
40.4845,2,0.0,0.01,17,3,1
40.4885,2,0.0,0.13,11,3,1
40.4937,2,0.0,0.3,5,3,1
40.5003,2,0.0,0.44,48,3,1
40.5062,2,0.0,0.05,9,3,1
40.5126,2,0.0,0.08,11,3,1
40.5182,2,0.0,0.07,24,3,1
40.5225,2,0.0,0.11,7,3,1
40.5334,2,0.0,0.19,2,3,1
40.5445,2,0.0,0.06,8,3,1
40.5544,2,0.0,0.01,17,3,1
40.5626,2,0.0,0.04,3,3,1
40.5699,0,0.0,1.41,29,3,2
40.5743,2,0.0,0.04,4,3,1
40.5801,0,0.0,0.16,29,3,2
40.584,2,0.0,0.41,29,3,1
40.5878,2,0.0,0.01,2,3,1
40.5933,2,0.0,0.06,9,1,1
40.598,2,0.0,0.31,20,3,1
40.6013,2,0.0,0.19,16,3,1
40.6056,2,0.0,0.07,2,3,1
40.6102,4,0.0,0.2,15,3,0
40.6144,2,0.0,0.22,6,3,1
40.6178,2,0.0,0.07,3,3,1
40.6227,2,0.0,0.95,16,1,1
40.6283,2,0.0,1.13,46,3,1
40.6339,2,0.0,2.5,27,3,1
40.638,2,0.0,0.19,7,3,1
40.6419,2,0.0,0.03,4,3,1
40.647,0,0.0,0.08,14,3,2
40.6508,2,0.0,0.07,8,3,1
40.6546,2,0.0,0.17,30,3,1
40.6597,4,0.0,0.07,3,3,0
40.6639,2,0.0,0.03,3,3,1
40.668,2,0.0,0.3,11,3,1
40.6727,0,0.0,0.12,44,3,2
40.6782,2,0.0,0.14,11,3,1
40.6819,2,0.0,0.11,8,3,1
40.6867,2,0.0,0.19,26,3,1
40.691,2,0.0,0.87,17,1,1
40.696,2,0.0,0.04,5,3,1
40.7007,2,0.0,0.2,8,3,1
40.7048,2,0.0,0.77,15,3,1
40.7093,2,0.0,0.03,2,3,1
40.7143,3,0.0,0.21,24,3,1
40.7199,2,0.0,0.05,9,3,1
40.7243,0,0.0,0.06,28,3,2
40.7294,0,0.9,1.16,17,3,2
40.7338,2,0.0,0.08,5,3,1
40.7379,2,0.0,0.03,19,3,1
40.7421,2,0.0,0.11,10,3,1
40.7464,2,0.0,0.19,10,3,1
40.7497,2,0.0,0.44,5,3,1
40.754,3,0.0,0.16,21,3,1
40.7591,2,0.0,0.3,14,3,1
40.7642,2,0.0,0.26,8,3,1
40.7681,2,0.0,0.05,2,3,1
40.7742,2,0.0,0.11,11,3,1
40.7787,2,0.0,0.03,20,3,1
40.7834,2,0.0,0.15,53,3,1
40.7884,2,0.0,1.32,40,3,1
40.7942,2,31.5,3.65,29,3,1
40.7994,2,0.0,0.07,8,3,1
40.804,2,0.0,0.19,10,3,1
40.8091,2,0.0,0.24,10,3,1
40.814,2,0.0,0.38,7,3,1
40.8187,2,0.0,0.65,10,3,1
40.8252,2,0.0,0.12,8,3,1
40.8321,3,0.0,0.73,22,3,1
40.8362,2,0.0,3.12,11,3,1
40.8405,3,9.1,1.36,19,3,1
40.8445,2,0.0,0.09,6,3,1
40.8492,2,0.0,0.11,6,3,1
40.8525,2,0.0,0.12,6,3,1
40.8579,2,0.0,0.3,11,3,1
40.8626,0,0.0,0.13,29,3,2
40.8666,2,0.0,1.69,13,3,1
40.8709,2,0.9,2.06,45,3,1
40.8763,2,0.0,0.0,10,3,1
40.8807,2,0.0,0.22,2,3,1
40.8857,2,97.3,0.43,23,3,0
40.8892,2,0.0,0.1,8,3,1
40.8944,0,0.0,0.66,28,3,2
40.8982,2,0.0,0.52,17,3,1
40.9024,2,0.0,0.05,8,3,1
40.9078,2,0.0,0.02,3,3,1
40.9138,0,0.0,1.69,28,3,2
40.9188,3,0.0,1.03,22,3,1
40.9265,2,0.0,0.31,25,3,1
40.9323,2,0.0,0.16,6,3,1
40.9375,0,0.0,1.92,34,3,2
40.9452,2,0.0,0.04,1,3,1
40.9534,2,0.0,0.1,15,3,1
40.9612,2,0.0,0.18,10,3,1
40.9705,2,0.0,0.08,11,3,1
40.9787,2,0.0,0.13,8,3,1
40.985,2,0.0,0.66,49,3,1
40.9931,2,0.0,0.13,8,3,1
41.0019,2,0.0,0.54,13,3,1
41.0093,2,0.0,0.52,30,3,1
42.0192,2,0.0,0.78,47,3,1
42.0278,2,0.0,0.99,17,3,1
42.0385,2,0.0,0.04,3,3,1
42.0444,2,1.8,1.9,21,3,1
42.0553,2,0.0,0.02,3,3,1
42.063,3,0.0,0.14,6,3,1
42.0708,2,0.0,0.81,13,3,1
42.078,2,0.0,0.09,3,3,1
42.0834,2,0.0,0.01,2,3,1
42.0875,4,0.0,0.42,18,3,0
42.0926,2,0.0,0.13,10,3,1
42.0971,2,0.0,0.14,8,3,1
42.1034,2,0.0,0.01,2,3,1
42.1094,2,0.0,3.78,79,3,1
42.1156,2,0.0,0.22,23,3,1
42.1232,2,0.0,0.24,13,3,1
42.1286,2,0.0,0.05,6,3,1
42.1329,2,0.0,0.03,1,3,1
42.137,0,0.0,0.09,28,3,2
42.1421,2,0.0,0.01,2,3,1
42.1471,1,0.0,0.09,16,3,2
42.1518,2,0.0,0.09,9,3,1
42.1569,2,0.0,0.05,9,3,1
42.1621,2,0.0,0.03,2,3,1
42.167,2,0.0,0.3,5,3,1
42.1714,3,0.0,0.09,21,3,1
42.1776,2,41.1,1.99,36,3,1
42.1822,2,0.0,0.34,24,3,1
42.1863,2,0.0,0.21,8,3,1
42.1906,2,0.0,0.03,2,3,1
42.1953,2,0.0,0.63,60,3,1
42.199,2,0.0,0.04,4,3,1
42.2032,2,0.0,0.73,31,1,1
42.2089,0,0.0,0.32,29,3,2
42.2141,2,0.0,0.26,31,3,1
42.2192,2,0.0,0.38,11,3,1
42.2236,2,0.0,0.0,38,1,1
42.2286,2,0.0,0.01,17,3,1
42.2331,2,0.0,0.13,11,3,1
42.2375,2,0.0,0.3,5,3,1
42.2425,2,0.0,0.44,48,3,1
42.2468,2,0.0,0.05,9,3,1
42.2513,2,0.0,0.08,11,3,1
42.2549,2,0.0,0.07,24,3,1
42.2612,2,0.0,0.11,7,3,1
42.2656,2,0.0,0.19,2,3,1
42.2694,2,0.0,0.06,8,3,1
42.2751,2,0.0,0.01,17,3,1
42.2805,2,0.0,0.04,3,3,1
42.2852,0,0.0,1.41,29,3,2
42.2888,2,0.0,0.04,4,3,1
42.2942,0,0.0,0.16,29,3,2
42.2987,2,0.0,0.41,29,3,1
42.3028,2,0.0,0.01,2,3,1
42.3089,2,0.0,0.06,9,1,1
42.3145,2,0.0,0.32,20,3,1
42.3188,2,0.0,0.19,16,3,1
42.324,2,0.0,0.07,2,3,1
42.3287,4,0.0,0.2,15,3,0
42.333,2,0.0,0.22,6,3,1
42.3367,2,0.0,0.07,3,3,1
42.341,2,0.0,0.95,16,1,1
42.3458,2,0.0,1.13,46,3,1
42.3496,2,0.0,2.5,27,3,1
42.3544,2,0.0,0.19,7,3,1
42.3597,2,0.0,0.03,4,3,1
42.3647,0,0.0,0.08,14,3,2
42.37,2,0.0,0.07,8,3,1
42.374,2,0.0,0.17,30,3,1
42.3794,4,0.0,0.07,3,3,0
42.3832,2,0.0,0.03,3,3,1
42.3873,2,0.0,0.3,11,3,1
42.3932,0,0.0,0.12,44,3,2
42.3977,2,0.0,0.14,11,3,1
42.4028,2,0.0,0.11,8,3,1
42.4086,2,0.0,0.19,26,3,1
42.4141,2,0.0,0.87,17,1,1
42.4191,2,0.0,0.04,5,3,1
42.4237,2,0.0,0.2,8,3,1
42.4286,2,0.0,0.77,15,3,1
42.4341,2,0.0,0.03,2,3,1
42.4383,3,0.0,0.21,24,3,1
42.4447,2,0.0,0.05,9,3,1
42.4506,0,0.0,0.06,28,3,2
42.4567,0,0.0,1.16,17,3,2
42.4626,2,0.0,0.08,5,3,1
42.4687,2,0.0,0.03,19,3,1
42.473,2,0.0,0.11,10,3,1
42.4784,2,0.0,0.19,10,3,1
42.4846,2,0.0,0.43,5,3,1
42.4907,3,0.0,0.16,21,3,1
42.4972,2,0.0,0.3,14,3,1
42.5017,2,0.0,0.26,8,3,1
42.5064,2,0.0,0.05,2,3,1
42.5125,2,0.0,0.11,11,3,1
42.5172,2,0.0,0.03,20,3,1
42.5217,2,0.0,0.15,53,3,1
42.527,2,0.0,1.32,40,3,1
42.5321,2,24.3,3.65,29,3,1
42.5363,2,0.0,0.07,8,3,1
42.5429,2,0.0,0.19,10,3,1
42.5484,2,0.0,0.24,10,3,1
42.5536,2,0.0,0.38,7,3,1
42.5587,2,0.0,0.65,10,3,1
42.5646,2,0.0,0.12,8,3,1
42.5703,3,0.0,0.73,22,3,1
42.5774,2,0.0,3.12,11,3,1
42.5849,3,8.0,1.36,19,3,1
42.5908,2,0.0,0.09,6,3,1
42.5972,2,0.0,0.11,6,3,1
42.6032,2,0.0,0.12,6,3,1
42.6086,2,0.0,0.3,11,3,1
42.6133,0,0.0,0.13,29,3,2
42.6181,2,0.0,1.69,13,3,1
42.6234,2,0.0,2.06,45,3,1
42.6298,2,0.0,0.0,10,3,1
42.6349,2,0.0,0.22,2,3,1
42.6402,2,95.6,0.43,23,3,0
42.6443,2,0.0,0.1,9,3,1
42.649,0,0.0,0.66,28,3,2
42.6533,2,0.0,0.52,17,3,1
42.6576,2,0.0,0.05,8,3,1
42.6623,2,0.0,0.02,3,3,1
42.666,0,0.0,1.69,28,3,2
42.6709,3,0.0,1.03,22,3,1
42.6764,2,0.0,0.31,25,3,1
42.682,2,0.0,0.16,6,3,1
42.6862,0,0.0,1.92,34,3,2
42.6906,2,0.0,0.04,1,3,1
42.6964,2,0.0,0.1,15,3,1
42.7007,2,0.0,0.18,10,3,1
42.7038,2,0.0,0.08,11,3,1
42.7084,2,0.0,0.13,8,3,1
42.7131,2,0.0,0.66,49,3,1
42.7178,2,0.0,0.13,8,3,1
42.7223,2,0.0,0.54,13,3,1
42.7271,2,0.0,0.52,30,3,1
43.7322,2,0.0,0.78,47,3,1
43.7394,2,0.0,0.99,17,3,1
43.7451,2,0.0,0.04,3,3,1
43.7613,2,4.6,1.9,21,3,1
43.7696,2,0.0,0.02,3,3,1
43.7806,3,0.0,0.14,6,3,1
43.7893,2,0.0,0.81,13,3,1
43.7965,2,0.0,0.09,3,3,1
43.8029,2,0.0,0.01,2,3,1
43.8115,4,0.0,0.42,18,3,0
43.8211,2,0.0,0.13,10,3,1
43.8323,2,0.0,0.14,8,3,1
43.8391,2,0.0,0.01,2,3,1
43.8447,2,0.0,3.78,79,3,1
43.8501,2,0.0,0.22,23,3,1
43.8555,2,0.0,0.24,13,3,1
43.8599,2,0.0,0.05,6,3,1
43.8653,2,0.0,0.03,1,3,1
43.8697,0,0.0,0.09,28,3,2
43.8746,2,0.0,0.01,2,3,1
43.8803,1,0.0,0.09,16,3,2
43.8841,2,0.0,0.09,9,3,1
43.8882,2,0.0,0.05,9,3,1
43.8942,2,0.0,0.03,2,3,1
43.8984,2,0.0,0.3,5,3,1
43.9027,3,0.0,0.09,21,3,1
43.9074,2,42.4,1.99,36,3,1
43.9145,2,0.0,0.34,24,3,1
43.9189,2,0.0,0.21,8,3,1
43.9245,2,0.0,0.03,2,3,1
43.9296,2,0.0,0.63,60,3,1
43.9335,2,0.0,0.04,4,3,1
43.9381,2,0.0,0.73,31,1,1
43.9425,0,0.0,0.32,29,3,2
43.9471,2,0.0,0.26,31,3,1
43.9515,2,0.0,0.38,11,3,1
43.9552,2,0.0,0.0,38,1,1
43.9612,2,0.0,0.01,17,3,1
43.9659,2,0.0,0.13,11,3,1
43.9714,2,0.0,0.3,5,3,1
43.9769,2,0.0,0.44,48,3,1
43.9822,2,0.0,0.05,9,3,1
43.9862,2,0.0,0.08,11,3,1
43.9905,2,0.0,0.07,24,3,1
43.995,2,0.0,0.11,7,3,1
43.9993,2,0.0,0.19,1,3,1
44.0033,2,0.0,0.06,8,3,1
44.0096,2,0.0,0.01,17,3,1
44.015,2,0.0,0.04,3,3,1
44.0199,0,0.0,1.41,29,3,2
44.0252,2,0.0,0.04,4,3,1
44.0292,0,0.0,0.16,29,3,2
44.0334,2,0.0,0.41,29,3,1
44.0376,2,0.0,0.01,2,3,1
44.0442,2,0.0,0.06,9,1,1
44.0485,2,0.0,0.32,20,3,1
44.0537,2,0.0,0.19,16,3,1
44.0595,2,0.0,0.07,2,3,1
44.0643,4,0.0,0.2,15,3,0
44.0684,2,0.0,0.22,6,3,1
44.0727,2,0.0,0.07,3,3,1
44.0783,2,0.0,0.95,16,1,1
44.0835,2,0.0,1.13,46,3,1
44.0878,2,0.0,2.51,27,3,1
44.093,2,0.0,0.19,7,3,1
44.0983,2,0.0,0.03,4,3,1
44.1036,0,0.0,0.08,14,3,2
44.1102,2,0.0,0.07,8,3,1
44.1178,2,0.0,0.17,30,3,1
44.1242,4,0.0,0.07,3,3,0
44.1296,2,0.0,0.03,3,3,1
44.1344,2,0.0,0.3,11,3,1
44.139,0,0.0,0.12,44,3,2
44.1445,2,0.0,0.14,11,3,1
44.1482,2,0.0,0.11,8,3,1
44.1519,2,0.0,0.19,26,3,1
44.1567,2,0.0,0.87,17,1,1
44.1625,2,0.0,0.04,5,3,1
44.1666,2,0.0,0.2,8,3,1
44.1721,2,0.0,0.8,26,3,1
44.1782,2,0.0,0.03,2,3,1
44.1819,3,0.0,0.21,24,3,1
44.1868,2,0.0,0.05,9,3,1
44.1913,0,0.0,0.06,28,3,2
44.1954,0,0.9,1.14,27,3,2
44.1991,2,0.0,0.08,5,3,1
44.204,2,0.0,0.03,19,3,1
44.2095,2,0.0,0.11,10,3,1
44.2139,2,0.0,0.19,10,3,1
44.2182,2,0.0,0.43,5,3,1
44.2234,3,0.0,0.16,21,3,1
44.2286,2,0.0,0.3,14,3,1
44.2323,2,0.0,0.26,8,3,1
44.2366,2,0.0,0.05,2,3,1
44.2419,2,0.0,0.11,11,3,1
44.2466,2,0.0,0.03,20,3,1
44.2517,2,0.0,0.15,53,3,1
44.2586,2,0.0,1.32,40,3,1
44.2652,2,31.5,3.63,29,3,1
44.2695,2,0.0,0.07,8,3,1
44.275,2,0.0,0.19,10,3,1
44.2795,2,0.0,0.24,10,3,1
44.2845,2,0.0,0.38,7,3,1
44.2885,2,0.0,0.65,10,3,1
44.2938,2,0.0,0.12,8,3,1
44.2973,3,0.0,0.73,22,3,1
44.3018,2,0.0,3.12,11,3,1
44.3066,3,10.0,1.36,19,3,1
44.3117,2,0.0,0.09,6,3,1
44.3164,2,0.0,0.11,6,3,1
44.3206,2,0.0,0.12,6,3,1
44.326,2,0.0,0.3,11,3,1
44.3303,0,0.0,0.13,29,3,2
44.3349,2,0.0,1.69,13,3,1
44.3407,2,0.9,2.06,46,3,1
44.3472,2,0.0,0.0,10,3,1
44.3557,2,0.0,0.22,2,3,1
44.3613,2,97.3,0.43,23,3,0
44.3671,2,0.0,0.1,8,3,1
44.3724,0,0.0,0.66,28,3,2
44.3776,2,0.0,0.52,17,3,1
44.3826,2,0.0,0.05,8,3,1
44.3873,2,0.0,0.02,3,3,1
44.3916,0,0.0,1.69,28,3,2
44.3956,3,0.0,1.03,22,3,1
44.3992,2,0.0,0.31,25,3,1
44.4031,2,0.0,0.16,6,3,1
44.409,0,0.0,1.92,34,3,2
44.4134,2,0.0,0.04,1,3,1
44.4177,2,0.0,0.1,15,3,1
44.4229,2,0.0,0.18,10,3,1
44.4275,2,0.0,0.08,11,3,1
44.4322,2,0.0,0.13,8,3,1
44.4359,2,0.0,0.66,49,3,1
44.4399,2,0.0,0.13,8,3,1
44.4449,2,0.0,0.54,13,3,1
44.4494,2,0.9,0.53,30,3,1
45.4639,2,0.9,0.78,47,3,1
45.471,2,0.0,0.99,17,3,1
45.4767,2,0.0,0.04,3,3,1
45.4856,2,1.8,1.9,21,3,1
45.4921,2,0.0,0.02,3,3,1
45.5013,3,0.0,0.14,6,3,1
45.5086,2,0.0,0.81,13,3,1
45.5131,2,0.0,0.09,3,3,1
45.5219,2,0.0,0.01,2,3,1
45.5301,4,0.0,0.42,18,3,0
45.5356,2,0.0,0.13,10,3,1
45.5414,2,0.0,0.14,8,3,1
45.5469,2,0.0,0.01,2,3,1
45.5525,2,0.9,3.78,79,3,1
45.5585,2,0.0,0.22,23,3,1
45.563,2,0.0,0.24,13,3,1
45.5661,2,0.0,0.05,6,3,1
45.5703,2,0.0,0.03,1,3,1
45.5761,0,0.0,0.09,28,3,2
45.5803,2,0.0,0.01,2,3,1
45.5857,1,0.0,0.09,16,3,2
45.5913,2,0.0,0.09,9,3,1
45.5954,2,0.0,0.05,9,3,1
45.5991,2,0.0,0.03,2,3,1
45.6037,2,0.0,0.3,5,3,1
45.6086,3,0.0,0.09,21,3,1
45.614,2,40.4,1.99,36,3,1
45.6204,2,0.0,0.34,24,3,1
45.6266,2,0.0,0.21,8,3,1
45.6309,2,0.0,0.03,2,3,1
45.6363,2,0.0,0.63,60,3,1
45.6421,2,0.0,0.04,4,3,1
45.6455,2,0.0,0.73,31,1,1
45.6514,0,0.0,0.32,29,3,2
45.6565,2,0.0,0.26,31,3,1
45.6617,2,0.0,0.38,11,3,1
45.6663,2,0.0,0.0,38,1,1
45.6711,2,0.0,0.01,17,3,1
45.6754,2,0.0,0.13,11,3,1
45.6797,2,0.0,0.3,5,3,1
45.685,2,0.0,0.44,48,3,1
45.6897,2,0.0,0.05,9,3,1
45.6951,2,0.0,0.08,11,3,1
45.6986,2,0.0,0.07,24,3,1
45.7031,2,0.0,0.11,7,3,1
45.7083,2,0.0,0.19,2,3,1
45.7143,2,0.0,0.06,8,3,1
45.7186,2,0.0,0.01,17,3,1
45.722,2,0.0,0.04,3,3,1
45.7275,0,0.0,1.41,29,3,2
45.7334,2,0.0,0.04,4,3,1
45.7454,0,0.0,0.16,29,3,2
45.7547,2,0.0,0.41,29,3,1
45.7633,2,0.0,0.01,2,3,1
45.7683,2,0.0,0.06,9,1,1
45.773,2,0.0,0.32,20,3,1
45.7781,2,0.0,0.19,16,3,1
45.7819,2,0.0,0.07,2,3,1
45.7863,4,0.0,0.2,15,3,0
45.7912,2,0.0,0.22,6,3,1
45.7963,2,0.0,0.07,3,3,1
45.8009,2,0.0,0.95,16,1,1
45.8055,2,0.0,1.13,46,3,1
45.8096,2,0.0,2.51,27,3,1
45.8153,2,0.0,0.19,7,3,1
45.8199,2,0.0,0.03,4,3,1
45.8244,0,0.0,0.08,14,3,2
45.8295,2,0.0,0.07,8,3,1
45.8334,2,0.0,0.17,30,3,1
45.8375,4,0.0,0.07,3,3,0
45.8437,2,0.0,0.03,3,3,1
45.8482,2,0.0,0.3,11,3,1
45.8521,0,0.0,0.12,44,3,2
45.8572,2,0.0,0.14,11,3,1
45.8622,2,0.0,0.11,8,3,1
45.8662,2,0.0,0.19,26,3,1
45.8699,2,0.0,0.87,17,1,1
45.8769,2,0.0,0.04,5,3,1
45.8812,2,0.0,0.2,8,3,1
45.8861,2,1.8,0.81,26,3,1
45.892,2,0.0,0.03,2,3,1
45.8973,3,0.0,0.21,24,3,1
45.9031,2,0.0,0.05,9,3,1
45.9101,0,0.0,0.06,28,3,2
45.9144,0,3.6,1.11,27,3,1
45.9188,2,0.0,0.08,5,3,1
45.9233,2,0.0,0.03,19,3,1
45.9269,2,0.0,0.11,10,3,1
45.9304,2,0.0,0.19,10,3,1
45.9348,2,0.0,0.43,5,3,1
45.9403,3,0.0,0.16,21,3,1
45.9448,2,0.0,0.3,14,3,1
45.9488,2,0.0,0.26,8,3,1
45.9531,2,0.0,0.05,2,3,1
45.9571,2,0.0,0.11,11,3,1
45.9625,2,0.0,0.03,20,3,1
45.9673,2,0.0,0.15,53,3,1
45.9718,2,1.8,1.32,40,3,1
45.9766,2,36.7,3.64,29,3,1
45.9802,2,0.0,0.07,8,3,1
45.9854,2,0.0,0.19,10,3,1
45.9898,2,0.0,0.24,10,3,1
45.9947,2,0.0,0.38,7,3,1
45.9995,2,0.0,0.65,10,3,1
46.0036,2,0.0,0.12,8,3,1
46.0087,3,0.0,0.73,22,3,1
46.0133,2,0.0,3.12,11,3,1
46.0174,3,8.2,1.36,19,3,1
46.0217,2,0.0,0.09,6,3,1
46.0272,2,0.0,0.11,6,3,1
46.0326,2,0.0,0.12,6,3,1
46.0369,2,0.0,0.3,11,3,1
46.0425,0,0.0,0.13,29,3,2
46.0471,2,0.0,1.69,13,3,1
46.0515,2,0.0,2.06,46,3,1
46.0566,2,0.0,0.0,10,3,1
46.0611,2,0.0,0.22,2,3,1
46.0653,2,92.7,0.43,23,3,0
46.0706,2,0.0,0.1,8,3,1
46.0748,0,0.0,0.66,28,3,2
46.0808,2,0.0,0.52,17,3,1
46.0851,2,0.0,0.05,8,3,1
46.0898,2,0.0,0.02,3,3,1
46.0948,0,0.0,1.69,28,3,2
46.0993,3,0.0,1.03,22,3,1
46.1029,2,2.8,0.31,25,3,1
46.1086,2,0.0,0.16,6,3,1
46.1124,0,0.9,1.92,34,3,2
46.1165,2,0.0,0.04,1,3,1
46.1218,2,0.0,0.1,15,3,1
46.128,2,0.0,0.18,10,3,1
46.1341,2,0.0,0.08,11,3,1
46.1398,2,0.0,0.13,8,3,1
46.1451,2,0.0,0.66,49,3,1
46.1494,2,0.0,0.13,8,3,1
46.1539,2,0.0,0.54,13,3,1
46.1579,2,0.0,0.52,30,3,1
47.1661,2,0.0,0.78,47,3,1
47.1753,2,0.0,0.99,17,3,1
47.1843,2,0.0,0.04,3,3,1
47.1941,2,3.7,1.9,21,3,1
47.2038,2,0.0,0.02,3,3,1
47.2127,3,0.0,0.14,6,3,1
47.2208,2,0.0,0.81,13,3,1
47.2298,2,0.0,0.09,3,3,1
47.2381,2,0.0,0.01,2,3,1
47.2449,4,0.0,0.42,18,3,0
47.2542,2,0.0,0.13,10,3,1
47.2612,2,0.0,0.14,8,3,1
47.2701,2,0.0,0.01,2,3,1
47.2774,2,1.8,3.78,79,3,1
47.2849,2,0.0,0.22,23,3,1
47.2914,2,0.0,0.24,13,3,1
47.2972,2,0.0,0.05,6,3,1
47.302,2,0.0,0.03,1,3,1
47.3079,0,0.0,0.09,28,3,2
47.3129,2,0.0,0.01,2,3,1
47.3179,1,0.0,0.09,16,3,2
47.3257,2,0.0,0.09,9,3,1
47.3311,2,0.0,0.05,9,3,1
47.3379,2,0.0,0.03,2,3,1
47.3446,2,0.0,0.3,5,3,1
47.3485,3,0.0,0.09,21,3,1
47.3526,2,42.3,1.99,36,3,1
47.3582,2,0.0,0.34,24,3,1
47.3623,2,0.0,0.21,8,3,1
47.367,2,0.0,0.03,2,3,1
47.3724,2,0.0,0.63,60,3,1
47.3767,2,0.0,0.04,4,3,1
47.381,2,0.0,0.73,31,1,1
47.3861,0,0.0,0.32,29,3,2
47.3913,2,0.0,0.26,31,3,1
47.397,2,0.9,0.38,11,3,1
47.4025,2,0.0,0.0,38,1,1
47.4088,2,0.0,0.01,17,3,1
47.4156,2,0.0,0.13,11,3,1
47.4215,2,0.0,0.3,5,3,1
47.4271,2,0.0,0.44,48,3,1
47.4307,2,0.0,0.05,9,3,1
47.4357,2,0.0,0.08,11,3,1
47.4418,2,0.0,0.07,24,3,1
47.4472,2,0.0,0.11,7,3,1
47.4517,2,0.0,0.19,2,3,1
47.458,2,0.0,0.06,8,3,1
47.4629,2,0.0,0.01,17,3,1
47.4669,2,0.0,0.04,3,3,1
47.4723,0,0.0,1.41,29,3,2
47.4773,2,0.0,0.04,4,3,1
47.482,0,0.0,0.16,29,3,2
47.4895,2,0.0,0.41,29,3,1
47.4978,2,0.0,0.01,2,3,1
47.5062,2,0.0,0.06,9,1,1
47.5132,2,0.0,0.32,20,3,1
47.5207,2,0.0,0.19,16,3,1
47.5284,2,0.0,0.07,2,3,1
47.5346,4,0.0,0.2,15,3,0
47.5427,2,0.0,0.22,6,3,1
47.5492,2,0.0,0.07,3,3,1
47.5557,2,0.0,0.95,16,1,1
47.5607,2,0.0,1.13,46,3,1
47.5672,2,0.0,2.51,27,3,1
47.5741,2,0.0,0.19,7,3,1
47.5803,2,0.0,0.03,4,3,1
47.5862,0,0.0,0.08,14,3,2
47.5914,2,0.0,0.07,8,3,1
47.5969,2,0.0,0.17,30,3,1
47.6016,4,0.0,0.07,3,3,0
47.6066,2,0.0,0.03,3,3,1
47.612,2,0.0,0.3,11,3,1
47.6196,0,0.0,0.12,44,3,2
47.6263,2,0.0,0.14,11,3,1
47.6319,2,0.0,0.11,8,3,1
47.6388,2,0.0,0.19,26,3,1
47.6434,2,0.0,0.87,17,1,1
47.648,2,0.9,0.04,5,3,1
47.6522,2,0.0,0.2,8,3,1
47.6588,2,0.0,0.81,26,3,1
47.6645,2,0.0,0.03,2,3,1
47.6691,3,0.0,0.21,24,3,1
47.6751,2,0.0,0.05,9,3,1
47.6802,0,0.0,0.06,28,3,2
47.6846,0,0.0,1.11,27,3,2
47.6901,2,0.0,0.08,5,3,1
47.6953,2,0.0,0.03,19,3,1
47.7025,2,0.0,0.11,10,3,1
47.7089,2,0.0,0.19,10,3,1
47.7147,2,0.0,0.43,5,3,1
47.7203,3,0.0,0.16,21,3,1
47.7258,2,0.0,0.3,14,3,1
47.7301,2,0.0,0.26,8,3,1
47.735,2,0.0,0.05,2,3,1
47.7403,2,0.0,0.11,11,3,1
47.7444,2,0.0,0.03,20,3,1
47.7491,2,0.0,0.15,53,3,1
47.7546,2,0.0,1.32,40,3,1
47.7612,2,29.0,3.64,29,3,1
47.766,2,0.0,0.07,8,3,1
47.7707,2,0.0,0.19,10,3,1
47.7751,2,0.0,0.24,10,3,1
47.7806,2,0.0,0.38,7,3,1
47.785,2,0.0,0.65,10,3,1
47.7901,2,0.0,0.12,8,3,1
47.7955,3,0.0,0.73,22,3,1
47.8015,2,0.0,3.12,11,3,1
47.8076,3,10.5,1.37,19,3,1
47.8133,2,0.0,0.09,6,3,1
47.8189,2,0.0,0.11,6,3,1
47.8237,2,0.0,0.12,6,3,1
47.829,2,0.0,0.3,11,3,1
47.8335,0,0.0,0.13,29,3,2
47.8393,2,0.9,1.69,13,3,1
47.8445,2,0.0,2.06,46,3,1
47.8484,2,0.0,0.0,10,3,1
47.8533,2,0.0,0.22,2,3,1
47.8585,2,96.5,0.43,23,3,0
47.8633,2,0.0,0.1,8,3,1
47.8673,0,0.0,0.66,28,3,2
47.8726,2,0.0,0.52,17,3,1
47.8779,2,0.0,0.05,8,3,1
47.8825,2,0.0,0.02,3,3,1
47.8876,0,0.0,1.69,28,3,2
47.8932,3,0.0,1.03,22,3,1
47.8979,2,0.0,0.31,25,3,1
47.9024,2,0.0,0.16,6,3,1
47.9072,0,0.0,1.92,34,3,2
47.9124,2,0.0,0.04,1,3,1
47.9183,2,0.0,0.1,15,3,1
47.9239,2,0.0,0.18,10,3,1
47.9282,2,0.0,0.08,11,3,1
47.9324,2,0.0,0.13,8,3,1
47.9369,2,0.0,0.66,49,3,1
47.9432,2,0.0,0.13,8,3,1
47.9473,2,0.0,0.54,13,3,1
47.9517,2,0.0,0.52,30,3,1
48.9657,2,0.9,0.78,47,3,1
48.9725,2,0.0,0.99,17,3,1
48.9811,2,0.0,0.04,3,3,1
48.9882,2,0.9,1.9,21,3,1
48.997,2,0.0,0.02,3,3,1
49.0044,3,0.0,0.14,6,3,1
49.0123,2,0.0,0.81,13,3,1
49.0177,2,0.0,0.09,3,3,1
49.0233,2,0.0,0.01,2,3,1
49.0287,4,0.0,0.42,18,3,0
49.0362,2,0.0,0.13,10,3,1
49.0414,2,0.0,0.14,8,3,1
49.0476,2,0.0,0.01,2,3,1
49.0551,2,0.0,3.78,79,3,1
49.0599,2,0.0,0.22,23,3,1
49.0655,2,0.0,0.24,13,3,1
49.0699,2,0.0,0.05,6,3,1
49.0754,2,0.0,0.03,1,3,1
49.0794,0,0.0,0.09,28,3,2
49.0842,2,0.0,0.01,2,3,1
49.0893,1,0.0,0.09,16,3,2
49.0933,2,0.0,0.09,9,3,1
49.0981,2,0.0,0.05,9,3,1
49.1034,2,0.0,0.03,2,3,1
49.109,2,0.0,0.3,5,3,1
49.1127,3,0.0,0.09,21,3,1
49.1183,2,41.6,2.0,36,3,1
49.1242,2,0.0,0.34,24,3,1
49.1296,2,0.0,0.21,8,3,1
49.1343,2,0.0,0.03,2,3,1
49.1389,2,0.0,0.63,60,3,1
49.1439,2,0.0,0.04,4,3,1
49.1474,2,0.0,0.73,31,1,1
49.1535,0,0.0,0.32,29,3,2
49.1591,2,0.0,0.26,31,3,1
49.1642,2,0.0,0.38,11,3,1
49.1694,2,0.0,0.0,38,1,1
49.1753,2,0.0,0.01,17,3,1
49.1806,2,0.0,0.13,11,3,1
49.1874,2,0.0,0.3,5,3,1
49.1952,2,0.0,0.44,48,3,1
49.2017,2,0.0,0.05,9,3,1
49.2072,2,0.0,0.08,11,3,1
49.2129,2,0.0,0.07,24,3,1
49.2192,2,0.0,0.11,7,3,1
49.225,2,0.0,0.19,2,3,1
49.2298,2,0.0,0.06,8,3,1
49.2337,2,0.0,0.01,17,3,1
49.239,2,0.0,0.04,3,3,1
49.2442,0,0.0,1.41,29,3,2
49.2473,2,0.0,0.04,4,3,1
49.2517,0,0.0,0.16,29,3,2
49.257,2,0.0,0.41,29,3,1
49.2611,2,0.0,0.01,2,3,1
49.2654,2,0.0,0.06,9,1,1
49.2691,2,0.0,0.32,20,3,1
49.2755,2,0.0,0.19,16,3,1
49.2812,2,0.0,0.08,3,3,1
49.2856,4,0.0,0.2,15,3,0
49.2911,2,0.0,0.22,6,3,1
49.2957,2,0.0,0.07,3,3,1
49.2997,2,0.0,0.95,16,1,1
49.3051,2,0.0,1.13,46,3,1
49.3111,2,0.0,2.51,27,3,1
49.3149,2,0.0,0.19,7,3,1
49.3193,2,0.0,0.03,4,3,1
49.3254,0,0.0,0.08,14,3,2
49.3305,2,0.0,0.07,8,3,1
49.3354,2,0.0,0.17,30,3,1
49.3403,4,0.0,0.07,3,3,0
49.3459,2,0.0,0.03,3,3,1
49.3516,2,0.0,0.3,11,3,1
49.3572,0,0.0,0.12,44,3,2
49.3618,2,0.0,0.14,11,3,1
49.3658,2,0.0,0.11,8,3,1
49.3702,2,0.0,0.19,26,3,1
49.3768,2,0.0,0.87,17,1,1
49.3819,2,0.0,0.04,5,3,1
49.386,2,0.0,0.2,8,3,1
49.3913,2,0.0,0.81,26,3,1
49.3954,2,0.0,0.03,2,3,1
49.3991,3,0.0,0.21,24,3,1
49.4039,2,0.0,0.05,9,3,1
49.4097,0,0.0,0.06,28,3,2
49.4139,0,0.0,1.11,27,3,2
49.4203,2,0.0,0.08,5,3,1
49.4283,2,0.0,0.03,19,3,1
49.4339,2,0.0,0.11,10,3,1
49.4406,2,0.0,0.19,10,3,1
49.4462,2,0.0,0.43,5,3,1
49.4512,3,0.0,0.16,21,3,1
49.4552,2,0.0,0.3,14,3,1
49.4596,2,0.0,0.26,8,3,1
49.4638,2,0.0,0.05,2,3,1
49.4691,2,0.0,0.11,11,3,1
49.4745,2,0.0,0.03,20,3,1
49.4798,2,0.0,0.15,53,3,1
49.4848,2,0.0,1.32,40,3,1
49.4898,2,36.9,3.65,29,3,1
49.495,2,0.0,0.07,8,3,1
49.4996,2,0.0,0.19,10,3,1
49.504,2,0.0,0.24,10,3,1
49.5096,2,0.0,0.38,7,3,1
49.514,2,0.0,0.65,10,3,1
49.5181,2,0.0,0.12,8,3,1
49.5223,3,0.0,0.73,22,3,1
49.529,2,0.0,3.12,11,3,1
49.5338,3,7.2,1.37,19,3,1
49.5385,2,0.0,0.09,6,3,1
49.5435,2,0.0,0.11,6,3,1
49.5481,2,0.0,0.12,6,3,1
49.5526,2,0.0,0.3,11,3,1
49.559,0,0.0,0.13,29,3,2
49.5639,2,0.0,1.69,13,3,1
49.5717,2,0.9,2.06,46,3,1
49.5781,2,0.0,0.0,10,3,1
49.5835,2,0.0,0.22,2,3,1
49.5889,2,97.3,0.43,23,3,0
49.5941,2,0.0,0.1,8,3,1
49.5983,0,0.0,0.66,28,3,2
49.6027,2,0.0,0.52,17,3,1
49.6073,2,0.0,0.05,8,3,1
49.6119,2,0.0,0.02,3,3,1
49.616,0,0.0,1.69,28,3,2
49.6202,3,0.0,1.03,22,3,1
49.6251,2,0.0,0.31,25,3,1
49.6308,2,0.0,0.16,6,3,1
49.6346,0,1.8,1.92,34,3,2
49.6402,2,0.0,0.04,1,3,1
49.6452,2,0.0,0.1,15,3,1
49.65,2,0.0,0.18,10,3,1
49.656,2,0.0,0.08,11,3,1
49.6594,2,0.0,0.13,8,3,1
49.6642,2,0.0,0.66,49,3,1
49.6685,2,0.0,0.13,8,3,1
49.6748,2,0.0,0.54,13,3,1
49.6799,2,0.0,0.52,30,3,1
50.6858,2,0.9,0.78,47,3,1
50.6939,2,0.0,0.99,17,3,1
50.7041,2,0.0,0.04,3,3,1
50.7124,2,0.0,1.9,21,3,1
50.7199,2,0.0,0.02,3,3,1
50.7259,3,0.0,0.14,6,3,1
50.7328,2,0.0,0.81,13,3,1
50.739,2,0.0,0.09,3,3,1
50.7471,2,0.0,0.01,2,3,1
50.7531,4,0.0,0.42,18,3,0
50.7621,2,0.0,0.13,10,3,1
50.7704,2,0.0,0.14,8,3,1
50.7758,2,0.0,0.01,2,3,1
50.7822,2,0.9,3.78,79,3,1
50.7871,2,0.0,0.22,23,3,1
50.7928,2,0.0,0.24,13,3,1
50.7973,2,0.0,0.05,6,3,1
50.8008,2,0.0,0.03,1,3,1
50.8058,0,0.0,0.09,28,3,2
50.8106,2,0.0,0.01,2,3,1
50.8154,1,0.0,0.09,16,3,2
50.8203,2,0.0,0.09,9,3,1
50.8263,2,0.0,0.05,9,3,1
50.8306,2,0.0,0.03,2,3,1
50.8366,2,0.0,0.3,5,3,1
50.8424,3,0.0,0.09,21,3,1
50.8489,2,38.7,2.0,36,3,1
50.8553,2,0.0,0.34,24,3,1
50.8621,2,0.0,0.21,8,3,1
50.8686,2,0.0,0.03,2,3,1
50.8769,2,0.0,0.63,60,3,1
50.8821,2,0.0,0.04,4,3,1
50.8867,2,0.0,0.73,31,1,1
50.892,0,0.0,0.32,29,3,2
50.8961,2,0.0,0.26,31,3,1
50.9019,2,0.0,0.38,11,3,1
50.9067,2,0.0,0.0,38,1,1
50.912,2,0.0,0.01,17,3,1
50.9172,2,0.0,0.13,11,3,1
50.9236,2,0.0,0.3,5,3,1
50.9298,2,0.0,0.44,48,3,1
50.9342,2,0.0,0.05,9,3,1
50.9391,2,0.0,0.08,11,3,1
50.9593,2,0.0,0.07,24,3,1
50.9701,2,0.0,0.11,7,3,1
50.9767,2,0.0,0.19,2,3,1
50.9835,2,0.0,0.06,8,3,1
50.9915,2,0.0,0.01,17,3,1
50.9955,2,0.0,0.04,3,3,1
51.001,0,0.0,1.41,29,3,2
51.0066,2,0.0,0.04,4,3,1
51.0114,0,0.0,0.16,29,3,2
51.0159,2,0.0,0.41,29,3,1
51.0201,2,0.0,0.01,2,3,1
51.0254,2,0.0,0.06,9,1,1
51.0306,2,1.8,0.32,20,3,1
51.0346,2,0.0,0.19,16,3,1
51.0401,2,0.0,0.08,3,3,1
51.0443,4,0.0,0.2,15,3,0
51.0492,2,0.0,0.22,6,3,1
51.0534,2,0.0,0.07,3,3,1
51.0586,2,0.0,0.95,16,1,1
51.063,2,0.0,1.13,46,3,1
51.068,2,0.9,2.51,27,3,1
51.0726,2,0.0,0.19,7,3,1
51.0782,2,0.0,0.03,4,3,1
51.0822,0,0.0,0.08,14,3,2
51.0875,2,0.0,0.07,8,3,1
51.093,2,0.0,0.17,30,3,1
51.0979,4,0.0,0.07,3,3,0
51.1025,2,0.0,0.03,3,3,1
51.1083,2,0.0,0.3,11,3,1
51.1133,0,0.0,0.12,44,3,2
51.1175,2,0.0,0.14,11,3,1
51.1235,2,0.0,0.11,8,3,1
51.1281,2,0.9,0.2,26,3,1
51.1333,2,0.0,0.87,17,1,1
51.1382,2,0.0,0.04,5,3,1
51.1427,2,0.0,0.2,8,3,1
51.147,2,0.0,0.81,26,3,1
51.1517,2,0.0,0.03,2,3,1
51.1583,3,0.0,0.21,24,3,1
51.1632,2,0.0,0.05,9,3,1
51.1683,0,0.0,0.06,28,3,2
51.1736,0,0.0,1.11,27,3,2
51.1786,2,0.0,0.08,5,3,1
51.1843,2,0.0,0.03,19,3,1
51.1902,2,0.0,0.11,10,3,1
51.1972,2,0.0,0.19,10,3,1
51.204,2,0.0,0.43,5,3,1
51.2102,3,0.0,0.16,21,3,1
51.2175,2,0.0,0.3,14,3,1
51.2248,2,0.0,0.26,8,3,1
51.2303,2,0.0,0.05,2,3,1
51.2356,2,0.0,0.11,11,3,1
51.2407,2,0.0,0.03,20,3,1
51.2449,2,0.0,0.15,53,3,1
51.2492,2,0.0,1.32,40,3,1
51.2543,2,33.6,3.67,29,3,1
51.26,2,0.0,0.07,8,3,1
51.2648,2,0.0,0.19,10,3,1
51.2696,2,0.0,0.24,10,3,1
51.2747,2,0.0,0.38,7,3,1
51.2792,2,0.0,0.65,10,3,1
51.2833,2,0.0,0.12,8,3,1
51.2878,3,0.0,0.73,22,3,1
51.2933,2,0.0,3.12,11,3,1
51.2969,3,14.2,1.37,19,3,1
51.3023,2,0.0,0.09,6,3,1
51.3085,2,0.0,0.11,6,3,1
51.3145,2,0.0,0.12,6,3,1
51.3221,2,0.0,0.3,11,3,1
51.3282,0,0.0,0.13,29,3,2
51.3333,2,0.0,1.69,13,3,1
51.3385,2,0.0,2.06,46,3,1
51.3436,2,0.0,0.0,10,3,1
51.3474,2,0.0,0.22,2,3,1
51.3521,2,100.0,0.43,23,3,0
51.3568,2,0.0,0.1,8,3,1
51.3627,0,0.0,0.66,28,3,2
51.3685,2,0.0,0.52,17,3,1
51.3761,2,0.0,0.05,8,3,1
51.3832,2,0.0,0.02,3,3,1
51.3881,0,0.0,1.69,28,3,2
51.3937,3,0.0,1.03,22,3,1
51.3974,2,0.0,0.31,25,3,1
51.4012,2,0.0,0.16,6,3,1
51.4062,0,0.0,1.92,34,3,2
51.4115,2,0.0,0.04,1,3,1
51.416,2,0.0,0.1,15,3,1
51.4215,2,0.0,0.18,10,3,1
51.4265,2,0.0,0.08,11,3,1
51.4308,2,0.0,0.13,8,3,1
51.4346,2,0.0,0.66,49,3,1
51.4402,2,0.0,0.13,8,3,1
51.4443,2,0.0,0.54,13,3,1
51.449,2,0.0,0.52,30,3,1
52.455,2,0.0,0.78,47,3,1
52.462,2,0.0,0.99,17,3,1
52.47,2,0.0,0.04,3,3,1
52.4797,2,0.9,1.9,21,3,1
52.4888,2,0.0,0.02,3,3,1
52.4959,3,0.0,0.14,6,3,1
52.5041,2,0.0,0.81,13,3,1
52.5127,2,0.0,0.09,3,3,1
52.52,2,0.0,0.01,2,3,1
52.528,4,0.0,0.42,18,3,0
52.5353,2,0.0,0.13,10,3,1
52.5411,2,0.0,0.14,8,3,1
52.5474,2,0.0,0.01,2,3,1
52.5534,2,0.0,3.78,79,3,1
52.5611,2,0.0,0.22,23,3,1
52.5691,2,0.0,0.24,13,3,1
52.5775,2,0.0,0.05,6,3,1
52.5858,2,0.0,0.03,1,3,1
52.5938,0,0.0,0.09,28,3,2
52.603,2,0.0,0.01,2,3,1
52.6085,1,0.0,0.09,16,3,2
52.6176,2,0.0,0.09,9,3,1
52.6254,2,0.0,0.05,9,3,1
52.6336,2,0.0,0.03,2,3,1
52.6406,2,0.0,0.3,5,3,1
52.6477,3,0.0,0.09,21,3,1
52.6563,2,42.3,2.0,36,3,1
52.6627,2,0.0,0.34,24,3,1
52.6686,2,0.0,0.21,8,3,1
52.6746,2,0.0,0.03,2,3,1
52.6789,2,0.0,0.63,60,3,1
52.6833,2,0.0,0.04,4,3,1
52.6891,2,0.0,0.73,31,1,1
52.6942,0,0.0,0.32,29,3,2
52.698,2,0.0,0.26,31,3,1
52.7039,2,0.0,0.38,11,3,1
52.7095,2,0.0,0.0,38,1,1
52.7145,2,0.0,0.01,17,3,1
52.72,2,0.0,0.13,11,3,1
52.725,2,0.0,0.3,5,3,1
52.73,2,0.0,0.44,48,3,1
52.7351,2,0.0,0.05,9,3,1
52.7405,2,0.0,0.08,11,3,1
52.745,2,0.0,0.07,24,3,1
52.749,2,0.0,0.11,7,3,1
52.7544,2,0.0,0.19,2,3,1
52.7589,2,0.0,0.06,8,3,1
52.7632,2,0.0,0.01,17,3,1
52.7674,2,0.0,0.04,3,3,1
52.7725,0,0.0,1.41,29,3,2
52.7775,2,0.0,0.04,4,3,1
52.7825,0,0.0,0.16,29,3,2
52.788,2,0.0,0.41,29,3,1
52.793,2,0.0,0.01,2,3,1
52.798,2,0.0,0.06,9,1,1
52.8024,2,0.0,0.32,20,3,1
52.8075,2,0.0,0.19,16,3,1
52.812,2,0.0,0.08,3,3,1
52.8159,4,0.0,0.2,15,3,0
52.8201,2,0.0,0.22,6,3,1
52.8255,2,0.0,0.07,3,3,1
52.8296,2,0.0,0.95,16,1,1
52.8354,2,0.0,1.13,46,3,1
52.8411,2,0.0,2.51,27,3,1
52.8459,2,0.0,0.19,7,3,1
52.8499,2,0.0,0.03,4,3,1
52.8551,0,0.0,0.08,14,3,2
52.8614,2,0.0,0.07,8,3,1
52.8659,2,0.0,0.17,30,3,1
52.8711,4,0.0,0.07,3,3,0
52.8767,2,0.0,0.03,3,3,1
52.8814,2,0.0,0.3,11,3,1
52.8867,0,0.0,0.12,44,3,2
52.8927,2,0.0,0.14,11,3,1
52.8981,2,0.0,0.11,8,3,1
52.9033,2,0.0,0.19,26,3,1
52.9095,2,0.0,0.87,17,1,1
52.9156,2,0.0,0.04,5,3,1
52.9228,2,0.0,0.2,8,3,1
52.9292,2,0.0,0.81,26,3,1
52.9366,2,0.0,0.03,2,3,1
52.9416,3,0.0,0.21,24,3,1
52.948,2,0.0,0.05,9,3,1
52.9526,0,0.0,0.06,28,3,2
52.9579,0,0.0,1.11,27,3,2
52.9632,2,0.0,0.08,5,3,1
52.9673,2,0.0,0.03,19,3,1
52.9729,2,0.0,0.11,10,3,1
52.9783,2,0.0,0.19,10,3,1
52.9841,2,0.0,0.43,5,3,1
52.9899,3,0.0,0.16,21,3,1
52.9946,2,0.0,0.3,14,3,1
52.999,2,0.0,0.27,8,3,1
53.0046,2,0.0,0.05,2,3,1
53.01,2,0.0,0.11,11,3,1
53.0155,2,0.0,0.03,20,3,1
53.0215,2,0.0,0.15,53,3,1
53.0265,2,0.0,1.32,40,3,1
53.0322,2,16.7,3.72,29,3,1
53.0375,2,0.0,0.07,8,3,1
53.0424,2,0.0,0.19,10,3,1
53.047,2,0.0,0.24,10,3,1
53.0519,2,0.0,0.38,7,3,1
53.0578,2,0.0,0.65,10,3,1
53.0622,2,0.0,0.12,8,3,1
53.0663,3,0.0,0.73,22,3,1
53.0715,2,0.0,3.12,11,3,1
53.0765,3,7.9,1.37,19,3,1
53.0805,2,0.0,0.09,6,3,1
53.0854,2,0.0,0.11,6,3,1
53.0914,2,0.0,0.12,6,3,1
53.0959,2,0.0,0.3,11,3,1
53.1005,0,0.0,0.13,29,3,2
53.1065,2,0.0,1.69,13,3,1
53.1112,2,0.0,2.06,46,3,1
53.1163,2,0.0,0.0,10,3,1
53.1218,2,0.0,0.22,2,3,1
53.1265,2,96.5,0.43,23,3,0
53.1307,2,0.0,0.1,8,3,1
53.1365,0,0.0,0.66,28,3,2
53.1413,2,0.0,0.52,17,3,1
53.1453,2,0.0,0.05,8,3,1
53.1505,2,0.0,0.02,3,3,1
53.156,0,0.0,1.69,28,3,2
53.1609,3,0.0,1.03,22,3,1
53.1649,2,0.0,0.31,25,3,1
53.169,2,0.0,0.16,6,3,1
53.1753,0,0.0,1.92,34,3,2
53.1794,2,0.0,0.04,1,3,1
53.1842,2,0.0,0.1,15,3,1
53.192,2,0.0,0.18,10,3,1
53.207,2,0.0,0.08,11,3,1
53.2192,2,0.0,0.13,8,3,1
53.2248,2,0.0,0.66,49,3,1
53.2313,2,0.0,0.13,8,3,1
53.2399,2,0.0,0.54,13,3,1
53.2457,2,0.0,0.52,30,3,1
54.2517,2,0.0,0.78,47,3,1
54.2592,2,0.0,0.99,17,3,1
54.267,2,0.0,0.04,3,3,1
54.274,2,1.7,1.9,21,3,1
54.2835,2,0.0,0.02,3,3,1
54.2908,3,0.0,0.14,6,3,1
54.2983,2,0.0,0.81,13,3,1
54.3034,2,0.0,0.09,3,3,1
54.3082,2,0.0,0.01,2,3,1
54.313,4,0.0,0.42,18,3,0
54.318,2,0.0,0.13,10,3,1
54.3234,2,0.0,0.14,8,3,1
54.3277,2,0.0,0.01,2,3,1
54.3329,2,0.0,3.78,79,3,1
54.3371,2,0.0,0.22,23,3,1
54.3439,2,0.0,0.24,13,3,1
54.3495,2,0.0,0.05,6,3,1
54.3548,2,0.0,0.03,1,3,1
54.3618,0,0.0,0.09,28,3,2
54.3661,2,0.0,0.01,2,3,1
54.3705,1,0.0,0.09,16,3,2
54.3755,2,0.0,0.09,9,3,1
54.3809,2,0.0,0.05,9,3,1
54.3865,2,0.0,0.03,2,3,1
54.3925,2,0.0,0.3,5,3,1
54.3963,3,0.0,0.09,21,3,1
54.4014,2,42.4,2.0,36,3,1
54.407,2,0.0,0.34,24,3,1
54.4112,2,0.0,0.21,8,3,1
54.4153,2,0.0,0.03,2,3,1
54.4195,2,0.0,0.63,60,3,1
54.4251,2,0.0,0.04,4,3,1
54.4291,2,0.0,0.73,31,1,1
54.4338,0,0.0,0.32,29,3,2
54.4387,2,0.0,0.26,31,3,1
54.4436,2,0.0,0.38,11,3,1
54.4485,2,0.0,0.0,38,1,1
54.4545,2,0.0,0.01,17,3,1
54.4611,2,0.0,0.13,11,3,1
54.4679,2,0.0,0.3,5,3,1
54.4744,2,0.0,0.44,48,3,1
54.4785,2,0.0,0.05,9,3,1
54.4834,2,0.0,0.08,11,3,1
54.4881,2,0.0,0.07,24,3,1
54.4926,2,0.0,0.11,7,3,1
54.4979,2,0.0,0.19,2,3,1
54.5021,2,0.0,0.06,8,3,1
54.5078,2,0.0,0.01,17,3,1
54.512,2,0.0,0.04,3,3,1
54.5157,0,0.0,1.41,29,3,2
54.521,2,0.0,0.04,4,3,1
54.5265,0,0.0,0.16,29,3,2
54.5298,2,0.0,0.41,29,3,1
54.5344,2,0.0,0.01,2,3,1
54.5398,2,0.0,0.06,9,1,1
54.5445,2,0.0,0.32,20,3,1
54.5489,2,0.0,0.19,16,3,1
54.5537,2,0.0,0.08,3,3,1
54.5589,4,0.0,0.2,15,3,0
54.5638,2,0.0,0.22,6,3,1
54.5679,2,0.0,0.07,3,3,1
54.5735,2,0.0,0.95,16,1,1
54.5775,2,0.0,1.13,46,3,1
54.5819,2,0.0,2.51,27,3,1
54.5873,2,0.0,0.19,7,3,1
54.5931,2,0.0,0.03,4,3,1
54.5981,0,0.0,0.08,14,3,2
54.6036,2,0.0,0.07,8,3,1
54.6089,2,0.0,0.17,30,3,1
54.6132,4,0.0,0.07,3,3,0
54.6174,2,0.0,0.03,3,3,1
54.6228,2,0.0,0.3,11,3,1
54.628,0,0.0,0.12,44,3,2
54.6324,2,0.0,0.14,11,3,1
54.6366,2,0.0,0.11,8,3,1
54.6416,2,0.0,0.2,26,3,1
54.647,2,0.0,0.87,17,1,1
54.6516,2,0.0,0.04,5,3,1
54.6579,2,0.0,0.2,8,3,1
54.6626,2,0.0,0.81,26,3,1
54.6667,2,0.0,0.03,2,3,1
54.6728,3,0.0,0.21,24,3,1
54.678,2,0.0,0.05,9,3,1
54.6821,0,0.0,0.06,28,3,2
54.6872,0,0.0,1.11,27,3,2
54.693,2,0.0,0.08,5,3,1
54.6978,2,0.0,0.03,19,3,1
54.7021,2,0.0,0.11,10,3,1
54.7084,2,0.0,0.19,10,3,1
54.712,2,0.0,0.43,5,3,1
54.7161,3,0.0,0.16,21,3,1
54.7213,2,0.0,0.3,14,3,1
54.7267,2,0.0,0.27,8,3,1
54.7302,2,0.0,0.05,2,3,1
54.7347,2,0.0,0.11,11,3,1
54.7413,2,0.0,0.03,20,3,1
54.7458,2,0.0,0.15,53,3,1
54.7498,2,0.0,1.32,40,3,1
54.7552,2,32.7,3.74,29,3,1
54.7597,2,0.0,0.07,8,3,1
54.7647,2,0.0,0.19,10,3,1
54.7698,2,0.0,0.24,10,3,1
54.7754,2,0.0,0.38,7,3,1
54.7798,2,0.0,0.65,10,3,1
54.7846,2,0.0,0.12,8,3,1
54.7905,3,0.0,0.73,22,3,1
54.795,2,0.0,3.12,11,3,1
54.7984,3,16.4,1.37,19,3,1
54.8037,2,0.0,0.09,6,3,1
54.8092,2,0.0,0.11,6,3,1
54.8133,2,0.0,0.12,6,3,1
54.8174,2,0.0,0.3,11,3,1
54.8229,0,0.0,0.13,29,3,2
54.8271,2,0.0,1.69,13,3,1
54.832,2,0.0,2.06,46,3,1
54.8375,2,0.0,0.0,10,3,1
54.8428,2,0.0,0.22,2,3,1
54.8475,2,96.3,0.43,23,3,0
54.8519,2,0.0,0.1,8,3,1
54.8574,0,0.0,0.66,28,3,2
54.8623,2,0.0,0.52,17,3,1
54.8664,2,0.0,0.05,8,3,1
54.8706,2,0.0,0.02,3,3,1
54.8766,0,0.0,1.69,28,3,2
54.881,3,0.0,1.03,22,3,1
54.8859,2,0.0,0.31,25,3,1
54.8915,2,0.0,0.16,6,3,1
54.8957,0,0.0,1.92,34,3,2
54.9005,2,0.0,0.04,1,3,1
54.9051,2,0.0,0.1,15,3,1
54.9092,2,0.0,0.18,10,3,1
54.9136,2,0.0,0.08,11,3,1
54.9176,2,0.0,0.13,8,3,1
54.9233,2,0.0,0.66,49,3,1
54.9284,2,0.0,0.13,8,3,1
54.9331,2,0.0,0.54,13,3,1
54.9388,2,0.0,0.52,30,3,1
55.9501,2,0.0,0.78,47,3,1
55.9602,2,0.0,0.99,17,3,1
55.9699,2,0.0,0.04,3,3,1
55.978,2,1.8,1.9,21,3,1
55.9833,2,0.0,0.02,3,3,1
55.9897,3,0.0,0.14,6,3,1
55.9938,2,0.0,0.81,13,3,1
55.9985,2,0.0,0.09,3,3,1
56.0031,2,0.0,0.01,2,3,1
56.0085,4,0.0,0.42,18,3,0
56.0139,2,0.0,0.13,10,3,1
56.019,2,0.0,0.14,8,3,1
56.0257,2,0.0,0.01,2,3,1
56.0325,2,0.0,3.78,79,3,1
56.039,2,0.0,0.22,23,3,1
56.0451,2,0.0,0.24,13,3,1
56.0511,2,0.0,0.05,6,3,1
56.0586,2,0.0,0.03,1,3,1
56.0654,0,0.0,0.09,28,3,2
56.0726,2,0.0,0.01,2,3,1
56.0803,1,0.0,0.09,16,3,2
56.0862,2,0.0,0.09,9,3,1
56.0903,2,0.0,0.05,9,3,1
56.0947,2,0.0,0.03,2,3,1
56.0985,2,0.0,0.3,5,3,1
56.1042,3,0.0,0.09,21,3,1
56.1086,2,40.9,2.0,36,3,1
56.1122,2,0.0,0.34,24,3,1
56.1176,2,0.0,0.21,8,3,1
56.1234,2,0.0,0.03,2,3,1
56.1276,2,0.0,0.63,60,3,1
56.1325,2,0.0,0.04,4,3,1
56.1367,2,0.0,0.73,31,1,1
56.1419,0,0.0,0.32,29,3,2
56.1462,2,0.0,0.26,31,3,1
56.1501,2,0.0,0.38,11,3,1
56.1557,2,0.0,0.0,38,1,1
56.1611,2,0.0,0.01,17,3,1
56.1673,2,0.0,0.13,11,3,1
56.1728,2,0.0,0.3,5,3,1
56.1782,2,0.0,0.44,48,3,1
56.1823,2,0.0,0.05,9,3,1
56.1876,2,0.0,0.08,11,3,1
56.1931,2,0.0,0.07,24,3,1
56.1982,2,0.0,0.11,7,3,1
56.2041,2,0.0,0.19,2,3,1
56.2086,2,0.0,0.06,8,3,1
56.2126,2,0.0,0.01,17,3,1
56.2184,2,0.0,0.04,3,3,1
56.227,0,0.0,1.41,29,3,2
56.2361,2,0.0,0.04,4,3,1
56.2485,0,0.0,0.16,29,3,2
56.2543,2,2.7,0.41,35,3,1
56.2587,2,0.0,0.01,2,3,1
56.263,2,0.0,0.06,9,1,1
56.2679,2,0.0,0.32,20,3,1
56.2727,2,0.0,0.19,16,3,1
56.2771,2,0.0,0.08,3,3,1
56.2817,4,0.0,0.2,15,3,0
56.286,2,0.0,0.22,6,3,1
56.2909,2,0.0,0.07,3,3,1
56.295,2,0.0,0.95,16,1,1
56.2995,2,0.0,1.13,46,3,1
56.3049,2,0.0,2.5,27,3,1
56.3089,2,0.0,0.19,7,3,1
56.3131,2,0.0,0.03,4,3,1
56.3172,0,0.0,0.08,14,3,2
56.323,2,0.0,0.07,8,3,1
56.3279,2,0.0,0.17,30,3,1
56.3325,4,0.0,0.07,3,3,0
56.3367,2,0.0,0.03,3,3,1
56.3412,2,0.0,0.3,11,3,1
56.3453,0,0.0,0.12,44,3,2
56.3491,2,0.0,0.14,11,3,1
56.3543,2,0.0,0.11,8,3,1
56.3594,2,0.0,0.2,26,3,1
56.3632,2,0.0,0.87,17,1,1
56.368,2,0.0,0.04,5,3,1
56.3744,2,0.0,0.2,8,3,1
56.3797,2,0.0,0.81,26,3,1
56.383,2,0.0,0.03,2,3,1
56.3889,3,0.0,0.21,24,3,1
56.3932,2,0.0,0.05,9,3,1
56.3978,0,0.0,0.06,28,3,2
56.4021,0,0.0,1.11,27,3,2
56.4067,2,0.0,0.08,5,3,1
56.4116,2,0.0,0.03,19,3,1
56.4159,2,0.0,0.11,10,3,1
56.4221,2,0.0,0.19,10,3,1
56.4274,2,0.0,0.43,5,3,1
56.4321,3,0.0,0.16,21,3,1
56.4382,2,0.0,0.3,14,3,1
56.4432,2,0.0,0.27,8,3,1
56.4483,2,0.0,0.05,2,3,1
56.455,2,0.0,0.11,11,3,1
56.4632,2,0.0,0.03,20,3,1
56.4681,2,0.0,0.15,53,3,1
56.4736,2,0.0,1.32,40,3,1
56.4788,2,31.8,3.67,29,3,1
56.4834,2,0.0,0.07,8,3,1
56.489,2,0.0,0.19,10,3,1
56.4934,2,0.0,0.24,10,3,1
56.4975,2,0.0,0.38,7,3,1
56.5017,2,0.0,0.65,10,3,1
56.5071,2,0.0,0.12,8,3,1
56.512,3,0.0,0.73,22,3,1
56.5166,2,0.0,3.12,11,3,1
56.5219,3,10.9,1.37,19,3,1
56.5272,2,0.0,0.09,6,3,1
56.5319,2,0.0,0.11,6,3,1
56.5364,2,0.0,0.12,6,3,1
56.5418,2,0.0,0.3,11,3,1
56.5459,0,0.0,0.13,29,3,2
56.5494,2,0.0,1.69,13,3,1
56.5557,2,0.0,2.06,46,3,1
56.5613,2,0.0,0.0,10,3,1
56.5681,2,0.0,0.22,2,3,1
56.5734,2,95.5,0.43,23,3,0
56.5793,2,0.0,0.1,8,3,1
56.5853,0,0.0,0.66,28,3,2
56.5906,2,0.0,0.52,17,3,1
56.5958,2,0.0,0.05,8,3,1
56.5994,2,0.0,0.02,3,3,1
56.605,0,0.0,1.69,28,3,2
56.6087,3,0.0,1.03,22,3,1
56.6136,2,0.0,0.31,25,3,1
56.6187,2,0.0,0.16,6,3,1
56.6247,0,0.0,1.92,34,3,2
56.6304,2,0.0,0.04,1,3,1
56.636,2,0.0,0.1,15,3,1
56.6404,2,0.0,0.18,10,3,1
56.6456,2,0.0,0.08,11,3,1
56.6495,2,0.0,0.13,8,3,1
56.6544,2,0.0,0.66,49,3,1
56.6589,2,0.0,0.13,8,3,1
56.6632,2,0.0,0.54,13,3,1
56.6683,2,0.0,0.52,30,3,1
57.676,2,0.0,0.78,47,3,1
57.6852,2,0.0,0.99,17,3,1
57.6929,2,0.0,0.04,3,3,1
57.7024,2,3.6,1.9,21,3,1
57.7098,2,0.0,0.02,2,3,1
57.7189,3,0.0,0.14,6,3,1
57.7255,2,0.0,0.81,10,3,1
57.7341,2,0.0,0.09,3,3,1
57.7409,2,0.0,0.01,2,3,1
57.7469,4,0.0,0.42,18,3,0
57.7527,2,0.0,0.13,10,3,1
57.7587,2,0.0,0.14,8,3,1
57.7665,2,0.0,0.01,2,3,1
57.7815,2,0.0,3.78,79,3,1
57.7878,2,0.0,0.22,23,3,1
57.7927,2,0.0,0.24,12,3,1
57.7975,2,0.0,0.05,6,3,1
57.8021,2,0.0,0.03,1,3,1
57.8072,0,0.0,0.09,28,3,2
57.812,2,0.0,0.01,2,3,1
57.8161,1,0.0,0.09,16,3,2
57.822,2,0.0,0.09,9,3,1
57.8266,2,0.0,0.05,9,3,1
57.831,2,0.0,0.03,2,3,1
57.8366,2,0.0,0.3,5,3,1
57.8421,3,0.0,0.09,21,3,1
57.8454,2,40.5,2.0,33,3,1
57.8502,2,0.0,0.34,24,3,1
57.8552,2,0.0,0.21,7,3,1
57.8605,2,0.0,0.03,2,3,1
57.8646,2,0.0,0.63,60,3,1
57.8709,2,0.0,0.04,3,3,1
57.8764,2,0.0,0.73,31,1,1
57.8802,0,0.0,0.32,28,3,2
57.886,2,0.0,0.26,30,3,1
57.8909,2,0.0,0.38,11,3,1
57.8949,2,0.0,0.0,38,1,1
57.8994,2,0.0,0.01,17,3,1
57.9061,2,0.0,0.13,11,3,1
57.9119,2,0.0,0.3,5,3,1
57.9179,2,0.0,0.44,48,3,1
57.9241,2,0.0,0.05,9,3,1
57.9291,2,0.0,0.08,11,3,1
57.9331,2,0.0,0.07,23,3,1
57.9383,2,0.0,0.11,7,3,1
57.9446,2,0.0,0.19,2,3,1
57.9482,2,0.0,0.06,8,3,1
57.9526,2,0.0,0.01,17,3,1
57.9576,2,0.0,0.04,3,3,1
57.9616,0,0.0,1.41,29,3,2
57.9652,2,0.0,0.04,4,3,1
57.9717,0,0.0,0.16,29,3,2
57.9772,2,0.0,0.41,35,3,1
57.9811,2,0.0,0.01,2,3,1
57.9871,2,0.0,0.06,9,1,1
57.9918,2,0.0,0.32,20,3,1
57.9978,2,0.0,0.19,16,3,1
58.0052,2,0.0,0.08,3,3,1
58.0123,4,0.0,0.2,15,3,0
58.0186,2,0.0,0.22,5,3,1
58.0246,2,0.0,0.07,2,3,1
58.0304,2,0.0,0.95,16,1,1
58.0373,2,0.0,1.13,46,3,1
58.0433,2,0.0,2.5,27,3,1
58.0483,2,0.0,0.19,7,3,1
58.0532,2,0.0,0.03,4,3,1
58.0577,0,0.0,0.08,14,3,2
58.0634,2,0.0,0.07,8,3,1
58.0703,2,0.0,0.17,30,3,1
58.0757,4,0.0,0.07,3,3,0
58.082,2,0.0,0.03,3,3,1
58.0899,2,0.0,0.3,11,3,1
58.0969,0,0.0,0.12,44,3,2
58.1049,2,0.0,0.14,11,3,1
58.1118,2,0.0,0.11,8,3,1
58.116,2,0.0,0.19,26,3,1
58.1203,2,0.0,0.87,17,1,1
58.1281,2,0.9,0.04,5,3,1
58.132,2,0.0,0.2,8,3,1
58.1375,2,0.0,0.81,26,3,1
58.1427,2,0.0,0.03,2,3,1
58.1497,3,0.0,0.21,24,3,1
58.1566,2,0.0,0.05,8,3,1
58.1638,0,0.0,0.06,27,3,2
58.1692,0,0.0,1.11,27,3,2
58.1749,2,0.0,0.08,5,3,1
58.1825,2,0.0,0.03,19,3,1
58.1883,2,0.0,0.11,9,3,1
58.1947,2,0.0,0.19,10,3,1
58.2013,2,0.0,0.43,5,3,1
58.2071,3,0.0,0.16,21,3,1
58.2127,2,0.0,0.3,14,3,1
58.2169,2,0.0,0.27,8,3,1
58.228,2,0.0,0.05,2,3,1
58.2322,2,0.0,0.11,11,3,1
58.237,2,0.0,0.03,20,3,1
58.2414,2,0.0,0.15,53,3,1
58.2455,2,0.0,1.32,40,3,1
58.2492,2,23.7,3.67,29,3,1
58.2541,2,0.0,0.07,8,3,1
58.2581,2,0.0,0.19,10,3,1
58.2632,2,0.0,0.24,10,3,1
58.2685,2,0.0,0.38,7,3,1
58.2738,2,0.0,0.65,10,3,1
58.2788,2,0.0,0.12,8,3,1
58.2838,3,0.0,0.73,22,3,1
58.2905,2,0.0,3.12,11,3,1
58.296,3,7.0,1.37,19,3,1
58.302,2,0.0,0.09,6,3,1
58.3062,2,0.0,0.11,6,3,1
58.3098,2,0.0,0.12,6,3,1
58.315,2,0.0,0.3,11,3,1
58.3209,0,0.0,0.13,29,3,2
58.3253,2,0.0,1.69,13,3,1
58.3297,2,0.0,2.06,46,3,1
58.3334,2,0.0,0.0,10,3,1
58.3389,2,0.0,0.22,2,3,1
58.3422,2,94.7,0.43,23,3,0
58.3468,2,0.0,0.1,9,3,1
58.3503,0,0.0,0.66,28,3,2
58.3557,2,0.0,0.52,17,3,1
58.3602,2,0.0,0.05,8,3,1
58.3645,2,0.0,0.02,3,3,1
58.3689,0,0.0,1.69,28,3,2
58.3741,3,0.0,1.03,22,3,1
58.3783,2,0.0,0.31,25,3,1
58.3831,2,0.0,0.16,6,3,1
58.3887,0,0.0,1.92,34,3,2
58.3929,2,0.0,0.04,1,3,1
58.3972,2,0.0,0.1,15,3,1
58.4016,2,0.0,0.18,10,3,1
58.4067,2,0.0,0.08,11,3,1
58.4112,2,0.0,0.13,8,3,1
58.4155,2,0.0,0.66,49,3,1
58.4236,2,0.0,0.13,8,3,1
58.434,2,0.0,0.54,13,3,1
58.4429,2,0.0,0.52,30,3,1
59.4576,2,0.0,0.78,47,3,1
59.4663,2,0.0,0.99,17,3,1
59.4714,2,0.0,0.04,3,3,1
59.4765,2,0.9,1.9,21,3,1
59.4801,2,0.0,0.02,3,3,1
59.4856,3,0.0,0.14,6,3,1
59.4907,2,0.0,0.81,10,3,1
59.4949,2,0.0,0.09,3,3,1
59.4994,2,0.0,0.01,2,3,1
59.5044,4,0.0,0.42,18,3,0
59.509,2,0.0,0.13,10,3,1
59.5128,2,0.0,0.14,8,3,1
59.5179,2,0.0,0.01,2,3,1
59.5223,2,0.0,3.78,79,3,1
59.5285,2,0.0,0.22,23,3,1
59.5334,2,0.0,0.24,12,3,1
59.5383,2,0.0,0.05,6,3,1
59.5436,2,0.0,0.03,1,3,1
59.5482,0,0.0,0.09,28,3,2
59.5551,2,0.0,0.01,2,3,1
59.5619,1,0.0,0.09,16,3,2
59.5676,2,0.0,0.09,9,3,1
59.5746,2,0.0,0.05,9,3,1
59.5806,2,0.0,0.03,2,3,1
59.5875,2,0.0,0.3,5,3,1
59.5931,3,0.0,0.09,21,3,1
59.5988,2,42.9,2.0,33,3,1
59.606,2,0.0,0.34,24,3,1
59.6128,2,0.0,0.21,8,3,1
59.6182,2,0.0,0.03,2,3,1
59.6236,2,0.0,0.63,60,3,1
59.629,2,0.0,0.04,4,3,1
59.6334,2,0.0,0.73,31,1,1
59.6392,0,0.0,0.32,29,3,2
59.6443,2,0.0,0.26,31,3,1
59.6495,2,0.0,0.38,11,3,1
59.6558,2,0.0,0.0,38,1,1
59.6601,2,0.0,0.01,17,3,1
59.6646,2,0.0,0.13,11,3,1
59.6699,2,0.0,0.3,5,3,1
59.6755,2,0.0,0.44,48,3,1
59.6809,2,0.0,0.05,9,3,1
59.6853,2,0.0,0.08,11,3,1
59.6909,2,0.0,0.07,24,3,1
59.697,2,0.0,0.11,7,3,1
59.7027,2,0.0,0.19,2,3,1
59.7083,2,0.0,0.06,8,3,1
59.7141,2,0.0,0.01,17,3,1
59.7203,2,0.0,0.04,3,3,1
59.7273,0,0.0,1.41,29,3,2
59.7333,2,0.0,0.04,4,3,1
59.7392,0,0.0,0.16,29,3,2
59.7446,2,0.0,0.41,35,3,1
59.7484,2,0.0,0.01,2,3,1
59.7548,2,0.0,0.06,9,1,1
59.7603,2,0.0,0.32,20,3,1
59.7649,2,0.0,0.19,16,3,1
59.7712,2,0.0,0.08,3,3,1
59.7762,4,0.0,0.2,15,3,0
59.7806,2,0.0,0.22,6,3,1
59.7852,2,0.0,0.07,3,3,1
59.791,2,0.0,0.95,16,1,1
59.795,2,0.0,1.13,46,3,1
59.7995,2,0.0,2.5,27,3,1
59.8063,2,0.0,0.19,7,3,1
59.8108,2,0.0,0.03,4,3,1
59.8148,0,0.0,0.08,14,3,2
59.8216,2,0.0,0.07,8,3,1
59.8267,2,0.0,0.17,30,3,1
59.8335,4,0.0,0.07,3,3,0
59.8385,2,0.0,0.03,3,3,1
59.844,2,0.0,0.3,11,3,1
59.8487,0,0.0,0.12,44,3,2
59.8543,2,0.0,0.14,11,3,1
59.8596,2,0.0,0.11,8,3,1
59.8652,2,0.0,0.2,26,3,1
59.8707,2,0.0,0.87,17,1,1
59.8757,2,0.0,0.04,5,3,1
59.8809,2,0.0,0.2,8,3,1
59.8862,2,0.0,0.79,26,3,1
59.8918,2,0.0,0.03,2,3,1
59.8972,3,0.0,0.21,24,3,1
59.9018,2,0.0,0.05,9,3,1
59.9068,0,0.0,0.06,28,3,2
59.9121,0,0.0,1.11,27,3,2
59.9174,2,0.0,0.08,5,3,1
59.9227,2,0.0,0.03,19,3,1
59.9282,2,0.0,0.11,10,3,1
59.9333,2,0.0,0.19,10,3,1
59.9389,2,0.0,0.43,5,3,1
59.9434,3,0.0,0.16,21,3,1
59.9472,2,0.0,0.3,14,3,1
59.9518,2,0.0,0.27,8,3,1
59.9558,2,0.0,0.05,2,3,1
59.9614,2,0.0,0.11,11,3,1
59.9657,2,0.0,0.03,20,3,1
59.971,2,0.0,0.15,53,3,1
59.9762,2,0.0,1.32,40,3,1
59.9808,2,35.4,3.74,29,3,1
59.9845,2,0.0,0.07,8,3,1
59.989,2,0.0,0.19,10,3,1
59.9932,2,0.0,0.24,10,3,1
59.9968,2,0.0,0.38,7,3,1
60.0018,2,0.0,0.65,10,3,1
60.0071,2,0.0,0.12,8,3,1
60.0113,3,0.0,0.73,22,3,1
60.015,2,0.0,3.12,11,3,1
60.0208,3,7.3,1.37,19,3,1
60.0259,2,0.0,0.09,6,3,1
60.0303,2,0.0,0.11,6,3,1
60.0361,2,0.0,0.12,6,3,1
60.0416,2,0.0,0.3,11,3,1
60.0472,0,0.0,0.13,29,3,2
60.0519,2,0.0,1.69,13,3,1
60.0572,2,0.0,2.06,46,3,1
60.0623,2,0.0,0.0,10,3,1
60.0657,2,0.0,0.22,2,3,1
60.0717,2,97.3,0.43,23,3,0
60.076,2,0.0,0.1,8,3,1
60.0805,0,0.0,0.66,28,3,2
60.0871,2,0.0,0.52,17,3,1
60.0926,2,0.0,0.05,8,3,1
60.0992,2,0.0,0.02,3,3,1
60.1036,0,0.0,1.69,28,3,2
60.1095,3,0.0,1.03,22,3,1
60.1144,2,0.0,0.31,25,3,1
60.1192,2,0.0,0.16,6,3,1
60.1245,0,0.0,1.92,34,3,2
60.1291,2,0.0,0.04,1,3,1
60.134,2,0.0,0.1,15,3,1
60.1384,2,0.0,0.18,10,3,1
60.1433,2,0.0,0.08,11,3,1
60.1468,2,0.0,0.13,8,3,1
60.1517,2,0.0,0.67,49,3,1
60.1573,2,0.0,0.13,8,3,1
60.162,2,0.0,0.54,13,3,1
60.1666,2,0.0,0.52,30,3,1
61.1743,2,0.0,0.78,47,3,1
61.1833,2,0.0,0.99,17,3,1
61.1908,2,0.0,0.04,3,3,1
61.2,2,2.7,1.9,21,3,1
61.2063,2,0.0,0.02,3,3,1
61.2171,3,0.0,0.14,6,3,1
61.2252,2,0.0,0.81,10,3,1
61.2356,2,0.0,0.09,3,3,1
61.2453,2,0.0,0.01,2,3,1
61.2527,4,0.0,0.42,18,3,0
61.2587,2,0.0,0.13,10,3,1
61.2631,2,0.0,0.14,8,3,1
61.2672,2,0.0,0.01,2,3,1
61.2737,2,0.0,3.78,79,3,1
61.2781,2,0.0,0.22,23,3,1
61.2839,2,0.0,0.24,12,3,1
61.2888,2,0.0,0.05,6,3,1
61.2945,2,0.0,0.03,1,3,1
61.2998,0,0.0,0.09,28,3,2
61.3057,2,0.0,0.01,2,3,1
61.3099,1,0.0,0.09,16,3,2
61.3151,2,0.0,0.09,9,3,1
61.3201,2,0.0,0.05,9,3,1
61.3254,2,0.0,0.03,2,3,1
61.3297,2,0.0,0.3,5,3,1
61.3344,3,0.0,0.09,21,3,1
61.3394,2,42.4,2.0,33,3,1
61.3453,2,0.0,0.34,24,3,1
61.3521,2,0.0,0.21,8,3,1
61.3641,2,0.0,0.03,2,3,1
61.3722,2,0.0,0.63,60,3,1
61.3834,2,0.0,0.04,4,3,1
61.3879,2,0.0,0.73,31,1,1
61.3932,0,0.0,0.32,29,3,2
61.397,2,0.0,0.26,31,3,1
61.4005,2,0.0,0.38,11,3,1
61.4048,2,0.0,0.0,38,1,1
61.4099,2,0.0,0.01,17,3,1
61.4138,2,0.0,0.13,11,3,1
61.418,2,0.0,0.3,5,3,1
61.4231,2,0.0,0.44,48,3,1
61.4271,2,0.0,0.05,9,3,1
61.4309,2,0.0,0.08,11,3,1
61.4358,2,0.0,0.07,24,3,1
61.4396,2,0.0,0.11,7,3,1
61.4437,2,0.0,0.19,2,3,1
61.4484,2,0.0,0.06,8,3,1
61.4536,2,0.0,0.01,17,3,1
61.4581,2,0.0,0.04,3,3,1
61.4621,0,0.0,1.41,29,3,2
61.4672,2,0.0,0.04,4,3,1
61.4721,0,0.0,0.16,29,3,2
61.4763,2,0.0,0.41,35,3,1
61.4809,2,0.0,0.01,2,3,1
61.4854,2,0.0,0.06,9,1,1
61.4909,2,0.0,0.32,20,3,1
61.4951,2,0.0,0.19,16,3,1
61.5003,2,0.0,0.08,3,3,1
61.5151,4,0.0,0.2,15,3,0
61.5204,2,0.0,0.22,6,3,1
61.5258,2,0.0,0.07,3,3,1
61.5303,2,0.0,0.95,16,1,1
61.5361,2,0.0,1.13,46,3,1
61.5416,2,0.0,2.5,27,3,1
61.5489,2,0.0,0.19,7,3,1
61.5558,2,0.0,0.03,4,3,1
61.561,0,0.0,0.08,14,3,2
61.5652,2,0.0,0.07,8,3,1
61.5706,2,0.0,0.17,30,3,1
61.5745,4,0.0,0.07,3,3,0
61.5787,2,0.0,0.03,3,3,1
61.584,2,0.0,0.3,11,3,1
61.5884,0,0.0,0.12,44,3,2
61.5928,2,0.0,0.14,11,3,1
61.597,2,0.0,0.11,8,3,1
61.6014,2,0.0,0.19,26,3,1
61.606,2,0.0,0.87,17,1,1
61.6103,2,0.0,0.04,5,3,1
61.6153,2,0.0,0.2,8,3,1
61.6207,2,0.0,0.79,26,3,1
61.6249,2,0.0,0.03,2,3,1
61.6295,3,0.0,0.21,24,3,1
61.6356,2,0.0,0.05,9,3,1
61.6399,0,0.0,0.06,28,3,2
61.6441,0,0.0,1.11,27,3,2
61.6482,2,0.0,0.08,5,3,1
61.6538,2,0.0,0.03,19,3,1
61.6587,2,0.0,0.11,10,3,1
61.6634,2,0.0,0.19,10,3,1
61.6689,2,0.0,0.43,5,3,1
61.674,3,0.0,0.16,21,3,1
61.6786,2,0.0,0.3,14,3,1
61.6829,2,0.0,0.27,8,3,1
61.6887,2,0.0,0.05,2,3,1
61.6953,2,0.0,0.11,11,3,1
61.7027,2,0.0,0.03,20,3,1
61.7094,2,0.0,0.15,53,3,1
61.7148,2,0.0,1.32,40,3,1
61.7205,2,29.5,3.69,29,3,1
61.7251,2,0.0,0.07,8,3,1
61.7292,2,0.0,0.19,10,3,1
61.7347,2,0.0,0.24,10,3,1
61.74,2,0.0,0.38,7,3,1
61.7444,2,0.0,0.65,10,3,1
61.7483,2,0.0,0.12,8,3,1
61.7533,3,0.0,0.73,22,3,1
61.7578,2,0.0,3.12,11,3,1
61.7632,3,12.5,1.37,19,3,1
61.7685,2,0.0,0.09,6,3,1
61.7752,2,0.0,0.11,6,3,1
61.7798,2,0.0,0.12,6,3,1
61.7855,2,0.0,0.3,11,3,1
61.7908,0,0.0,0.13,29,3,2
61.796,2,0.0,1.69,13,3,1
61.8014,2,0.0,2.06,46,3,1
61.8079,2,0.0,0.0,10,3,1
61.813,2,0.0,0.22,2,3,1
61.8184,2,97.3,0.43,23,3,0
61.8244,2,0.0,0.1,8,3,1
61.8303,0,0.0,0.66,28,3,2
61.838,2,0.0,0.52,17,3,1
61.8434,2,0.0,0.05,8,3,1
61.8483,2,0.0,0.02,3,3,1
61.8531,0,0.0,1.69,28,3,2
61.8576,3,0.0,1.03,22,3,1
61.8629,2,0.0,0.31,25,3,1
61.8682,2,0.0,0.16,6,3,1
61.8761,0,0.0,1.92,34,3,2
61.8806,2,0.0,0.04,1,3,1
61.8864,2,0.0,0.1,15,3,1
61.8926,2,0.0,0.18,10,3,1
61.8972,2,0.0,0.08,11,3,1
61.9042,2,0.0,0.13,8,3,1
61.9098,2,0.0,0.67,49,3,1
61.9188,2,0.0,0.13,8,3,1
61.9275,2,0.0,0.54,13,3,1
61.9338,2,0.0,0.52,30,3,1
62.9543,2,0.0,0.78,47,3,1
62.9635,2,0.0,0.99,17,3,1
62.9708,2,0.0,0.04,3,3,1
62.9785,2,0.9,1.9,21,3,1
62.9864,2,0.0,0.02,3,3,1
62.9957,3,0.0,0.14,6,3,1
63.0041,2,0.0,0.81,10,3,1
63.0136,2,0.0,0.09,3,3,1
63.0202,2,0.0,0.01,2,3,1
63.0243,4,0.0,0.42,18,3,0
63.0289,2,0.0,0.13,10,3,1
63.0351,2,0.0,0.14,8,3,1
63.0399,2,0.0,0.01,2,3,1
63.0445,2,0.0,3.78,79,3,1
63.0484,2,0.0,0.22,23,3,1
63.0535,2,0.0,0.24,12,3,1
63.0578,2,0.0,0.05,6,3,1
63.0621,2,0.0,0.03,1,3,1
63.0669,0,0.0,0.09,28,3,2
63.0719,2,0.0,0.01,2,3,1
63.0776,1,0.0,0.09,16,3,2
63.0821,2,0.0,0.09,9,3,1
63.0877,2,0.0,0.05,9,3,1
63.0923,2,0.0,0.03,2,3,1
63.0958,2,0.0,0.3,5,3,1
63.1021,3,0.0,0.09,21,3,1
63.1066,2,39.5,2.0,33,3,1
63.1101,2,0.0,0.34,24,3,1
63.1149,2,0.0,0.21,8,3,1
63.12,2,0.0,0.03,2,3,1
63.125,2,0.0,0.63,60,3,1
63.1301,2,0.0,0.05,5,3,1
63.1346,2,0.0,0.73,31,1,1
63.14,0,0.0,0.32,29,3,2
63.1436,2,0.0,0.26,31,3,1
63.1473,2,0.0,0.38,11,3,1
63.153,2,0.0,0.0,38,1,1
63.1575,2,0.0,0.01,17,3,1
63.1612,2,0.0,0.13,11,3,1
63.165,2,0.0,0.3,5,3,1
63.1714,2,0.0,0.44,48,3,1
63.1765,2,0.0,0.05,9,3,1
63.1809,2,0.0,0.08,11,3,1
63.1854,2,0.0,0.07,24,3,1
63.1908,2,0.0,0.11,7,3,1
63.1948,2,0.0,0.19,2,3,1
63.1981,2,0.0,0.06,8,3,1
63.2033,2,0.0,0.01,17,3,1
63.2069,2,0.0,0.04,3,3,1
63.2117,0,0.0,1.41,29,3,2
63.2163,2,0.0,0.04,4,3,1
63.2221,0,0.0,0.16,29,3,2
63.2267,2,0.0,0.41,35,3,1
63.2314,2,0.0,0.01,2,3,1
63.2367,2,0.0,0.06,9,1,1
63.2405,2,0.0,0.32,20,3,1
63.2449,2,0.0,0.19,16,3,1
63.2484,2,0.0,0.08,3,3,1
63.2545,4,0.0,0.2,15,3,0
63.2585,2,0.0,0.22,6,3,1
63.2633,2,0.0,0.07,3,3,1
63.2687,2,0.0,0.95,16,1,1
63.2737,2,0.0,1.13,46,3,1
63.2778,2,0.0,2.5,27,3,1
63.2826,2,0.0,0.19,7,3,1
63.2882,2,0.0,0.03,4,3,1
63.2924,0,0.0,0.08,14,3,2
63.2955,2,0.0,0.07,8,3,1
63.3008,2,0.0,0.17,30,3,1
63.3048,4,0.0,0.07,3,3,0
63.3088,2,0.0,0.03,3,3,1
63.3135,2,0.0,0.3,11,3,1
63.3188,0,0.0,0.12,44,3,2
63.3234,2,0.0,0.14,11,3,1
63.3284,2,0.0,0.11,8,3,1
63.3324,2,0.0,0.19,26,3,1
63.3372,2,0.0,0.87,17,1,1
63.3415,2,0.0,0.04,5,3,1
63.3469,2,0.0,0.2,8,3,1
63.3511,2,0.0,0.79,26,3,1
63.3564,2,0.0,0.03,2,3,1
63.3615,3,0.0,0.21,24,3,1
63.3665,2,0.0,0.05,9,3,1
63.3708,0,0.0,0.06,28,3,2
63.3759,0,0.0,1.11,27,3,2
63.3833,2,0.0,0.08,5,3,1
63.3888,2,0.0,0.03,19,3,1
63.3949,2,0.0,0.11,10,3,1
63.4059,2,0.0,0.19,10,3,1
63.4141,2,0.0,0.43,5,3,1
63.4256,3,0.0,0.16,21,3,1
63.4322,2,0.0,0.3,14,3,1
63.4376,2,0.0,0.27,8,3,1
63.4448,2,0.0,0.05,2,3,1
63.4509,2,0.0,0.11,11,3,1
63.4607,2,0.0,0.03,20,3,1
63.4723,2,0.0,0.15,53,3,1
63.4782,2,0.9,1.33,40,3,1
63.4843,2,13.3,3.69,29,3,1
63.4905,2,0.0,0.07,8,3,1
63.4959,2,0.0,0.19,10,3,1
63.5015,2,0.0,0.24,10,3,1
63.506,2,0.0,0.38,7,3,1
63.5111,2,0.0,0.65,10,3,1
63.5196,2,0.0,0.12,8,3,1
63.5313,3,0.0,0.73,22,3,1
63.5429,2,0.0,3.12,11,3,1
63.557,3,13.2,1.37,19,3,1
63.5645,2,0.0,0.09,6,3,1
63.57,2,0.0,0.11,6,3,1
63.5749,2,0.0,0.12,6,3,1
63.5799,2,0.0,0.3,11,3,1
63.5858,0,0.0,0.13,29,3,2
63.5906,2,0.0,1.69,13,3,1
63.5957,2,0.0,2.06,46,3,1
63.6013,2,0.0,0.0,10,3,1
63.6067,2,0.0,0.22,2,3,1
63.6093,2,95.6,0.43,23,3,0
63.6147,2,0.0,0.1,8,3,1
63.6199,0,0.0,0.66,28,3,2
63.6249,2,0.0,0.52,17,3,1
63.6298,2,0.0,0.05,8,3,1
63.6344,2,0.0,0.02,3,3,1
63.6392,0,0.0,1.69,28,3,2
63.6445,3,0.0,1.03,22,3,1
63.6492,2,0.0,0.31,25,3,1
63.6541,2,0.0,0.16,6,3,1
63.6583,0,0.0,1.92,34,3,2
63.6627,2,0.0,0.04,1,3,1
63.6686,2,0.0,0.1,15,3,1
63.6738,2,0.0,0.18,10,3,1
63.6788,2,0.0,0.08,11,3,1
63.6834,2,0.0,0.13,8,3,1
63.689,2,0.9,0.67,49,3,1
63.6933,2,0.0,0.13,8,3,1
63.6969,2,0.0,0.54,13,3,1
63.702,2,0.0,0.52,30,3,1
64.7175,2,0.0,0.78,47,3,1
64.725,2,0.0,0.99,17,3,1
64.7322,2,0.0,0.04,3,3,1
64.741,2,4.4,1.9,21,3,1
64.7499,2,0.0,0.02,3,3,1
64.7593,3,0.0,0.14,6,3,1
64.7694,2,0.0,0.81,9,3,1
64.776,2,0.0,0.09,3,3,1
64.7827,2,0.0,0.01,2,3,1
64.7887,4,0.0,0.42,18,3,0
64.7943,2,0.0,0.13,10,3,1
64.7986,2,0.0,0.14,8,3,1
64.804,2,0.0,0.01,2,3,1
64.8095,2,0.0,3.78,79,3,1
64.8138,2,0.0,0.22,23,3,1
64.8195,2,0.0,0.24,12,3,1
64.8239,2,0.0,0.05,6,3,1
64.8282,2,0.0,0.03,1,3,1
64.8324,0,0.0,0.09,28,3,2
64.838,2,0.0,0.01,2,3,1
64.8424,1,0.0,0.09,16,3,2
64.8474,2,0.0,0.09,9,3,1
64.8517,2,0.0,0.05,9,3,1
64.8574,2,0.0,0.03,2,3,1
64.8621,2,0.0,0.3,5,3,1
64.8663,3,0.0,0.09,21,3,1
64.8713,2,42.9,2.0,33,3,1
64.8758,2,0.0,0.34,24,3,1
64.8805,2,0.0,0.21,8,3,1
64.8853,2,0.0,0.03,2,3,1
64.8906,2,0.0,0.63,60,3,1
64.8938,2,0.0,0.05,5,3,1
64.898,2,0.0,0.73,31,1,1
64.9038,0,0.0,0.32,29,3,2
64.9088,2,0.0,0.26,31,3,1
64.9127,2,0.0,0.38,11,3,1
64.9179,2,0.0,0.0,38,1,1
64.9244,2,0.0,0.01,17,3,1
64.9301,2,0.0,0.13,11,3,1
64.9352,2,0.0,0.3,5,3,1
64.9406,2,0.0,0.44,48,3,1
64.9439,2,0.0,0.05,9,3,1
64.948,2,0.0,0.08,11,3,1
64.9546,2,0.0,0.07,24,3,1
64.9592,2,0.0,0.11,7,3,1
64.9639,2,0.0,0.19,2,3,1
64.9703,2,0.0,0.06,8,3,1
64.9754,2,0.0,0.01,17,3,1
64.9807,2,0.0,0.04,3,3,1
64.9862,0,0.0,1.41,29,3,2
64.9904,2,0.0,0.04,4,3,1
64.9945,0,0.0,0.16,29,3,2
64.999,2,0.0,0.41,35,3,1
65.0049,2,0.0,0.01,2,3,1
65.0095,2,0.0,0.06,9,1,1
65.0144,2,0.0,0.32,20,3,1
65.0204,2,0.0,0.19,16,3,1
65.0248,2,0.0,0.08,3,3,1
65.0304,4,0.0,0.2,15,3,0
65.0354,2,0.0,0.22,6,3,1
65.0407,2,0.0,0.07,3,3,1
65.0448,2,0.0,0.95,16,1,1
65.0491,2,0.0,1.13,46,3,1
65.0549,2,0.0,2.5,27,3,1
65.0599,2,0.0,0.19,7,3,1
65.0641,2,0.0,0.03,4,3,1
65.0694,0,0.0,0.08,14,3,2
65.0736,2,0.0,0.07,8,3,1
65.0781,2,0.0,0.17,30,3,1
65.083,4,0.0,0.07,3,3,0
65.088,2,0.0,0.03,3,3,1
65.0925,2,0.0,0.3,12,3,1
65.097,0,0.0,0.12,44,3,2
65.1032,2,0.0,0.14,11,3,1
65.1077,2,0.0,0.11,8,3,1
65.1124,2,0.0,0.19,26,3,1
65.1181,2,0.0,0.87,17,1,1
65.1224,2,0.0,0.04,5,3,1
65.1274,2,0.0,0.2,8,3,1
65.1326,2,0.0,0.79,26,3,1
65.1376,2,0.0,0.03,2,3,1
65.1415,3,0.0,0.21,24,3,1
65.1457,2,0.0,0.05,9,3,1
65.1513,0,0.0,0.06,28,3,2
65.1559,0,0.0,1.11,27,3,2
65.1596,2,0.0,0.08,5,3,1
65.1647,2,0.0,0.03,19,3,1
65.1687,2,0.0,0.11,10,3,1
65.1739,2,0.0,0.19,10,3,1
65.1782,2,0.0,0.43,5,3,1
65.1832,3,0.0,0.16,21,3,1
65.188,2,0.0,0.3,14,3,1
65.1923,2,0.0,0.27,8,3,1
65.1976,2,0.0,0.05,2,3,1
65.2032,2,0.0,0.11,11,3,1
65.2073,2,0.0,0.03,20,3,1
65.212,2,0.0,0.15,53,3,1
65.2166,2,0.0,1.32,40,3,1
65.2218,2,33.3,3.68,29,3,1
65.227,2,0.0,0.07,8,3,1
65.2303,2,0.0,0.19,10,3,1
65.2361,2,0.0,0.24,10,3,1
65.2403,2,0.0,0.38,7,3,1
65.246,2,0.0,0.65,10,3,1
65.2513,2,0.0,0.12,8,3,1
65.2562,3,0.0,0.73,22,3,1
65.2604,2,0.0,3.12,11,3,1
65.2649,3,9.1,1.37,19,3,1
65.2701,2,0.0,0.09,6,3,1
65.2742,2,0.0,0.11,6,3,1
65.2785,2,0.0,0.12,6,3,1
65.2834,2,0.0,0.3,11,3,1
65.2886,0,0.0,0.13,29,3,2
65.2942,2,0.0,1.69,13,3,1
65.299,2,0.0,2.06,46,3,1
65.3037,2,0.0,0.0,10,3,1
65.3087,2,0.0,0.22,2,3,1
65.3129,2,98.2,0.43,23,3,0
65.3182,2,0.0,0.1,8,3,1
65.3226,0,0.0,0.66,28,3,2
65.3267,2,0.0,0.52,17,3,1
65.3314,2,0.0,0.05,8,3,1
65.3361,2,0.0,0.02,3,3,1
65.3415,0,0.0,1.69,28,3,2
65.346,3,0.0,1.03,22,3,1
65.3513,2,0.0,0.31,25,3,1
65.3574,2,0.0,0.16,6,3,1
65.3622,0,0.9,1.92,34,3,2
65.3658,2,0.0,0.04,1,3,1
65.371,2,0.0,0.1,15,3,1
65.3752,2,0.0,0.18,10,3,1
65.3792,2,0.0,0.08,11,3,1
65.384,2,0.0,0.13,8,3,1
65.3885,2,0.0,0.67,49,3,1
65.393,2,0.0,0.13,8,3,1
65.3972,2,0.0,0.54,13,3,1
65.4021,2,0.0,0.52,30,3,1
66.4165,2,0.0,0.78,47,3,1
66.4238,2,0.0,0.99,17,3,1
66.4307,2,0.0,0.04,3,3,1
66.4378,2,1.8,1.9,21,3,1
66.4455,2,0.0,0.02,3,3,1
66.4517,3,0.0,0.14,6,3,1
66.4612,2,0.0,0.81,9,3,1
66.4677,2,0.0,0.09,3,3,1
66.4752,2,0.0,0.01,2,3,1
66.4874,4,0.9,0.42,18,3,0
66.496,2,0.0,0.13,10,3,1
66.5049,2,0.0,0.14,8,3,1
66.5093,2,0.0,0.01,2,3,1
66.5149,2,0.0,3.78,79,3,1
66.5202,2,0.0,0.22,23,3,1
66.5244,2,0.0,0.24,12,3,1
66.5286,2,0.0,0.05,6,3,1
66.534,2,0.0,0.03,1,3,1
66.5385,0,0.0,0.09,28,3,2
66.5428,2,0.0,0.01,2,3,1
66.5474,1,0.0,0.09,16,3,2
66.5525,2,0.0,0.09,9,3,1
66.5565,2,0.0,0.05,9,3,1
66.5595,2,0.0,0.03,2,3,1
66.5644,2,0.0,0.3,5,3,1
66.5689,3,0.0,0.09,21,3,1
66.5739,2,41.3,2.0,33,3,1
66.5787,2,0.0,0.34,24,3,1
66.5846,2,0.0,0.21,8,3,1
66.589,2,0.0,0.03,2,3,1
66.593,2,0.0,0.63,60,3,1
66.5981,2,0.0,0.05,5,3,1
66.6038,2,0.0,0.73,31,1,1
66.6084,0,0.0,0.32,29,3,2
66.6126,2,0.0,0.26,31,3,1
66.6188,2,0.0,0.38,11,3,1
66.6248,2,0.0,0.0,38,1,1
66.6298,2,0.0,0.01,17,3,1
66.6356,2,0.0,0.13,11,3,1
66.6404,2,0.0,0.3,5,3,1
66.6445,2,0.0,0.44,48,3,1
66.6491,2,0.0,0.05,9,3,1
66.6551,2,0.0,0.08,11,3,1
66.6594,2,0.0,0.07,24,3,1
66.6639,2,0.0,0.11,7,3,1
66.6694,2,0.0,0.19,2,3,1
66.6749,2,0.0,0.06,8,3,1
66.6793,2,0.0,0.01,17,3,1
66.684,2,0.0,0.04,3,3,1
66.6886,0,0.0,1.41,29,3,2
66.6929,2,0.0,0.04,4,3,1
66.6969,0,0.0,0.16,29,3,2
66.7028,2,0.0,0.41,35,3,1
66.7059,2,0.0,0.01,2,3,1
66.71,2,0.0,0.06,9,1,1
66.714,2,0.0,0.32,20,3,1
66.7225,2,0.0,0.19,16,3,1
66.7279,2,0.0,0.08,3,3,1
66.7347,4,0.0,0.2,15,3,0
66.7391,2,0.0,0.22,6,3,1
66.7433,2,0.0,0.07,3,3,1
66.7475,2,0.0,0.95,16,1,1
66.7527,2,0.0,1.13,46,3,1
66.7568,2,0.0,2.5,27,3,1
66.7602,2,0.0,0.19,7,3,1
66.7653,2,0.0,0.03,4,3,1
66.7706,0,0.0,0.08,14,3,2
66.775,2,0.0,0.07,8,3,1
66.7793,2,0.0,0.17,30,3,1
66.7863,4,0.0,0.07,3,3,0
66.7909,2,0.0,0.03,3,3,1
66.7945,2,0.0,0.3,12,3,1
66.7992,0,0.0,0.12,44,3,2
66.8042,2,0.0,0.14,11,3,1
66.8082,2,0.0,0.11,8,3,1
66.8135,2,0.0,0.19,26,3,1
66.8198,2,0.0,0.87,17,1,1
66.8252,2,0.0,0.04,5,3,1
66.832,2,0.0,0.2,8,3,1
66.8379,2,0.0,0.79,26,3,1
66.8432,2,0.0,0.03,2,3,1
66.8486,3,0.0,0.21,24,3,1
66.8532,2,0.0,0.05,9,3,1
66.8579,0,0.0,0.06,28,3,2
66.862,0,0.0,1.11,27,3,2
66.8666,2,0.0,0.08,5,3,1
66.8718,2,0.0,0.03,19,3,1
66.8774,2,0.0,0.11,10,3,1
66.8823,2,0.0,0.19,10,3,1
66.8875,2,0.0,0.43,5,3,1
66.8917,3,0.0,0.16,21,3,1
66.896,2,0.0,0.3,14,3,1
66.9009,2,0.0,0.27,8,3,1
66.9059,2,0.0,0.05,2,3,1
66.9106,2,0.0,0.11,11,3,1
66.9141,2,0.0,0.03,20,3,1
66.9205,2,0.0,0.15,53,3,1
66.9259,2,0.0,1.32,40,3,1
66.9297,2,33.0,3.69,29,3,1
66.9357,2,0.0,0.07,8,3,1
66.9399,2,0.0,0.19,10,3,1
66.9439,2,0.0,0.24,10,3,1
66.9482,2,0.0,0.38,7,3,1
66.9528,2,0.0,0.65,10,3,1
66.9578,2,0.0,0.12,8,3,1
66.9622,3,0.0,0.73,22,3,1
66.9686,2,0.0,3.12,11,3,1
66.9739,3,13.8,1.37,19,3,1
66.978,2,0.0,0.09,6,3,1
66.9827,2,0.9,0.11,6,3,1
66.9879,2,0.0,0.12,6,3,1
66.9922,2,0.0,0.3,11,3,1
66.9963,0,0.0,0.13,29,3,2
67.002,2,0.0,1.69,13,3,1
67.0061,2,0.0,2.06,46,3,1
67.0104,2,0.0,0.0,10,3,1
67.0162,2,0.0,0.22,2,3,1
67.0215,2,96.3,0.43,23,3,0
67.0253,2,0.0,0.1,8,3,1
67.031,0,0.0,0.66,28,3,2
67.036,2,0.0,0.52,17,3,1
67.0406,2,0.0,0.05,8,3,1
67.0446,2,0.0,0.02,3,3,1
67.0494,0,0.0,1.69,28,3,2
67.054,3,0.0,1.03,22,3,1
67.0577,2,0.0,0.31,25,3,1
67.0627,2,0.0,0.16,6,3,1
67.0686,0,1.8,1.92,34,3,2
67.0735,2,0.0,0.04,1,3,1
67.0781,2,0.0,0.1,15,3,1
67.083,2,0.0,0.18,10,3,1
67.0878,2,0.0,0.08,11,3,1
67.0919,2,0.0,0.13,8,3,1
67.096,2,0.0,0.67,49,3,1
67.1015,2,0.0,0.13,8,3,1
67.1062,2,0.0,0.54,13,3,1
67.1105,2,0.0,0.52,30,3,1
68.1307,2,0.0,0.78,47,3,1
68.1366,2,0.0,0.99,17,3,1
68.141,2,0.0,0.04,3,3,1
68.1454,2,1.8,1.9,21,3,1
68.154,2,0.0,0.02,3,3,1
68.1627,3,0.0,0.14,6,3,1
68.1726,2,0.0,0.81,9,3,1
68.1821,2,0.0,0.09,3,3,1
68.1892,2,0.0,0.01,2,3,1
68.1939,4,0.9,0.42,18,3,0
68.1987,2,0.0,0.13,10,3,1
68.2044,2,0.0,0.14,8,3,1
68.2102,2,0.0,0.01,2,3,1
68.2178,2,0.0,3.78,79,3,1
68.2253,2,0.0,0.22,23,3,1
68.2327,2,0.0,0.24,12,3,1
68.2394,2,0.0,0.05,6,3,1
68.2436,2,0.0,0.03,1,3,1
68.248,0,0.0,0.09,28,3,2
68.2537,2,0.0,0.01,2,3,1
68.2588,1,0.0,0.09,16,3,2
68.2646,2,0.0,0.09,9,3,1
68.2698,2,0.0,0.05,9,3,1
68.2743,2,0.0,0.03,2,3,1
68.2786,2,0.0,0.3,5,3,1
68.2835,3,0.0,0.09,21,3,1
68.2881,2,40.0,2.0,33,3,1
68.2925,2,0.0,0.34,24,3,1
68.2957,2,0.0,0.21,8,3,1
68.3022,2,0.0,0.03,2,3,1
68.3067,2,0.0,0.63,60,3,1
68.3121,2,0.0,0.05,5,3,1
68.3177,2,0.0,0.73,31,1,1
68.3222,0,0.0,0.32,29,3,2
68.3266,2,0.0,0.26,31,3,1
68.3312,2,0.9,0.38,11,3,1
68.3359,2,0.0,0.0,38,1,1
68.3402,2,0.0,0.01,17,3,1
68.3445,2,0.0,0.13,11,3,1
68.3498,2,0.0,0.3,5,3,1
68.3549,2,0.0,0.44,48,3,1
68.3599,2,0.0,0.05,9,3,1
68.3648,2,0.0,0.08,11,3,1
68.3704,2,0.0,0.07,24,3,1
68.3749,2,0.0,0.11,7,3,1
68.3782,2,0.0,0.19,2,3,1
68.3841,2,0.0,0.06,8,3,1
68.3885,2,0.0,0.01,17,3,1
68.3919,2,0.0,0.04,3,3,1
68.3978,0,0.0,1.41,29,3,2
68.4035,2,0.0,0.04,4,3,1
68.4078,0,0.0,0.16,29,3,2
68.4128,2,0.0,0.41,35,3,1
68.4183,2,0.0,0.01,2,3,1
68.4233,2,0.0,0.06,9,1,1
68.4289,2,0.0,0.32,20,3,1
68.4365,2,0.0,0.19,16,3,1
68.4423,2,0.0,0.08,3,3,1
68.4487,4,0.0,0.2,15,3,0
68.4559,2,0.0,0.22,6,3,1
68.4622,2,0.0,0.07,3,3,1
68.4696,2,0.0,0.95,16,1,1
68.4747,2,0.0,1.13,46,3,1
68.482,2,0.0,2.51,27,3,1
68.4896,2,0.0,0.19,7,3,1
68.4945,2,0.0,0.03,4,3,1
68.4992,0,0.0,0.08,14,3,2
68.5032,2,0.0,0.07,8,3,1
68.5079,2,0.0,0.17,30,3,1
68.5134,4,0.0,0.07,3,3,0
68.5229,2,0.0,0.03,3,3,1
68.5346,2,0.0,0.3,12,3,1
68.5419,0,0.0,0.12,44,3,2
68.5491,2,0.0,0.14,11,3,1
68.5577,2,0.0,0.11,8,3,1
68.5615,2,0.0,0.19,26,3,1
68.5665,2,0.0,0.87,17,1,1
68.5709,2,0.9,0.04,5,3,1
68.5741,2,0.0,0.2,8,3,1
68.579,2,0.0,0.79,26,3,1
68.5842,2,0.0,0.03,2,3,1
68.5885,3,0.0,0.21,24,3,1
68.5938,2,0.0,0.05,9,3,1
68.5979,0,0.0,0.06,28,3,2
68.6027,0,0.0,1.11,27,3,2
68.6068,2,0.0,0.08,5,3,1
68.6118,2,0.0,0.03,19,3,1
68.616,2,0.0,0.11,10,3,1
68.6215,2,0.0,0.19,10,3,1
68.6265,2,0.0,0.43,5,3,1
68.6318,3,0.0,0.16,21,3,1
68.6372,2,0.0,0.3,14,3,1
68.6415,2,0.0,0.27,8,3,1
68.6456,2,0.0,0.05,2,3,1
68.6513,2,0.0,0.11,11,3,1
68.6564,2,0.0,0.03,20,3,1
68.6612,2,0.0,0.15,53,3,1
68.6683,2,0.0,1.32,40,3,1
68.6734,2,40.2,3.68,29,3,1
68.6788,2,0.0,0.07,8,3,1
68.6848,2,0.0,0.19,10,3,1
68.6896,2,0.0,0.24,10,3,1
68.6949,2,0.0,0.38,7,3,1
68.7007,2,0.0,0.65,9,3,1
68.7067,2,0.0,0.12,8,3,1
68.7121,3,0.0,0.73,22,3,1
68.7192,2,0.0,3.12,11,3,1
68.7249,3,5.4,1.37,19,3,1
68.7289,2,0.0,0.09,6,3,1
68.7362,2,0.0,0.11,6,3,1
68.7418,2,0.0,0.12,6,3,1
68.7462,2,0.0,0.3,11,3,1
68.7523,0,0.0,0.13,29,3,2
68.7563,2,0.0,1.69,13,3,1
68.7617,2,0.0,2.06,46,3,1
68.7663,2,0.0,0.0,10,3,1
68.7712,2,0.0,0.22,2,3,1
68.7746,2,95.5,0.43,23,3,0
68.7791,2,0.0,0.1,8,3,1
68.785,0,0.0,0.66,28,3,2
68.7902,2,0.0,0.52,17,3,1
68.7945,2,0.0,0.05,8,3,1
68.7992,2,0.0,0.02,3,3,1
68.8047,0,0.0,1.69,28,3,2
68.8084,3,0.0,1.03,22,3,1
68.8128,2,0.0,0.31,25,3,1
68.8189,2,0.0,0.16,6,3,1
68.8236,0,0.0,1.92,34,3,2
68.8277,2,0.0,0.04,1,3,1
68.8338,2,0.0,0.1,15,3,1
68.8387,2,0.0,0.18,10,3,1
68.8431,2,0.0,0.08,11,3,1
68.8487,2,0.0,0.13,8,3,1
68.8536,2,0.0,0.67,49,3,1
68.8577,2,0.0,0.13,8,3,1
68.8623,2,0.0,0.54,13,3,1
68.8671,2,0.0,0.52,30,3,1
69.8849,2,0.0,0.78,47,3,1
69.8926,2,0.0,0.99,17,3,1
69.8984,2,0.0,0.04,3,3,1
69.9035,2,0.9,1.9,21,3,1
69.9089,2,0.0,0.02,3,3,1
69.9131,3,0.0,0.14,6,3,1
69.919,2,0.0,0.81,9,3,1
69.9231,2,0.0,0.09,3,3,1
69.9271,2,0.0,0.01,2,3,1
69.9324,4,0.0,0.42,18,3,0
69.9364,2,0.0,0.13,10,3,1
69.9408,2,0.0,0.14,8,3,1
69.9455,2,0.0,0.01,2,3,1
69.9515,2,0.0,3.78,78,3,1
69.9564,2,0.0,0.22,23,3,1
69.9597,2,0.0,0.24,12,3,1
69.9651,2,0.0,0.05,6,3,1
69.9709,2,0.0,0.03,1,3,1
69.9763,0,0.0,0.09,28,3,2
69.9824,2,0.0,0.01,2,3,1
69.9886,1,0.0,0.09,16,3,2
69.9944,2,0.0,0.09,9,3,1
70.0012,2,0.0,0.05,9,3,1
70.0062,2,0.0,0.03,2,3,1
70.0118,2,0.0,0.3,5,3,1
70.0173,3,0.0,0.09,21,3,1
70.0241,2,42.4,2.0,33,3,1
70.0289,2,0.0,0.34,24,3,1
70.0344,2,0.0,0.21,8,3,1
70.0389,2,0.0,0.03,2,3,1
70.0438,2,0.0,0.63,60,3,1
70.048,2,0.0,0.05,5,3,1
70.0538,2,0.0,0.73,31,1,1
70.0602,0,0.0,0.32,29,3,2
70.0665,2,0.0,0.26,31,3,1
70.0734,2,0.0,0.38,11,3,1
70.0791,2,0.0,0.0,38,1,1
70.0865,2,0.0,0.01,17,3,1
70.0907,2,0.0,0.13,11,3,1
70.0951,2,0.0,0.3,5,3,1
70.1004,2,0.0,0.44,48,3,1
70.1048,2,0.0,0.05,9,3,1
70.1095,2,0.0,0.08,11,3,1
70.1149,2,0.0,0.07,24,3,1
70.1197,2,0.0,0.11,7,3,1
70.125,2,0.0,0.19,2,3,1
70.1288,2,0.0,0.06,8,3,1
70.1347,2,0.0,0.01,17,3,1
70.1387,2,0.0,0.04,3,3,1
70.1422,0,0.0,1.41,29,3,2
70.1469,2,0.0,0.04,4,3,1
70.1517,0,0.0,0.16,29,3,2
70.1568,2,0.0,0.41,35,3,1
70.1613,2,0.0,0.01,2,3,1
70.1663,2,0.0,0.06,9,1,1
70.1721,2,0.0,0.32,20,3,1
70.1764,2,0.0,0.19,16,3,1
70.1819,2,0.0,0.08,3,3,1
70.1868,4,0.0,0.2,15,3,0
70.1912,2,0.0,0.22,6,3,1
70.1952,2,0.0,0.07,3,3,1
70.2005,2,0.0,0.95,16,1,1
70.2057,2,0.0,1.13,46,3,1
70.2108,2,0.0,2.51,27,3,1
70.2165,2,0.0,0.19,7,3,1
70.222,2,0.0,0.03,4,3,1
70.2275,0,0.0,0.08,14,3,2
70.2336,2,0.0,0.07,8,3,1
70.2396,2,0.0,0.17,30,3,1
70.2453,4,0.0,0.07,3,3,0
70.2511,2,0.0,0.03,3,3,1
70.2554,2,0.0,0.3,12,3,1
70.2612,0,0.0,0.12,44,3,2
70.2668,2,0.0,0.14,11,3,1
70.2723,2,0.0,0.11,8,3,1
70.2764,2,0.0,0.2,26,3,1
70.2811,2,0.0,0.87,17,1,1
70.2866,2,0.0,0.04,5,3,1
70.2908,2,0.0,0.2,8,3,1
70.2945,2,0.0,0.79,26,3,1
70.2994,2,0.0,0.03,2,3,1
70.3039,3,0.0,0.21,24,3,1
70.3093,2,0.0,0.05,9,3,1
70.3144,0,0.0,0.06,28,3,2
70.3196,0,2.7,1.13,27,3,1
70.3239,2,0.0,0.08,5,3,1
70.329,2,0.0,0.03,19,3,1
70.3337,2,0.0,0.11,10,3,1
70.3386,2,0.0,0.19,10,3,1
70.3427,2,0.0,0.43,5,3,1
70.3474,3,0.0,0.16,21,3,1
70.3518,2,0.0,0.3,13,3,1
70.3569,2,0.0,0.27,8,3,1
70.3618,2,0.0,0.05,2,3,1
70.3666,2,0.0,0.11,11,3,1
70.3721,2,0.0,0.03,20,3,1
70.3774,2,0.0,0.15,53,3,1
70.3821,2,0.0,1.32,40,3,1
70.3863,2,26.6,3.68,29,3,1
70.3913,2,0.0,0.07,8,3,1
70.3954,2,0.0,0.19,10,3,1
70.4012,2,0.0,0.24,10,3,1
70.4059,2,0.0,0.38,7,3,1
70.4123,2,0.0,0.65,9,3,1
70.42,2,0.0,0.12,8,3,1
70.4255,3,0.0,0.73,22,3,1
70.4311,2,0.0,3.12,11,3,1
70.4354,3,10.0,1.37,19,3,1
70.4396,2,0.0,0.09,6,3,1
70.4432,2,0.0,0.11,6,3,1
70.4479,2,0.0,0.12,6,3,1
70.4522,2,0.0,0.3,11,3,1
70.4571,0,0.0,0.13,29,3,2
70.4614,2,0.0,1.69,13,3,1
70.4664,2,0.9,2.07,46,3,1
70.4719,2,0.0,0.0,10,3,1
70.477,2,0.0,0.22,2,3,1
70.4803,2,99.0,0.43,23,3,0
70.4856,2,0.0,0.1,8,3,1
70.49,0,0.0,0.66,28,3,2
70.494,2,0.0,0.52,17,3,1
70.4996,2,0.0,0.05,8,3,1
70.5053,2,0.0,0.02,3,3,1
70.5097,0,0.0,1.69,28,3,2
70.5144,3,0.0,1.03,22,3,1
70.52,2,0.0,0.31,25,3,1
70.5242,2,0.0,0.16,6,3,1
70.5284,0,0.0,1.92,34,3,2
70.5342,2,0.0,0.04,1,3,1
70.5382,2,0.0,0.1,15,3,1
70.5435,2,0.0,0.18,10,3,1
70.5471,2,0.0,0.08,11,3,1
70.5536,2,0.0,0.13,8,3,1
70.558,2,0.9,0.67,49,3,1
70.5633,2,0.0,0.13,8,3,1
70.5689,2,0.0,0.54,13,3,1
70.5743,2,0.0,0.52,30,3,1
71.5928,2,0.0,0.78,47,3,1
71.6022,2,0.0,0.99,17,3,1
71.6101,2,0.0,0.04,3,3,1
71.6183,2,1.8,1.9,21,3,1
71.6267,2,0.0,0.02,3,3,1
71.6357,3,0.0,0.14,6,3,1
71.6463,2,0.0,0.81,9,3,1
71.6569,2,0.0,0.09,3,3,1
71.6646,2,0.0,0.01,2,3,1
71.6732,4,0.0,0.42,18,3,0
71.6806,2,0.0,0.13,10,3,1
71.6869,2,0.0,0.14,8,3,1
71.6923,2,0.0,0.01,2,3,1
71.7001,2,0.0,3.78,78,3,1
71.7079,2,0.0,0.22,23,3,1
71.7158,2,0.0,0.24,12,3,1
71.7209,2,0.0,0.05,6,3,1
71.7252,2,0.0,0.03,1,3,1
71.7302,0,0.0,0.09,28,3,2
71.7354,2,0.0,0.01,2,3,1
71.7395,1,0.0,0.09,16,3,2
71.745,2,0.0,0.09,9,3,1
71.7504,2,0.0,0.05,9,3,1
71.7548,2,0.0,0.03,2,3,1
71.7592,2,0.0,0.3,5,3,1
71.765,3,0.0,0.09,21,3,1
71.7708,2,42.0,2.0,33,3,1
71.7763,2,0.0,0.34,24,3,1
71.7835,2,0.0,0.21,8,3,1
71.7882,2,0.0,0.03,2,3,1
71.7928,2,0.0,0.63,60,3,1
71.7982,2,0.0,0.05,5,3,1
71.803,2,0.0,0.73,31,1,1
71.808,0,0.0,0.32,29,3,2
71.8133,2,0.0,0.26,31,3,1
71.8212,2,0.0,0.38,11,3,1
71.8277,2,0.0,0.0,38,1,1
71.834,2,0.0,0.01,17,3,1
71.8403,2,0.0,0.13,11,3,1
71.847,2,0.0,0.3,5,3,1
71.8512,2,0.0,0.44,48,3,1
71.8553,2,0.0,0.05,9,3,1
71.8595,2,0.0,0.08,11,3,1
71.8638,2,0.0,0.07,24,3,1
71.8688,2,0.0,0.11,7,3,1
71.8749,2,0.0,0.19,2,3,1
71.8808,2,0.0,0.06,8,3,1
71.8868,2,0.0,0.01,17,3,1
71.8916,2,0.0,0.04,3,3,1
71.897,0,0.0,1.41,29,3,2
71.9014,2,0.0,0.04,4,3,1
71.9064,0,0.0,0.16,29,3,2
71.9103,2,0.0,0.41,35,3,1
71.9155,2,0.0,0.01,2,3,1
71.9198,2,0.0,0.06,9,1,1
71.9257,2,0.0,0.32,20,3,1
71.9308,2,0.0,0.19,16,3,1
71.9365,2,0.0,0.08,3,3,1
71.9409,4,0.0,0.2,15,3,0
71.9449,2,0.0,0.22,6,3,1
71.95,2,0.0,0.07,3,3,1
71.9541,2,0.0,0.95,16,1,1
71.9587,2,0.0,1.13,46,3,1
71.9629,2,0.0,2.51,27,3,1
71.9681,2,0.0,0.19,7,3,1
71.9738,2,0.0,0.03,4,3,1
71.9789,0,0.0,0.08,14,3,2
71.9843,2,0.0,0.07,8,3,1
71.9889,2,0.0,0.17,30,3,1
71.9946,4,0.0,0.07,3,3,0
71.9998,2,0.0,0.03,3,3,1
72.0045,2,0.0,0.3,12,3,1
72.0085,0,0.0,0.12,44,3,2
72.0135,2,0.0,0.14,11,3,1
72.0192,2,0.0,0.11,8,3,1
72.0247,2,0.0,0.2,26,3,1
72.0291,2,0.0,0.87,17,1,1
72.035,2,0.0,0.04,5,3,1
72.039,2,0.0,0.2,8,3,1
72.0433,2,0.0,0.79,26,3,1
72.048,2,0.0,0.03,2,3,1
72.052,3,0.0,0.21,24,3,1
72.0561,2,0.0,0.05,9,3,1
72.0609,0,0.0,0.06,28,3,2
72.0655,0,0.0,1.13,27,3,2
72.0721,2,0.0,0.08,5,3,1
72.0763,2,0.0,0.03,19,3,1
72.0811,2,0.0,0.11,10,3,1
72.0862,2,0.0,0.19,10,3,1
72.0916,2,0.0,0.43,5,3,1
72.0968,3,0.0,0.16,21,3,1
72.1028,2,0.0,0.3,13,3,1
72.1088,2,0.0,0.27,8,3,1
72.1182,2,0.0,0.05,2,3,1
72.1249,2,0.0,0.11,11,3,1
72.1316,2,0.0,0.03,20,3,1
72.1384,2,0.0,0.15,53,3,1
72.1469,2,0.0,1.32,40,3,1
72.1526,2,29.2,3.66,29,3,1
72.1567,2,0.0,0.07,8,3,1
72.161,2,0.0,0.19,10,3,1
72.1667,2,0.0,0.24,10,3,1
72.171,2,0.0,0.38,7,3,1
72.175,2,0.0,0.65,9,3,1
72.1803,2,0.0,0.12,8,3,1
72.1877,3,0.0,0.73,22,3,1
72.1925,2,0.0,3.12,11,3,1
72.1972,3,14.3,1.37,19,3,1
72.2027,2,0.0,0.09,6,3,1
72.2073,2,0.0,0.11,6,3,1
72.2119,2,0.0,0.12,6,3,1
72.2173,2,0.0,0.3,11,3,1
72.2216,0,0.0,0.13,29,3,2
72.2266,2,0.0,1.69,13,3,1
72.2319,2,0.0,2.07,46,3,1
72.2375,2,0.0,0.0,10,3,1
72.242,2,0.0,0.22,2,3,1
72.2473,2,98.3,0.43,23,3,0
72.2534,2,0.0,0.1,8,3,1
72.2575,0,0.0,0.66,28,3,2
72.2612,2,0.0,0.52,17,3,1
72.2667,2,0.0,0.05,8,3,1
72.2722,2,0.0,0.02,3,3,1
72.2765,0,0.0,1.69,28,3,2
72.281,3,0.0,1.03,22,3,1
72.2867,2,0.0,0.31,25,3,1
72.2912,2,0.0,0.16,6,3,1
72.2954,0,1.8,1.92,34,3,2
72.3007,2,0.0,0.04,1,3,1
72.3049,2,0.0,0.1,15,3,1
72.3089,2,0.0,0.18,10,3,1
72.3138,2,0.0,0.08,11,3,1
72.3198,2,0.0,0.13,8,3,1
72.3234,2,0.0,0.67,49,3,1
72.3278,2,0.0,0.13,8,3,1
72.3335,2,0.0,0.54,13,3,1
72.3383,2,0.0,0.52,30,3,1
73.3461,2,0.0,0.78,47,3,1
73.3537,2,0.0,0.99,17,3,1
73.3611,2,0.0,0.04,3,3,1
73.3666,2,3.6,1.9,21,3,1
73.3718,2,0.0,0.02,3,3,1
73.3808,3,0.0,0.14,6,3,1
73.3882,2,0.0,0.81,9,3,1
73.3955,2,0.0,0.09,3,3,1
73.4042,2,0.0,0.01,2,3,1
73.4129,4,0.0,0.42,18,3,0
73.4241,2,0.0,0.13,10,3,1
73.4321,2,0.0,0.14,8,3,1
73.4382,2,0.0,0.01,2,3,1
73.4464,2,0.0,3.78,78,3,1
73.4541,2,0.0,0.22,23,3,1
73.4631,2,0.0,0.24,12,3,1
73.4714,2,0.0,0.05,6,3,1
73.4763,2,0.0,0.03,1,3,1
73.4837,0,0.0,0.09,28,3,2
73.4887,2,0.0,0.01,2,3,1
73.4948,1,0.0,0.09,16,3,2
73.5016,2,0.0,0.09,9,3,1
73.5074,2,0.0,0.05,9,3,1
73.5123,2,0.0,0.03,2,3,1
73.5187,2,0.0,0.3,5,3,1
73.5245,3,0.0,0.09,21,3,1
73.5302,2,42.5,2.01,33,3,1
73.5357,2,0.0,0.34,24,3,1
73.5423,2,0.0,0.21,8,3,1
73.5478,2,0.0,0.03,2,3,1
73.5542,2,0.0,0.63,60,3,1
73.5611,2,0.0,0.05,5,3,1
73.567,2,0.0,0.73,31,1,1
73.5733,0,0.0,0.32,29,3,2
73.5784,2,0.0,0.26,31,3,1
73.5844,2,0.0,0.38,11,3,1
73.5885,2,0.0,0.0,38,1,1
73.5918,2,0.0,0.01,17,3,1
73.5979,2,0.0,0.13,11,3,1
73.6039,2,0.0,0.3,5,3,1
73.6124,2,0.0,0.44,48,3,1
73.619,2,0.0,0.05,9,3,1
73.626,2,0.0,0.08,11,3,1
73.6308,2,0.0,0.07,24,3,1
73.6472,2,0.0,0.11,7,3,1
73.6635,2,0.0,0.19,2,3,1
73.6757,2,0.0,0.06,8,3,1
73.6839,2,0.0,0.01,17,3,1
73.6928,2,0.0,0.04,3,3,1
73.6985,0,0.0,1.41,29,3,2
73.7027,2,0.0,0.04,4,3,1
73.7073,0,0.0,0.16,29,3,2
73.711,2,0.0,0.41,35,3,1
73.7166,2,0.0,0.01,2,3,1
73.721,2,0.0,0.06,9,1,1
73.726,2,0.0,0.32,20,3,1
73.73,2,0.0,0.19,16,3,1
73.7345,2,0.0,0.08,3,3,1
73.7395,4,0.0,0.2,15,3,0
73.744,2,0.0,0.22,6,3,1
73.7501,2,0.0,0.07,3,3,1
73.7541,2,0.0,0.95,16,1,1
73.759,2,0.0,1.13,46,3,1
73.7628,2,0.0,2.51,27,3,1
73.7691,2,0.0,0.19,7,3,1
73.7733,2,0.0,0.03,4,3,1
73.7774,0,0.0,0.08,14,3,2
73.7828,2,0.0,0.07,8,3,1
73.7885,2,0.0,0.17,30,3,1
73.7929,4,0.0,0.07,3,3,0
73.7984,2,0.0,0.03,3,3,1
73.8032,2,0.0,0.3,12,3,1
73.8083,0,0.0,0.12,44,3,2
73.8129,2,0.0,0.14,11,3,1
73.8179,2,0.0,0.11,8,3,1
73.8235,2,0.0,0.19,26,3,1
73.8302,2,0.0,0.87,17,1,1
73.836,2,0.0,0.04,5,3,1
73.843,2,0.0,0.2,8,3,1
73.8511,2,0.0,0.79,26,3,1
73.8593,2,0.0,0.03,2,3,1
73.8674,3,0.0,0.21,24,3,1
73.8753,2,0.0,0.05,9,3,1
73.8824,0,0.0,0.06,28,3,2
73.8865,0,0.0,1.13,27,3,2
73.8911,2,0.0,0.08,5,3,1
73.8961,2,0.0,0.03,19,3,1
73.9017,2,0.0,0.11,10,3,1
73.907,2,0.0,0.19,10,3,1
73.9138,2,0.0,0.43,5,3,1
73.9213,3,0.0,0.16,21,3,1
73.9265,2,0.0,0.3,13,3,1
73.9335,2,0.0,0.27,8,3,1
73.9381,2,0.0,0.05,2,3,1
73.9433,2,0.0,0.11,11,3,1
73.9492,2,0.0,0.03,20,3,1
73.9536,2,0.0,0.15,53,3,1
73.9582,2,0.0,1.32,40,3,1
73.964,2,47.4,3.68,29,3,0
73.9697,2,0.0,0.07,8,3,1
73.9764,2,0.0,0.19,10,3,1
73.9835,2,0.0,0.24,10,3,1
73.9881,2,0.0,0.38,7,3,1
73.9973,2,0.0,0.65,9,3,1
74.0018,2,0.0,0.12,8,3,1
74.0057,3,0.0,0.73,22,3,1
74.0104,2,0.0,3.12,11,3,1
74.0143,3,9.4,1.37,19,3,1
74.0199,2,0.0,0.09,6,3,1
74.0249,2,0.0,0.11,6,3,1
74.03,2,0.0,0.12,6,3,1
74.0346,2,0.0,0.3,11,3,1
74.0398,0,0.0,0.13,29,3,2
74.0431,2,0.0,1.69,13,3,1
74.0487,2,0.0,2.06,46,3,1
74.0535,2,0.0,0.0,10,3,1
74.0576,2,0.0,0.22,2,3,1
74.0613,2,94.9,0.43,23,3,0
74.0668,2,0.0,0.1,8,3,1
74.0723,0,0.0,0.66,28,3,2
74.0768,2,0.0,0.52,17,3,1
74.0873,2,0.0,0.05,8,3,1
74.0931,2,0.0,0.02,3,3,1
74.0995,0,0.0,1.69,28,3,2
74.1041,3,0.0,1.03,22,3,1
74.1084,2,0.0,0.31,25,3,1
74.113,2,0.0,0.16,6,3,1
74.1209,0,0.0,1.92,32,3,2
74.1259,2,0.0,0.04,1,3,1
74.1313,2,0.0,0.1,14,3,1
74.1371,2,0.0,0.18,10,3,1
74.1407,2,0.0,0.08,11,3,1
74.1452,2,0.0,0.13,6,3,1
74.1499,2,0.0,0.67,49,3,1
74.1537,2,0.0,0.13,8,3,1
74.1569,2,0.0,0.54,11,3,1
74.1611,2,0.0,0.52,30,3,1
75.1769,2,0.0,0.78,45,3,1
75.1843,2,0.0,0.99,15,3,1
75.1931,2,0.0,0.04,1,3,1
75.1995,2,0.9,1.9,21,3,1
75.2083,2,0.0,0.02,3,3,1
75.2157,3,0.0,0.14,6,3,1
75.2209,2,0.0,0.81,9,3,1
75.2259,2,0.0,0.09,3,3,1
75.2301,2,0.0,0.01,2,3,1
75.2346,4,0.0,0.42,18,3,0
75.2394,2,0.0,0.13,9,3,1
75.2447,2,0.0,0.14,8,3,1
75.2502,2,0.0,0.01,2,3,1
75.2549,2,0.0,3.78,76,3,1
75.2599,2,0.0,0.22,23,3,1
75.2658,2,0.0,0.24,12,3,1
75.271,2,0.0,0.05,5,3,1
75.2766,2,0.0,0.03,1,3,1
75.2822,0,0.0,0.09,28,3,2
75.2869,2,0.0,0.01,2,3,1
75.2919,1,0.0,0.09,14,3,2
75.2974,2,0.0,0.09,6,3,1
75.3028,2,0.0,0.04,8,3,1
75.3072,2,0.0,0.03,2,3,1
75.3111,2,0.0,0.3,5,3,1
75.317,3,0.0,0.09,21,3,1
75.3214,2,42.1,2.01,33,3,1
75.3257,2,0.0,0.34,24,3,1
75.3299,2,0.0,0.21,7,3,1
75.3353,2,0.0,0.03,2,3,1
75.3406,2,0.0,0.63,60,3,1
75.3466,2,0.0,0.05,5,3,1
75.3522,2,0.0,0.73,31,1,1
75.3572,0,0.0,0.32,29,3,2
75.3625,2,0.0,0.26,31,3,1
75.3677,2,0.0,0.38,11,3,1
75.374,2,0.0,0.0,38,1,1
75.38,2,0.0,0.01,17,3,1
75.3849,2,0.0,0.13,11,3,1
75.3897,2,0.0,0.3,5,3,1
75.3937,2,0.0,0.44,48,3,1
75.3996,2,0.0,0.05,8,3,1
75.4046,2,0.0,0.08,11,3,1
75.4094,2,0.0,0.07,24,3,1
75.417,2,0.0,0.11,6,3,1
75.4235,2,0.0,0.19,2,3,1
75.4306,2,0.0,0.06,7,3,1
75.4394,2,0.0,0.01,17,3,1
75.4461,2,0.0,0.04,2,3,1
75.4512,0,0.0,1.41,29,3,2
75.4563,2,0.0,0.04,3,3,1
75.4621,0,0.0,0.16,29,3,2
75.4684,2,0.0,0.41,35,3,1
75.4773,2,0.0,0.01,2,3,1
75.4842,2,0.0,0.06,9,1,1
75.4898,2,0.0,0.32,20,3,1
75.4941,2,0.0,0.18,14,3,1
75.4988,2,0.0,0.08,3,3,1
75.5041,4,0.0,0.2,15,3,0
75.5074,2,0.0,0.22,6,3,1
75.5129,2,0.0,0.07,2,3,1
75.5182,2,0.0,0.95,16,1,1
75.5233,2,0.0,1.13,46,3,1
75.5276,2,0.0,2.51,27,3,1
75.5336,2,0.0,0.19,7,3,1
75.5377,2,0.0,0.03,4,3,1
75.5419,0,0.0,0.08,14,3,2
75.5471,2,0.0,0.07,8,3,1
75.552,2,0.0,0.17,30,3,1
75.5561,4,0.0,0.07,3,3,0
75.5603,2,0.0,0.03,2,3,1
75.5669,2,0.0,0.3,12,3,1
75.5719,0,0.0,0.12,44,3,2
75.5756,2,1.8,0.14,11,3,1
75.581,2,0.0,0.11,8,3,1
75.5855,2,0.0,0.2,26,3,1
75.5895,2,0.0,0.87,17,1,1
75.5937,2,0.0,0.04,4,3,1
75.6001,2,0.0,0.2,8,3,1
75.6045,2,0.0,0.03,2,3,1
75.6088,3,0.0,0.21,24,3,1
75.6146,2,0.0,0.05,8,3,1
75.6193,0,0.0,0.06,28,3,2
75.623,0,0.0,1.14,27,3,2
75.6272,2,0.0,0.08,4,3,1
75.6322,2,0.0,0.03,19,3,1
75.6373,2,0.0,0.11,10,3,1
75.6419,2,0.0,0.19,9,3,1
75.6457,2,0.0,0.43,5,3,1
75.6508,3,0.0,0.16,21,3,1
75.6549,2,0.0,0.3,13,3,1
75.6599,2,0.0,0.27,8,3,1
75.666,2,0.0,0.05,2,3,1
75.6703,2,0.0,0.11,9,3,1
75.6755,2,0.0,0.03,20,3,1
75.6808,2,0.0,0.15,52,3,1
75.6854,2,0.0,1.32,40,3,1
75.6893,2,21.6,3.7,29,3,1
75.6934,2,0.0,0.07,8,3,1
75.698,2,0.0,0.19,10,3,1
75.7023,2,0.0,0.24,10,3,1
75.7071,2,0.0,0.38,6,3,1
75.7116,2,0.0,0.65,9,3,1
75.7168,2,0.0,0.12,8,3,1
75.7212,3,0.0,0.73,22,3,1
75.7256,2,0.0,3.12,11,3,1
75.7307,3,4.6,1.37,19,3,1
75.7354,2,0.0,0.09,6,3,1
75.7391,2,0.0,0.11,6,3,1
75.7424,2,0.0,0.12,6,3,1
75.747,2,0.0,0.3,11,3,1
75.752,0,0.0,0.13,29,3,2
75.7563,2,0.0,1.69,13,3,1
75.76,2,0.9,2.06,46,3,1
75.7654,2,0.0,0.0,10,3,1
75.7697,2,0.0,0.22,2,3,1
75.7743,2,99.1,0.43,22,3,0
75.7785,2,0.0,0.1,8,3,1
75.7829,0,0.0,0.66,28,3,2
75.7871,2,0.0,0.52,15,3,1
75.7915,2,0.0,0.05,8,3,1
75.7967,2,0.0,0.02,3,3,1
75.8022,0,0.0,1.69,28,3,2
75.8056,3,0.0,1.03,22,3,1
75.81,2,0.0,0.31,25,3,1
75.8159,2,0.0,0.16,6,3,1
75.8206,0,0.0,1.92,32,3,2
75.8239,2,0.0,0.04,1,3,1
75.8282,2,0.0,0.1,14,3,1
75.8332,2,0.0,0.18,10,3,1
75.8365,2,0.0,0.08,11,3,1
75.8412,2,0.0,0.13,6,3,1
75.8466,2,0.0,0.67,49,3,1
75.8522,2,0.0,0.13,8,3,1
75.8574,2,0.0,0.54,11,3,1
75.862,2,0.0,0.52,30,3,1
76.8747,2,0.0,0.78,45,3,1
76.8838,2,0.0,0.99,15,3,1
76.8928,2,0.0,0.04,1,3,1
76.9031,2,3.7,1.9,21,3,1
76.9087,2,0.0,0.02,3,3,1
76.9158,3,0.0,0.14,6,3,1
76.9198,2,0.0,0.81,9,3,1
76.9251,2,0.0,0.09,3,3,1
76.9312,2,0.0,0.01,2,3,1
76.9359,4,0.0,0.42,17,3,0
76.941,2,0.0,0.13,9,3,1
76.9453,2,0.0,0.14,8,3,1
76.9526,2,0.0,0.01,2,3,1
76.9597,2,0.0,3.78,76,3,1
76.9669,2,0.0,0.22,23,3,1
76.9758,2,0.0,0.24,12,3,1
76.9844,2,0.0,0.05,5,3,1
76.9919,2,0.0,0.03,1,3,1
76.9993,0,0.0,0.09,28,3,2
77.0045,2,0.0,0.01,2,3,1
77.0113,1,0.0,0.09,14,3,2
77.0191,2,0.0,0.09,6,3,1
77.0268,2,0.0,0.04,8,3,1
77.0323,2,0.0,0.03,2,3,1
77.0368,2,0.0,0.3,5,3,1
77.042,3,0.0,0.09,21,3,1
77.047,2,39.6,2.01,33,3,1
77.0518,2,0.0,0.34,24,3,1
77.0558,2,0.0,0.21,7,3,1
77.0601,2,0.0,0.03,2,3,1
77.067,2,0.0,0.63,60,3,1
77.0714,2,0.0,0.05,5,3,1
77.0745,2,0.0,0.73,31,1,1
77.0801,0,0.0,0.32,29,3,2
77.0858,2,0.0,0.26,31,3,1
77.0916,2,0.0,0.38,11,3,1
77.0969,2,0.0,0.0,38,1,1
77.1018,2,0.0,0.01,17,3,1
77.1061,2,0.0,0.13,11,3,1
77.1095,2,0.0,0.3,5,3,1
77.115,2,0.0,0.44,48,3,1
77.1191,2,0.0,0.05,8,3,1
77.1234,2,0.0,0.08,11,3,1
77.1274,2,0.0,0.07,24,3,1
77.1333,2,0.0,0.11,6,3,1
77.1383,2,0.0,0.19,2,3,1
77.1424,2,0.0,0.06,7,3,1
77.1482,2,0.0,0.01,17,3,1
77.1518,2,0.0,0.04,2,3,1
77.1566,0,0.0,1.41,29,3,2
77.1608,2,0.0,0.04,3,3,1
77.1655,0,0.0,0.16,29,3,2
77.1696,2,0.0,0.41,33,3,1
77.1743,2,0.0,0.01,2,3,1
77.1796,2,0.0,0.06,9,1,1
77.1854,2,0.0,0.32,20,3,1
77.1913,2,0.0,0.18,14,3,1
77.1981,2,0.0,0.08,3,3,1
77.2045,4,0.0,0.2,15,3,0
77.2123,2,0.0,0.22,6,3,1
77.2205,2,0.0,0.07,2,3,1
77.2261,2,0.0,0.95,16,1,1
77.2326,2,0.0,1.13,46,3,1
77.2396,2,0.0,2.51,27,3,1
77.2464,2,0.0,0.19,7,3,1
77.2517,2,0.0,0.03,4,3,1
77.2577,0,0.0,0.08,14,3,2
77.2628,2,0.0,0.07,8,3,1
77.2693,2,0.0,0.17,30,3,1
77.2736,4,0.0,0.07,3,3,0
77.2778,2,0.0,0.03,2,3,1
77.2836,2,0.0,0.3,12,3,1
77.2879,0,0.0,0.12,44,3,2
77.2925,2,0.0,0.14,11,3,1
77.2996,2,0.0,0.11,8,3,1
77.3052,2,0.0,0.19,26,3,1
77.3115,2,0.0,0.87,17,1,1
77.318,2,0.0,0.04,4,3,1
77.3224,2,0.0,0.2,8,3,1
77.3267,2,0.0,0.03,2,3,1
77.3323,3,0.0,0.21,24,3,1
77.3373,2,0.0,0.05,8,3,1
77.3419,0,0.0,0.06,28,3,2
77.3482,0,0.0,1.14,27,3,2
77.3518,2,0.0,0.08,4,3,1
77.357,2,0.0,0.03,19,3,1
77.3619,2,0.0,0.11,10,3,1
77.3665,2,0.0,0.19,9,3,1
77.3708,2,0.0,0.43,5,3,1
77.3749,3,0.0,0.16,21,3,1
77.3803,2,0.0,0.3,13,3,1
77.3852,2,0.0,0.27,8,3,1
77.3882,2,0.0,0.05,2,3,1
77.3922,2,0.0,0.11,9,3,1
77.3982,2,0.0,0.03,20,3,1
77.4027,2,0.0,0.15,52,3,1
77.4078,2,0.0,1.32,40,3,1
77.4124,2,32.7,3.67,29,3,1
77.4175,2,0.0,0.07,8,3,1
77.4218,2,0.0,0.19,10,3,1
77.4259,2,0.0,0.24,10,3,1
77.4318,2,0.0,0.38,6,3,1
77.436,2,0.0,0.65,9,3,1
77.4421,2,0.0,0.12,8,3,1
77.4476,3,0.0,0.73,22,3,1
77.453,2,0.0,3.12,11,3,1
77.4568,3,5.4,1.37,19,3,1
77.4612,2,0.0,0.09,6,3,1
77.4654,2,0.0,0.11,6,3,1
77.4707,2,0.0,0.12,6,3,1
77.4742,2,0.0,0.3,11,3,1
77.4784,0,0.0,0.13,29,3,2
77.483,2,0.0,1.69,13,3,1
77.4877,2,0.0,2.06,46,3,1
77.4908,2,0.0,0.0,10,3,1
77.4962,2,0.0,0.22,2,3,1
77.5007,2,95.5,0.43,22,3,0
77.5044,2,0.0,0.1,8,3,1
77.5085,0,0.0,0.66,28,3,2
77.5139,2,0.0,0.52,15,3,1
77.518,2,0.0,0.05,8,3,1
77.5217,2,0.0,0.02,3,3,1
77.5248,0,0.0,1.69,28,3,2
77.5301,3,0.0,1.03,22,3,1
77.5346,2,0.0,0.31,25,3,1
77.5386,2,0.0,0.16,6,3,1
77.5434,0,0.0,1.92,32,3,2
77.5484,2,0.0,0.04,1,3,1
77.5526,2,0.0,0.1,14,3,1
77.5567,2,0.0,0.18,10,3,1
77.5614,2,0.0,0.08,11,3,1
77.566,2,0.0,0.13,6,3,1
77.5703,2,0.0,0.67,49,3,1
77.577,2,0.0,0.13,8,3,1
77.5819,2,0.0,0.54,11,3,1
77.5888,2,0.0,0.52,30,3,1
78.5941,2,0.0,0.78,45,3,1
78.6005,2,0.0,0.99,15,3,1
78.6061,2,0.0,0.04,1,3,1
78.6156,2,1.8,1.9,21,3,1
78.6237,2,0.0,0.02,3,3,1
78.6321,3,0.0,0.14,6,3,1
78.6395,2,0.0,0.81,9,3,1
78.645,2,0.0,0.09,3,3,1
78.6492,2,0.0,0.01,2,3,1
78.6545,4,0.0,0.42,17,3,0
78.6586,2,0.0,0.13,9,3,1
78.6639,2,0.0,0.14,8,3,1
78.6684,2,0.0,0.01,2,3,1
78.6727,2,0.0,3.78,76,3,1
78.6784,2,0.0,0.22,23,3,1
78.6825,2,0.0,0.24,12,3,1
78.6866,2,0.0,0.05,5,3,1
78.6904,2,0.0,0.03,1,3,1
78.6955,0,0.0,0.09,28,3,2
78.7007,2,0.0,0.01,2,3,1
78.7047,1,0.0,0.09,14,3,2
78.7087,2,0.0,0.09,6,3,1
78.7148,2,0.0,0.04,8,3,1
78.7196,2,0.0,0.03,2,3,1
78.7239,2,0.0,0.3,5,3,1
78.7291,3,0.0,0.09,21,3,1
78.7342,2,39.8,2.01,33,3,1
78.7382,2,0.0,0.34,24,3,1
78.7427,2,0.0,0.21,7,3,1
78.7488,2,0.0,0.03,2,3,1
78.7548,2,0.0,0.63,60,3,1
78.7622,2,0.0,0.05,5,3,1
78.7679,2,0.0,0.73,31,1,1
78.7742,0,0.0,0.32,29,3,2
78.7792,2,0.0,0.26,31,3,1
78.785,2,0.0,0.38,11,3,1
78.789,2,0.0,0.0,38,1,1
78.7944,2,0.0,0.01,17,3,1
78.799,2,0.0,0.13,11,3,1
78.8045,2,0.0,0.3,5,3,1
78.8084,2,0.0,0.44,48,3,1
78.8134,2,0.0,0.05,8,3,1
78.8189,2,0.0,0.08,11,3,1
78.8232,2,0.0,0.07,24,3,1
78.8283,2,0.0,0.11,6,3,1
78.8338,2,0.0,0.19,2,3,1
78.8456,2,0.0,0.06,7,3,1
78.852,2,0.0,0.01,17,3,1
78.8593,2,0.0,0.04,2,3,1
78.8661,0,0.0,1.41,29,3,2
78.8707,2,0.0,0.04,3,3,1
78.8745,0,0.0,0.16,29,3,2
78.8804,2,0.0,0.41,34,3,1
78.8854,2,0.0,0.01,2,3,1
78.8897,2,0.0,0.06,9,1,1
78.8933,2,0.0,0.32,20,3,1
78.8988,2,0.0,0.18,14,3,1
78.9024,2,0.0,0.08,3,3,1
78.9085,4,0.0,0.2,15,3,0
78.9139,2,0.0,0.22,6,3,1
78.9195,2,0.0,0.07,2,3,1
78.9238,2,0.0,0.95,16,1,1
78.929,2,0.0,1.13,46,3,1
78.9332,2,0.0,2.51,27,3,1
78.9372,2,0.0,0.19,7,3,1
78.9416,2,0.0,0.03,4,3,1
78.9458,0,0.0,0.08,14,3,2
78.9496,2,0.0,0.07,8,3,1
78.9543,2,0.0,0.17,30,3,1
78.9586,4,0.0,0.07,3,3,0
78.9646,2,0.0,0.03,2,3,1
78.9699,2,0.0,0.3,12,3,1
78.975,0,0.0,0.12,44,3,2
78.9805,2,0.0,0.14,11,3,1
78.9858,2,0.0,0.11,8,3,1
78.99,2,0.0,0.19,26,3,1
78.9941,2,0.0,0.87,17,1,1
78.9994,2,0.9,0.04,4,3,1
79.0044,2,0.0,0.2,8,3,1
79.0085,2,0.0,0.03,2,3,1
79.0153,3,0.0,0.21,24,3,1
79.0201,2,0.0,0.05,8,3,1
79.0252,0,0.0,0.06,28,3,2
79.0307,0,0.0,1.14,27,3,2
79.0344,2,0.0,0.08,4,3,1
79.0385,2,0.0,0.03,19,3,1
79.0427,2,0.0,0.11,10,3,1
79.0478,2,0.0,0.19,9,3,1
79.052,2,0.0,0.43,5,3,1
79.0564,3,0.0,0.16,21,3,1
79.0614,2,0.0,0.3,13,3,1
79.0657,2,0.0,0.27,8,3,1
79.07,2,0.0,0.05,2,3,1
79.0741,2,0.0,0.11,9,3,1
79.0783,2,0.0,0.03,20,3,1
79.0839,2,0.0,0.15,52,3,1
79.088,2,0.0,1.32,40,3,1
79.0922,2,32.4,3.69,29,3,1
79.0968,2,0.0,0.07,8,3,1
79.1018,2,0.0,0.19,10,3,1
79.1062,2,0.0,0.24,10,3,1
79.1096,2,0.0,0.38,6,3,1
79.1157,2,0.0,0.65,9,3,1
79.12,2,0.0,0.12,8,3,1
79.1241,3,0.0,0.73,22,3,1
79.1291,2,0.0,3.12,11,3,1
79.133,3,14.0,1.37,19,3,1
79.1372,2,0.0,0.09,6,3,1
79.1411,2,0.0,0.11,6,3,1
79.147,2,0.0,0.12,6,3,1
79.1515,2,0.0,0.3,11,3,1
79.1559,0,0.0,0.13,29,3,2
79.1621,2,0.0,1.69,13,3,1
79.1673,2,0.0,2.06,46,3,1
79.1722,2,0.0,0.0,10,3,1
79.1763,2,0.0,0.22,2,3,1
79.182,2,97.2,0.43,22,3,0
79.1857,2,0.0,0.1,8,3,1
79.1901,0,0.0,0.66,28,3,2
79.1949,2,0.0,0.52,15,3,1
79.2008,2,0.0,0.05,8,3,1
79.2045,2,0.0,0.02,3,3,1
79.2085,0,0.0,1.69,28,3,2
79.2138,3,0.0,1.03,22,3,1
79.2194,2,0.0,0.31,25,3,1
79.2239,2,0.0,0.16,6,3,1
79.2281,0,0.0,1.92,32,3,2
79.233,2,0.0,0.04,1,3,1
79.2374,2,0.0,0.1,14,3,1
79.2422,2,0.0,0.18,10,3,1
79.2471,2,0.0,0.08,11,3,1
79.2514,2,0.0,0.13,6,3,1
79.2565,2,0.0,0.67,49,3,1
79.2596,2,0.0,0.13,8,3,1
79.2658,2,0.0,0.54,11,3,1
79.2699,2,0.0,0.52,30,3,1
80.2831,2,0.0,0.78,45,3,1
80.2916,2,0.0,0.99,15,3,1
80.3002,2,0.0,0.04,1,3,1
80.3098,2,0.9,1.9,21,3,1
80.319,2,0.0,0.02,3,3,1
80.3282,3,0.0,0.14,6,3,1
80.3347,2,0.0,0.81,9,3,1
80.3422,2,0.0,0.09,3,3,1
80.3486,2,0.0,0.01,2,3,1
80.3545,4,0.0,0.42,17,3,0
80.36,2,0.0,0.13,9,3,1
80.3652,2,0.0,0.14,8,3,1
80.3685,2,0.0,0.01,2,3,1
80.3741,2,0.0,3.78,76,3,1
80.3787,2,0.0,0.22,23,3,1
80.3845,2,0.0,0.24,12,3,1
80.39,2,0.0,0.05,5,3,1
80.3957,2,0.0,0.03,1,3,1
80.4019,0,0.0,0.09,28,3,2
80.406,2,0.0,0.01,2,3,1
80.4101,1,0.0,0.09,14,3,2
80.4158,2,0.0,0.09,6,3,1
80.4211,2,0.0,0.04,8,3,1
80.4272,2,0.0,0.03,2,3,1
80.4332,2,0.0,0.3,5,3,1
80.4373,3,0.0,0.09,21,3,1
80.4418,2,39.5,2.01,33,3,1
80.447,2,0.0,0.34,24,3,1
80.451,2,0.0,0.21,7,3,1
80.4556,2,0.0,0.03,2,3,1
80.4601,2,0.0,0.63,60,3,1
80.4648,2,0.0,0.05,5,3,1
80.4699,2,0.0,0.73,31,1,1
80.4749,0,0.0,0.32,29,3,2
80.4809,2,0.0,0.26,31,3,1
80.4851,2,0.0,0.38,11,3,1
80.49,2,0.0,0.0,38,1,1
80.4951,2,0.0,0.01,17,3,1
80.501,2,0.0,0.13,11,3,1
80.5056,2,0.0,0.3,5,3,1
80.5097,2,0.0,0.44,48,3,1
80.5149,2,0.0,0.05,8,3,1
80.5197,2,0.0,0.08,11,3,1
80.5243,2,0.0,0.07,24,3,1
80.5299,2,0.0,0.11,6,3,1
80.5351,2,0.0,0.19,2,3,1
80.5391,2,0.0,0.06,7,3,1
80.5425,2,0.0,0.01,17,3,1
80.5483,2,0.0,0.04,2,3,1
80.5524,0,0.0,1.41,29,3,2
80.5555,2,0.0,0.04,3,3,1
80.5599,0,0.0,0.16,29,3,2
80.5649,2,0.0,0.41,34,3,1
80.57,2,0.0,0.01,2,3,1
80.5755,2,0.0,0.06,9,1,1
80.581,2,0.0,0.32,20,3,1
80.5864,2,0.0,0.18,14,3,1
80.5907,2,0.0,0.08,3,3,1
80.5948,4,0.0,0.2,15,3,0
80.5993,2,0.0,0.22,6,3,1
80.6044,2,0.0,0.07,2,3,1
80.6074,2,0.0,0.95,16,1,1
80.6129,2,0.0,1.13,46,3,1
80.6178,2,0.0,2.51,27,3,1
80.6233,2,0.0,0.19,7,3,1
80.6289,2,0.0,0.03,4,3,1
80.6343,0,0.0,0.08,14,3,2
80.6394,2,0.0,0.07,8,3,1
80.6444,2,0.0,0.17,30,3,1
80.6492,4,0.0,0.07,3,3,0
80.6526,2,0.0,0.03,2,3,1
80.6567,2,0.0,0.3,12,3,1
80.661,0,0.0,0.12,44,3,2
80.666,2,0.0,0.14,11,3,1
80.6706,2,0.0,0.11,8,3,1
80.6754,2,0.0,0.2,26,3,1
80.6804,2,0.0,0.87,17,1,1
80.6854,2,0.0,0.04,4,3,1
80.6895,2,0.0,0.2,8,3,1
80.6937,2,0.0,0.03,2,3,1
80.6982,3,0.0,0.21,24,3,1
80.7016,2,0.0,0.05,8,3,1
80.7052,0,0.0,0.06,28,3,2
80.7105,0,0.0,1.14,27,3,2
80.7156,2,0.0,0.08,4,3,1
80.7203,2,0.0,0.03,19,3,1
80.7246,2,0.0,0.11,10,3,1
80.7296,2,0.0,0.19,9,3,1
80.7335,2,0.0,0.43,5,3,1
80.7383,3,0.0,0.16,21,3,1
80.7417,2,0.0,0.3,13,3,1
80.7473,2,0.0,0.27,8,3,1
80.7514,2,0.0,0.05,2,3,1
80.7561,2,0.0,0.11,9,3,1
80.7604,2,0.0,0.03,20,3,1
80.7662,2,0.0,0.15,52,3,1
80.7704,2,0.0,1.32,40,3,1
80.7747,2,18.7,3.66,29,3,1
80.78,2,0.0,0.07,8,3,1
80.7845,2,0.0,0.19,10,3,1
80.7886,2,0.0,0.24,10,3,1
80.7929,2,0.0,0.38,6,3,1
80.7983,2,0.0,0.65,9,3,1
80.8032,2,0.0,0.12,8,3,1
80.8075,3,0.0,0.73,22,3,1
80.8121,2,0.0,3.12,11,3,1
80.8177,3,12.0,1.37,19,3,1
80.8219,2,0.0,0.09,6,3,1
80.826,2,0.0,0.11,6,3,1
80.8312,2,0.0,0.12,6,3,1
80.8347,2,0.0,0.3,11,3,1
80.8388,0,0.0,0.13,29,3,2
80.8421,2,0.0,1.69,13,3,1
80.8483,2,0.0,2.06,46,3,1
80.8542,2,0.0,0.0,10,3,1
80.8612,2,0.0,0.22,2,3,1
80.8679,2,96.3,0.43,22,3,0
80.8732,2,0.0,0.1,8,3,1
80.8803,0,0.0,0.66,28,3,2
80.886,2,0.0,0.52,15,3,1
80.891,2,0.0,0.05,8,3,1
80.8961,2,0.0,0.02,3,3,1
80.9009,0,0.0,1.69,28,3,2
80.9069,3,0.0,1.03,22,3,1
80.9132,2,0.0,0.31,25,3,1
80.9183,2,0.0,0.16,6,3,1
80.9225,0,0.0,1.92,32,3,2
80.9275,2,0.0,0.04,1,3,1
80.9321,2,0.0,0.1,14,3,1
80.9363,2,0.0,0.18,10,3,1
80.9403,2,0.0,0.08,11,3,1
80.9453,2,0.0,0.13,6,3,1
80.9492,2,0.0,0.67,49,3,1
80.9542,2,0.0,0.13,8,3,1
80.9585,2,0.0,0.54,11,3,1
80.9664,2,0.0,0.52,30,3,1
81.9851,2,0.0,0.78,45,3,1
81.9954,2,0.0,0.99,15,3,1
82.005,2,0.0,0.04,1,3,1
82.0139,2,0.0,1.91,21,3,1
82.0226,2,0.0,0.02,3,3,1
82.0295,3,0.0,0.14,6,3,1
82.0366,2,0.0,0.81,9,3,1
82.0426,2,0.0,0.09,3,3,1
82.0489,2,0.0,0.01,2,3,1
82.0553,4,0.0,0.42,17,3,0
82.0639,2,0.0,0.13,9,3,1
82.0704,2,0.0,0.14,8,3,1
82.0765,2,0.0,0.01,2,3,1
82.082,2,0.0,3.78,76,3,1
82.0898,2,0.0,0.22,23,3,1
82.0969,2,0.0,0.24,12,3,1
82.1014,2,0.0,0.05,5,3,1
82.1065,2,0.0,0.03,1,3,1
82.1115,0,0.0,0.09,28,3,2
82.1157,2,0.0,0.01,2,3,1
82.1203,1,0.0,0.09,14,3,2
82.1247,2,0.0,0.09,6,3,1
82.1298,2,0.0,0.04,8,3,1
82.1344,2,0.0,0.03,2,3,1
82.1384,2,0.0,0.3,5,3,1
82.1426,3,0.0,0.09,21,3,1
82.1473,2,39.5,2.01,33,3,1
82.1525,2,0.0,0.34,24,3,1
82.1564,2,0.0,0.21,7,3,1
82.161,2,0.0,0.03,2,3,1
82.1657,2,0.0,0.63,60,3,1
82.1701,2,0.0,0.05,5,3,1
82.1741,2,0.0,0.73,31,1,1
82.1792,0,0.0,0.32,29,3,2
82.1844,2,0.0,0.26,31,3,1
82.1883,2,0.0,0.38,11,3,1
82.1917,2,0.0,0.0,38,1,1
82.1977,2,0.0,0.01,17,3,1
82.2021,2,0.0,0.13,11,3,1
82.2059,2,0.0,0.3,5,3,1
82.2113,2,0.0,0.44,48,3,1
82.2152,2,0.0,0.05,8,3,1
82.2199,2,0.0,0.08,11,3,1
82.2242,2,0.0,0.07,24,3,1
82.2295,2,0.0,0.11,6,3,1
82.2342,2,0.0,0.19,2,3,1
82.2384,2,0.0,0.06,7,3,1
82.2435,2,0.0,0.01,17,3,1
82.2491,2,0.0,0.04,2,3,1
82.2534,0,0.0,1.41,29,3,2
82.2575,2,0.0,0.04,3,3,1
82.2628,0,0.0,0.16,29,3,2
82.2684,2,0.0,0.41,34,3,1
82.2726,2,0.0,0.01,2,3,1
82.2776,2,0.0,0.06,9,1,1
82.2823,2,0.0,0.32,20,3,1
82.2866,2,0.0,0.18,14,3,1
82.2914,2,0.0,0.08,3,3,1
82.298,4,0.0,0.2,15,3,0
82.3019,2,0.0,0.22,6,3,1
82.3081,2,0.0,0.07,2,3,1
82.314,2,0.0,0.95,16,1,1
82.3205,2,0.0,1.13,46,3,1
82.3277,2,0.0,2.51,27,3,1
82.3356,2,0.0,0.19,7,3,1
82.341,2,0.0,0.03,4,3,1
82.3457,0,0.0,0.08,14,3,2
82.3522,2,0.0,0.07,8,3,1
82.3566,2,0.0,0.17,30,3,1
82.3619,4,0.0,0.07,3,3,0
82.3665,2,0.0,0.03,2,3,1
82.3719,2,0.0,0.3,12,3,1
82.377,0,0.0,0.12,44,3,2
82.3827,2,0.0,0.14,11,3,1
82.3867,2,0.0,0.11,8,3,1
82.3905,2,0.0,0.19,26,3,1
82.3956,2,0.0,0.87,17,1,1
82.4011,2,0.0,0.04,4,3,1
82.4056,2,0.0,0.2,8,3,1
82.4105,2,0.0,0.03,2,3,1
82.4158,3,0.0,0.21,24,3,1
82.4188,2,0.0,0.05,8,3,1
82.4242,0,0.0,0.06,28,3,2
82.4294,0,0.0,1.14,27,3,2
82.4342,2,0.0,0.08,4,3,1
82.4379,2,0.0,0.03,19,3,1
82.4411,2,0.0,0.11,10,3,1
82.4472,2,0.0,0.19,9,3,1
82.4514,2,0.0,0.43,5,3,1
82.4557,3,0.0,0.16,21,3,1
82.461,2,0.0,0.3,13,3,1
82.4651,2,0.0,0.27,8,3,1
82.4697,2,0.0,0.05,2,3,1
82.474,2,0.0,0.11,9,3,1
82.4794,2,0.0,0.03,20,3,1
82.4836,2,0.0,0.15,52,3,1
82.4876,2,0.0,1.32,40,3,1
82.4924,2,36.4,3.69,29,3,1
82.4976,2,0.0,0.07,8,3,1
82.5022,2,0.0,0.19,10,3,1
82.5062,2,0.0,0.24,10,3,1
82.5104,2,0.0,0.38,6,3,1
82.5149,2,0.0,0.65,9,3,1
82.5194,2,0.0,0.12,8,3,1
82.5235,3,0.0,0.73,22,3,1
82.5275,2,0.0,3.12,11,3,1
82.5323,3,7.3,1.37,19,3,1
82.5367,2,0.0,0.09,6,3,1
82.5407,2,0.0,0.11,6,3,1
82.5451,2,0.0,0.12,6,3,1
82.55,2,0.0,0.3,11,3,1
82.5541,0,0.0,0.13,29,3,2
82.5581,2,0.0,1.69,13,3,1
82.5629,2,0.0,2.06,46,3,1
82.5669,2,0.0,0.0,10,3,1
82.5713,2,0.0,0.22,2,3,1
82.5743,2,99.1,0.43,22,3,0
82.5813,2,0.0,0.1,8,3,1
82.5861,0,0.0,0.66,28,3,2
82.59,2,0.0,0.52,15,3,1
82.5963,2,0.0,0.05,8,3,1
82.6004,2,0.0,0.02,3,3,1
82.6044,0,0.0,1.69,28,3,2
82.6081,3,0.0,1.03,22,3,1
82.6128,2,0.0,0.31,25,3,1
82.6168,2,0.0,0.16,6,3,1
82.6212,0,0.0,1.92,32,3,2
82.6265,2,0.0,0.04,1,3,1
82.6324,2,0.0,0.1,14,3,1
82.637,2,0.0,0.18,10,3,1
82.6415,2,0.0,0.08,11,3,1
82.6471,2,0.0,0.13,6,3,1
82.6518,2,0.0,0.67,49,3,1
82.6564,2,0.0,0.13,8,3,1
82.6622,2,0.0,0.54,11,3,1
82.6681,2,0.0,0.52,30,3,1
83.6882,2,0.0,0.78,45,3,1
83.6956,2,0.0,0.99,15,3,1
83.6999,2,0.0,0.04,1,3,1
83.7052,2,1.9,1.91,21,3,1
83.7109,2,0.0,0.02,3,3,1
83.7174,3,0.0,0.14,6,3,1
83.722,2,0.0,0.81,9,3,1
83.7273,2,0.0,0.09,3,3,1
83.7323,2,0.0,0.01,2,3,1
83.7358,4,0.0,0.42,17,3,0
83.7402,2,0.0,0.13,9,3,1
83.7458,2,0.0,0.14,8,3,1
83.7505,2,0.0,0.01,2,3,1
83.7555,2,0.0,3.78,76,3,1
83.7611,2,0.0,0.22,23,3,1
83.7662,2,0.0,0.24,12,3,1
83.7722,2,0.0,0.05,5,3,1
83.7784,2,0.0,0.03,1,3,1
83.7836,0,0.0,0.09,28,3,2
83.788,2,0.0,0.01,2,3,1
83.7923,1,0.0,0.09,14,3,2
83.7988,2,0.0,0.09,6,3,1
83.8044,2,0.0,0.04,8,3,1
83.8095,2,0.0,0.03,2,3,1
83.8147,2,0.0,0.3,5,3,1
83.8188,3,0.0,0.09,21,3,1
83.8222,2,38.3,2.01,33,3,1
83.8263,2,0.0,0.34,24,3,1
83.8321,2,0.0,0.21,7,3,1
83.8362,2,0.0,0.03,2,3,1
83.8392,2,0.0,0.63,60,3,1
83.8457,2,0.0,0.05,5,3,1
83.8497,2,0.0,0.73,31,1,1
83.854,0,0.0,0.32,29,3,2
83.859,2,0.0,0.26,31,3,1
83.8654,2,0.0,0.38,11,3,1
83.8712,2,0.0,0.0,38,1,1
83.8821,2,0.0,0.01,17,3,1
83.8875,2,0.0,0.13,11,3,1
83.8918,2,0.0,0.3,5,3,1
83.8974,2,0.0,0.44,48,3,1
83.9016,2,0.0,0.05,8,3,1
83.9054,2,0.0,0.08,11,3,1
83.9099,2,0.0,0.07,24,3,1
83.915,2,0.0,0.11,6,3,1
83.9193,2,0.0,0.19,2,3,1
83.923,2,0.0,0.06,7,3,1
83.9291,2,0.0,0.01,17,3,1
83.9327,2,0.0,0.04,2,3,1
83.9374,0,0.0,1.41,29,3,2
83.9407,2,0.0,0.04,3,3,1
83.9467,0,0.0,0.16,29,3,2
83.9511,2,0.0,0.41,34,3,1
83.955,2,0.0,0.01,2,3,1
83.9601,2,0.0,0.06,9,1,1
83.9651,2,0.0,0.32,20,3,1
83.9695,2,0.0,0.18,14,3,1
83.979,2,0.0,0.08,3,3,1
83.9878,4,0.0,0.2,15,3,0
83.9986,2,0.0,0.22,6,3,1
84.0042,2,0.0,0.07,2,3,1
84.0098,2,0.0,0.95,16,1,1
84.0148,2,0.0,1.13,46,3,1
84.0199,2,0.0,2.51,27,3,1
84.0239,2,0.0,0.19,7,3,1
84.0293,2,0.0,0.03,4,3,1
84.0329,0,0.0,0.08,14,3,2
84.0369,2,0.0,0.07,8,3,1
84.0413,2,0.0,0.17,30,3,1
84.0453,4,0.0,0.07,3,3,0
84.0497,2,0.0,0.03,2,3,1
84.0541,2,0.0,0.3,12,3,1
84.0584,0,0.0,0.12,44,3,2
84.064,2,0.0,0.14,11,3,1
84.0684,2,0.0,0.11,8,3,1
84.0724,2,0.0,0.19,26,3,1
84.0784,2,0.0,0.87,17,1,1
84.0844,2,0.0,0.04,4,3,1
84.0885,2,0.0,0.2,8,3,1
84.0919,2,0.0,0.03,2,3,1
84.0971,3,0.0,0.21,24,3,1
84.1023,2,0.0,0.05,8,3,1
84.1063,0,0.0,0.06,28,3,2
84.1112,0,0.0,1.14,27,3,2
84.1158,2,0.0,0.08,4,3,1
84.1201,2,0.0,0.03,19,3,1
84.1242,2,0.0,0.11,10,3,1
84.1293,2,0.0,0.19,9,3,1
84.1342,2,0.0,0.43,5,3,1
84.1383,3,0.0,0.16,21,3,1
84.1422,2,0.0,0.3,13,3,1
84.1474,2,0.0,0.27,8,3,1
84.1514,2,0.0,0.05,2,3,1
84.1552,2,0.0,0.11,9,3,1
84.1595,2,0.0,0.03,20,3,1
84.1655,2,0.0,0.15,52,3,1
84.1686,2,0.0,1.32,40,3,1
84.1739,2,31.5,3.67,29,3,1
84.18,2,0.0,0.07,8,3,1
84.1856,2,0.0,0.19,10,3,1
84.1916,2,0.0,0.24,10,3,1
84.1978,2,0.0,0.38,6,3,1
84.2046,2,0.0,0.65,9,3,1
84.2098,2,0.0,0.12,8,3,1
84.215,3,0.0,0.73,22,3,1
84.2191,2,0.0,3.12,11,3,1
84.2234,3,9.3,1.37,19,3,1
84.2274,2,0.0,0.09,6,3,1
84.2324,2,0.0,0.11,6,3,1
84.2363,2,0.0,0.12,6,3,1
84.24,2,0.0,0.3,11,3,1
84.2465,0,0.0,0.13,29,3,2
84.2511,2,0.0,1.69,13,3,1
84.2548,2,0.0,2.06,46,3,1
84.2589,2,0.0,0.0,10,3,1
84.264,2,0.0,0.22,2,3,1
84.2689,2,97.3,0.43,22,3,0
84.2732,2,0.0,0.1,8,3,1
84.2785,0,0.0,0.66,28,3,2
84.2834,2,0.0,0.52,15,3,1
84.2874,2,0.0,0.05,8,3,1
84.2909,2,0.0,0.02,3,3,1
84.296,0,0.0,1.69,28,3,2
84.3009,3,0.0,1.03,22,3,1
84.3049,2,0.0,0.31,25,3,1
84.31,2,0.0,0.16,6,3,1
84.3149,0,0.0,1.92,32,3,2
84.3197,2,0.0,0.04,1,3,1
84.325,2,0.0,0.1,14,3,1
84.3303,2,0.0,0.18,10,3,1
84.3344,2,0.0,0.08,11,3,1
84.3388,2,0.0,0.13,6,3,1
84.3437,2,0.0,0.67,49,3,1
84.3482,2,0.0,0.13,8,3,1
84.3525,2,0.0,0.54,11,3,1
84.3566,2,0.0,0.52,30,3,1
85.3756,2,0.0,0.79,45,3,1
85.3835,2,0.0,0.99,15,3,1
85.3917,2,0.0,0.04,3,3,1
85.3974,2,2.8,1.91,21,3,1
85.4056,2,0.0,0.02,3,3,1
85.415,3,0.0,0.14,6,3,1
85.4252,2,0.0,0.81,9,3,1
85.4337,2,0.0,0.09,3,3,1
85.4409,2,0.0,0.01,2,3,1
85.4461,4,0.0,0.42,17,3,0
85.4522,2,0.0,0.13,9,3,1
85.4583,2,0.0,0.14,8,3,1
85.4646,2,0.0,0.01,2,3,1
85.4721,2,0.9,3.78,76,3,1
85.4772,2,0.0,0.22,23,3,1
85.4829,2,0.0,0.24,12,3,1
85.487,2,0.0,0.05,5,3,1
85.4902,2,0.0,0.03,1,3,1
85.4955,0,0.0,0.09,28,3,2
85.5004,2,0.0,0.01,2,3,1
85.5045,1,0.0,0.09,14,3,2
85.5085,2,0.0,0.09,6,3,1
85.5127,2,0.0,0.04,8,3,1
85.518,2,0.0,0.03,2,3,1
85.5226,2,0.0,0.3,5,3,1
85.5278,3,0.0,0.09,21,3,1
85.5331,2,38.2,2.01,33,3,1
85.5372,2,0.0,0.34,24,3,1
85.5417,2,0.0,0.21,7,3,1
85.5472,2,0.0,0.03,2,3,1
85.5512,2,0.0,0.63,60,3,1
85.5552,2,0.0,0.05,5,3,1
85.5596,2,0.0,0.73,31,1,1
85.565,0,0.0,0.32,29,3,2
85.5696,2,0.0,0.26,31,3,1
85.5738,2,0.0,0.38,11,3,1
85.5792,2,0.0,0.0,38,1,1
85.5832,2,0.0,0.01,17,3,1
85.5882,2,0.0,0.13,11,3,1
85.5926,2,0.0,0.3,5,3,1
85.5974,2,0.0,0.44,48,3,1
85.6013,2,0.0,0.05,8,3,1
85.6044,2,0.0,0.08,11,3,1
85.6086,2,0.0,0.07,24,3,1
85.6134,2,0.0,0.11,6,3,1
85.6186,2,0.0,0.19,2,3,1
85.6228,2,0.0,0.06,7,3,1
85.6282,2,0.0,0.01,17,3,1
85.6331,2,0.0,0.04,2,3,1
85.6371,0,0.0,1.41,29,3,2
85.6411,2,0.0,0.04,3,3,1
85.6463,0,0.0,0.16,29,3,2
85.6506,2,0.0,0.41,28,3,1
85.6539,2,0.0,0.01,2,3,1
85.6585,2,0.0,0.06,9,1,1
85.6643,2,0.0,0.32,20,3,1
85.6686,2,0.0,0.18,14,3,1
85.6735,2,0.0,0.08,3,3,1
85.6796,4,0.0,0.2,15,3,0
85.6833,2,0.0,0.22,6,3,1
85.6879,2,0.0,0.07,2,3,1
85.6923,2,0.0,0.95,16,1,1
85.6972,2,0.0,1.13,46,3,1
85.7009,2,0.0,2.51,27,3,1
85.7059,2,0.0,0.19,7,3,1
85.711,2,0.0,0.03,4,3,1
85.7163,0,0.0,0.08,14,3,2
85.7229,2,0.0,0.07,8,3,1
85.729,2,0.0,0.17,30,3,1
85.7337,4,0.0,0.07,3,3,0
85.7374,2,0.0,0.03,2,3,1
85.7418,2,0.0,0.3,12,3,1
85.7459,0,0.0,0.12,44,3,2
85.7501,2,0.0,0.14,11,3,1
85.7542,2,0.0,0.11,8,3,1
85.7594,2,0.0,0.19,26,3,1
85.7647,2,0.0,0.87,17,1,1
85.7689,2,0.0,0.04,4,3,1
85.7734,2,0.0,0.2,8,3,1
85.7785,2,0.0,0.03,2,3,1
85.7834,3,0.0,0.21,24,3,1
85.7884,2,0.0,0.05,8,3,1
85.7949,0,0.0,0.06,28,3,2
85.7997,0,0.0,1.14,27,3,2
85.8047,2,0.0,0.08,4,3,1
85.809,2,0.0,0.03,19,3,1
85.8146,2,0.0,0.11,10,3,1
85.8186,2,0.0,0.19,9,3,1
85.8239,2,0.0,0.43,5,3,1
85.8293,3,0.0,0.16,21,3,1
85.8332,2,0.0,0.3,13,3,1
85.8376,2,0.0,0.27,8,3,1
85.8421,2,0.0,0.05,2,3,1
85.8473,2,0.0,0.11,9,3,1
85.8508,2,0.0,0.03,20,3,1
85.8557,2,0.0,0.15,52,3,1
85.8611,2,0.0,1.32,40,3,1
85.8658,2,21.3,3.68,29,3,1
85.8702,2,0.0,0.07,8,3,1
85.8743,2,0.0,0.19,10,3,1
85.8794,2,0.0,0.24,10,3,1
85.884,2,0.0,0.38,6,3,1
85.8881,2,0.0,0.65,9,3,1
85.8928,2,0.0,0.12,8,3,1
85.8974,3,0.0,0.73,22,3,1
85.9021,2,0.0,3.12,11,3,1
85.9065,3,8.3,1.37,19,3,1
85.9116,2,0.0,0.09,6,3,1
85.9162,2,0.0,0.11,6,3,1
85.9207,2,0.0,0.12,6,3,1
85.9254,2,0.0,0.3,11,3,1
85.9298,0,0.0,0.13,29,3,2
85.9345,2,0.0,1.69,13,3,1
85.9392,2,0.0,2.06,46,3,1
85.9446,2,0.0,0.0,10,3,1
85.9512,2,0.0,0.22,2,3,1
85.9579,2,99.0,0.43,22,3,0
85.9646,2,0.0,0.1,8,3,1
85.9686,0,0.0,0.66,28,3,2
85.9731,2,0.0,0.52,15,3,1
85.9783,2,0.0,0.05,8,3,1
85.9823,2,0.0,0.02,3,3,1
85.9875,0,0.0,1.69,28,3,2
85.9921,3,0.0,1.03,22,3,1
85.9963,2,0.0,0.31,25,3,1
86.001,2,0.0,0.16,6,3,1
86.0056,0,0.0,1.92,32,3,2
86.0097,2,0.0,0.04,1,3,1
86.0152,2,0.0,0.1,14,3,1
86.0205,2,0.0,0.18,10,3,1
86.0246,2,0.0,0.08,11,3,1
86.0299,2,0.0,0.13,6,3,1
86.0333,2,0.0,0.67,49,3,1
86.0374,2,0.0,0.13,8,3,1
86.0419,2,0.0,0.54,11,3,1
86.0474,2,0.0,0.52,30,3,1
87.061,2,0.0,0.79,45,3,1
87.0699,2,0.0,0.99,15,3,1
87.0777,2,0.0,0.04,3,3,1
87.0825,2,0.9,1.91,21,3,1
87.0866,2,0.0,0.02,3,3,1
87.092,3,0.0,0.14,6,3,1
87.0979,2,0.0,0.81,9,3,1
87.1034,2,0.0,0.09,3,3,1
87.1099,2,0.0,0.01,2,3,1
87.1173,4,0.0,0.42,17,3,0
87.1257,2,0.0,0.13,9,3,1
87.132,2,0.0,0.14,8,3,1
87.1374,2,0.0,0.01,2,3,1
87.1433,2,0.0,3.78,76,3,1
87.1503,2,0.0,0.22,23,3,1
87.1565,2,0.0,0.24,12,3,1
87.1611,2,0.0,0.05,5,3,1
87.1671,2,0.0,0.03,1,3,1
87.1731,0,0.0,0.09,28,3,2
87.1823,2,0.0,0.01,2,3,1
87.1891,1,0.0,0.09,14,3,2
87.1951,2,0.0,0.09,6,3,1
87.2009,2,0.0,0.04,8,3,1
87.2045,2,0.0,0.03,2,3,1
87.2096,2,0.0,0.3,5,3,1
87.2144,3,0.0,0.09,21,3,1
87.219,2,39.8,2.01,33,3,1
87.2261,2,0.0,0.34,24,3,1
87.232,2,0.0,0.21,7,3,1
87.2364,2,0.0,0.03,2,3,1
87.2407,2,0.0,0.63,60,3,1
87.2447,2,0.0,0.05,5,3,1
87.2495,2,0.0,0.73,31,1,1
87.2535,0,0.0,0.32,29,3,2
87.2575,2,0.0,0.26,31,3,1
87.2627,2,0.0,0.38,11,3,1
87.2667,2,0.0,0.0,38,1,1
87.2703,2,0.0,0.01,17,3,1
87.2746,2,0.0,0.13,11,3,1
87.2804,2,0.0,0.3,5,3,1
87.2844,2,0.0,0.44,47,3,1
87.289,2,0.0,0.05,8,3,1
87.2942,2,0.0,0.08,10,3,1
87.2985,2,0.0,0.07,24,3,1
87.3019,2,0.0,0.11,6,3,1
87.3059,2,0.0,0.19,2,3,1
87.311,2,0.0,0.06,7,3,1
87.3159,2,0.0,0.01,17,3,1
87.319,2,0.0,0.04,2,3,1
87.3254,0,0.0,1.41,29,3,2
87.3311,2,0.0,0.04,3,3,1
87.3355,0,0.0,0.16,29,3,2
87.3398,2,0.0,0.41,28,3,1
87.3444,2,0.0,0.01,2,3,1
87.3494,2,0.0,0.06,9,1,1
87.3539,2,0.0,0.32,20,3,1
87.3577,2,0.0,0.18,14,3,1
87.3633,2,0.0,0.08,2,3,1
87.3673,4,0.0,0.2,15,3,0
87.3732,2,0.0,0.22,6,3,1
87.3787,2,0.0,0.07,2,3,1
87.3834,2,0.0,0.95,16,1,1
87.3881,2,0.0,1.13,46,3,1
87.3926,2,0.0,2.51,27,3,1
87.3985,2,0.0,0.19,6,3,1
87.4045,2,0.0,0.03,4,3,1
87.4097,0,0.0,0.08,14,3,2
87.4159,2,0.0,0.07,7,3,1
87.4214,2,0.0,0.17,29,3,1
87.4273,4,0.0,0.07,3,3,0
87.4328,2,0.0,0.03,2,3,1
87.4401,2,0.0,0.3,12,3,1
87.4472,0,0.0,0.12,44,3,2
87.4537,2,0.0,0.14,11,3,1
87.4598,2,0.0,0.12,8,3,1
87.4659,2,0.0,0.19,26,3,1
87.4704,2,0.0,0.87,17,1,1
87.4756,2,0.0,0.04,4,3,1
87.4802,2,0.0,0.2,8,3,1
87.4852,2,0.0,0.03,1,3,1
87.4896,3,0.0,0.21,23,3,1
87.4959,2,0.0,0.05,8,3,1
87.502,0,0.0,0.06,28,3,2
87.5075,0,0.0,1.14,27,3,2
87.5135,2,0.0,0.08,4,3,1
87.5168,2,0.0,0.03,19,3,1
87.5214,2,0.0,0.11,10,3,1
87.5255,2,0.0,0.19,9,3,1
87.5311,2,0.0,0.43,5,3,1
87.5352,3,0.0,0.16,20,3,1
87.5396,2,0.0,0.3,13,3,1
87.5457,2,0.0,0.27,8,3,1
87.5505,2,0.0,0.05,2,3,1
87.5536,2,0.0,0.11,9,3,1
87.5582,2,0.0,0.03,20,3,1
87.5634,2,0.0,0.15,52,3,1
87.5665,2,0.0,1.32,40,3,1
87.571,2,29.4,3.69,29,3,1
87.5751,2,0.0,0.07,7,3,1
87.5813,2,0.0,0.19,10,3,1
87.5861,2,0.0,0.24,10,3,1
87.5896,2,0.0,0.38,6,3,1
87.5949,2,0.0,0.65,9,3,1
87.6002,2,0.0,0.12,8,3,1
87.6052,3,0.0,0.73,22,3,1
87.6109,2,0.0,3.12,11,3,1
87.6174,3,8.3,1.37,19,3,1
87.6219,2,0.0,0.09,5,3,1
87.627,2,0.0,0.11,6,3,1
87.6326,2,0.0,0.12,6,3,1
87.637,2,0.0,0.3,11,3,1
87.6414,0,0.0,0.13,29,3,2
87.647,2,0.0,1.69,12,3,1
87.6512,2,0.0,2.06,46,3,1
87.6553,2,0.0,0.0,10,3,1
87.6609,2,0.0,0.22,2,3,1
87.6666,2,99.1,0.43,22,3,0
87.6731,2,0.9,0.1,9,3,1
87.6793,0,0.0,0.66,28,3,2
87.6834,2,0.0,0.52,15,3,1
87.6881,2,0.0,0.05,8,3,1
87.6922,2,0.0,0.02,2,3,1
87.6979,0,0.0,1.69,28,3,2
87.7018,3,0.0,1.03,22,3,1
87.7059,2,0.0,0.31,25,3,1
87.7114,2,0.0,0.16,6,3,1
87.7156,0,1.8,1.92,32,3,2
87.7201,2,0.0,0.04,1,3,1
87.7253,2,0.0,0.1,14,3,1
87.7311,2,0.0,0.18,10,3,1
87.7357,2,0.0,0.08,11,3,1
87.7407,2,0.0,0.13,6,3,1
87.7458,2,0.0,0.67,49,3,1
87.7506,2,0.0,0.13,8,3,1
87.7547,2,0.0,0.54,11,3,1
87.7588,2,0.0,0.52,30,3,1
88.7789,2,0.9,0.79,45,3,1
88.7875,2,0.0,0.99,15,3,1
88.7951,2,0.0,0.04,3,3,1
88.8028,2,1.8,1.91,21,3,1
88.8093,2,0.0,0.02,3,3,1
88.8163,3,0.0,0.14,6,3,1
88.8211,2,0.0,0.81,9,3,1
88.8261,2,0.0,0.09,3,3,1
88.8321,2,0.0,0.01,2,3,1
88.8388,4,0.0,0.42,17,3,0
88.8442,2,0.0,0.13,9,3,1
88.8496,2,0.0,0.14,8,3,1
88.8529,2,0.0,0.01,2,3,1
88.8593,2,0.0,3.78,76,3,1
88.8644,2,0.0,0.22,23,3,1
88.87,2,0.0,0.24,12,3,1
88.8751,2,0.0,0.05,5,3,1
88.8805,2,0.0,0.03,1,3,1
88.8843,0,0.0,0.09,28,3,2
88.8889,2,0.0,0.01,2,3,1
88.8932,1,0.0,0.09,14,3,2
88.8978,2,0.0,0.09,6,3,1
88.9013,2,0.0,0.04,8,3,1
88.9065,2,0.0,0.03,2,3,1
88.9117,2,0.0,0.3,5,3,1
88.916,3,0.0,0.09,21,3,1
88.9203,2,40.4,2.01,33,3,1
88.9254,2,0.0,0.34,24,3,1
88.9299,2,0.0,0.21,7,3,1
88.9332,2,0.0,0.03,2,3,1
88.9378,2,0.0,0.63,60,3,1
88.9421,2,0.0,0.05,5,3,1
88.947,2,0.0,0.73,31,1,1
88.9531,0,0.0,0.32,29,3,2
88.9577,2,0.0,0.26,31,3,1
88.9628,2,0.0,0.38,11,3,1
88.9681,2,0.0,0.0,38,1,1
88.9724,2,0.0,0.01,17,3,1
88.9776,2,0.0,0.13,11,3,1
88.9821,2,0.0,0.3,5,3,1
88.9859,2,0.0,0.44,48,3,1
88.9898,2,0.0,0.05,8,3,1
88.9939,2,0.0,0.08,10,3,1
88.999,2,0.0,0.07,24,3,1
89.0035,2,0.0,0.11,6,3,1
89.0077,2,0.0,0.19,2,3,1
89.0128,2,0.0,0.06,7,3,1
89.0178,2,0.0,0.01,17,3,1
89.022,2,0.0,0.04,2,3,1
89.0266,0,0.0,1.41,29,3,2
89.0319,2,0.0,0.04,3,3,1
89.0355,0,0.0,0.16,29,3,2
89.0395,2,0.0,0.41,28,3,1
89.0463,2,0.0,0.01,2,3,1
89.0512,2,0.0,0.06,9,1,1
89.0549,2,0.9,0.32,20,3,1
89.0611,2,0.0,0.18,14,3,1
89.0655,2,0.0,0.08,3,3,1
89.0699,4,0.0,0.2,15,3,0
89.074,2,0.0,0.22,6,3,1
89.0794,2,0.0,0.07,2,3,1
89.0833,2,0.0,0.95,16,1,1
89.0883,2,0.9,1.13,46,3,1
89.0939,2,0.0,2.51,27,3,1
89.0985,2,0.0,0.19,7,3,1
89.103,2,0.0,0.03,4,3,1
89.1082,0,0.0,0.08,14,3,2
89.1142,2,0.0,0.07,8,3,1
89.1187,2,0.0,0.17,30,3,1
89.1233,4,0.0,0.07,3,3,0
89.1322,2,0.0,0.03,2,3,1
89.1444,2,0.9,0.3,12,3,1
89.1525,0,0.0,0.12,44,3,2
89.1612,2,0.0,0.14,11,3,1
89.1685,2,0.0,0.12,8,3,1
89.1738,2,0.0,0.19,26,3,1
89.1788,2,0.0,0.87,17,1,1
89.1826,2,0.0,0.04,4,3,1
89.1865,2,0.0,0.2,8,3,1
89.1911,2,0.0,0.03,2,3,1
89.1952,3,0.0,0.21,24,3,1
89.1998,2,0.0,0.05,8,3,1
89.2036,0,0.0,0.06,28,3,2
89.2078,0,0.0,1.14,27,3,2
89.2129,2,0.0,0.08,4,3,1
89.2171,2,0.0,0.03,19,3,1
89.2216,2,0.0,0.11,10,3,1
89.2269,2,0.0,0.19,9,3,1
89.2303,2,0.0,0.43,5,3,1
89.235,3,0.0,0.16,21,3,1
89.2394,2,0.0,0.3,13,3,1
89.2445,2,0.0,0.27,8,3,1
89.249,2,0.0,0.05,2,3,1
89.2552,2,0.0,0.11,9,3,1
89.2654,2,0.0,0.03,20,3,1
89.2701,2,0.0,0.15,52,3,1
89.2754,2,0.9,1.32,40,3,1
89.28,2,34.5,3.69,29,3,1
89.286,2,0.0,0.07,8,3,1
89.2906,2,0.0,0.19,10,3,1
89.2973,2,0.0,0.24,10,3,1
89.3041,2,0.0,0.38,6,3,1
89.3089,2,0.0,0.65,9,3,1
89.3166,2,0.0,0.12,8,3,1
89.3223,3,0.0,0.73,22,3,1
89.3274,2,0.0,3.12,11,3,1
89.3332,3,8.2,1.37,19,3,1
89.3372,2,0.0,0.09,6,3,1
89.3421,2,0.0,0.11,6,3,1
89.3462,2,0.0,0.12,6,3,1
89.3506,2,0.0,0.3,11,3,1
89.3542,0,0.0,0.13,29,3,2
89.3583,2,0.0,1.69,13,3,1
89.3637,2,0.0,2.06,46,3,1
89.3682,2,0.0,0.0,10,3,1
89.3728,2,0.0,0.22,2,3,1
89.3778,2,97.3,0.43,22,3,0
89.3827,2,0.0,0.1,8,3,1
89.3884,0,0.0,0.66,28,3,2
89.3937,2,0.0,0.52,15,3,1
89.3972,2,0.0,0.05,8,3,1
89.4014,2,0.0,0.02,3,3,1
89.4057,0,0.0,1.69,28,3,2
89.4113,3,0.0,1.03,22,3,1
89.4168,2,0.0,0.31,25,3,1
89.4224,2,0.0,0.16,6,3,1
89.4276,0,1.8,1.92,32,3,2
89.4311,2,0.0,0.04,1,3,1
89.4348,2,0.0,0.1,14,3,1
89.4392,2,0.0,0.18,10,3,1
89.4436,2,0.0,0.08,11,3,1
89.448,2,0.0,0.13,6,3,1
89.452,2,0.0,0.67,49,3,1
89.4561,2,0.0,0.13,8,3,1
89.4621,2,0.0,0.54,11,3,1
89.4669,2,0.0,0.52,30,3,1
90.482,2,0.9,0.79,46,3,1
90.4891,2,0.0,0.99,15,3,1
90.4938,2,0.0,0.04,3,3,1
90.4997,2,6.4,1.91,21,3,1
90.5067,2,0.0,0.02,3,3,1
90.5126,3,0.0,0.14,6,3,1
90.5171,2,0.0,0.81,9,3,1
90.5211,2,0.0,0.09,3,3,1
90.5267,2,0.0,0.01,2,3,1
90.532,4,0.0,0.42,17,3,0
90.5374,2,0.0,0.13,9,3,1
90.5435,2,0.0,0.14,8,3,1
90.5481,2,0.0,0.01,2,3,1
90.5534,2,0.0,3.78,76,3,1
90.5584,2,0.0,0.22,23,3,1
90.5641,2,0.0,0.24,12,3,1
90.5681,2,0.0,0.05,5,3,1
90.5731,2,0.0,0.03,1,3,1
90.5793,0,0.0,0.09,28,3,2
90.5838,2,0.0,0.01,2,3,1
90.5888,1,0.0,0.09,14,3,2
90.594,2,0.0,0.09,6,3,1
90.5979,2,0.0,0.04,8,3,1
90.6024,2,0.0,0.03,2,3,1
90.6062,2,0.0,0.3,5,3,1
90.6093,3,0.0,0.09,21,3,1
90.6143,2,38.9,2.01,33,3,1
90.6194,2,0.0,0.34,24,3,1
90.6251,2,0.0,0.21,7,3,1
90.6304,2,0.0,0.03,2,3,1
90.6344,2,0.9,0.63,60,3,1
90.6387,2,0.0,0.05,5,3,1
90.6438,2,0.0,0.73,31,1,1
90.6473,0,0.0,0.32,29,3,2
90.6513,2,0.0,0.26,31,3,1
90.6554,2,0.0,0.38,11,3,1
90.6596,2,0.0,0.0,38,1,1
90.6659,2,0.0,0.01,17,3,1
90.6711,2,0.0,0.13,11,3,1
90.6769,2,0.0,0.29,6,3,1
90.6803,2,0.0,0.44,48,3,1
90.6857,2,0.0,0.05,8,3,1
90.6893,2,0.0,0.08,10,3,1
90.6943,2,0.0,0.07,24,3,1
90.6986,2,0.0,0.11,6,3,1
90.7018,2,0.0,0.19,2,3,1
90.7059,2,0.0,0.06,7,3,1
90.7121,2,0.0,0.01,17,3,1
90.7171,2,0.0,0.04,2,3,1
90.7215,0,0.0,1.41,29,3,2
90.7266,2,0.0,0.04,3,3,1
90.7309,0,0.0,0.16,29,3,2
90.7351,2,0.0,0.41,28,3,1
90.7382,2,0.0,0.01,2,3,1
90.7434,2,0.0,0.06,9,1,1
90.7474,2,0.0,0.32,20,3,1
90.7517,2,0.0,0.18,14,3,1
90.7563,2,0.0,0.08,3,3,1
90.7617,4,0.0,0.2,15,3,0
90.767,2,0.0,0.22,6,3,1
90.7727,2,0.0,0.07,2,3,1
90.7788,2,0.0,0.95,16,1,1
90.784,2,0.0,1.13,46,3,1
90.7894,2,0.0,2.51,27,3,1
90.7958,2,0.0,0.19,7,3,1
90.8001,2,0.0,0.03,4,3,1
90.8045,0,0.0,0.08,14,3,2
90.8104,2,0.0,0.07,8,3,1
90.815,2,0.0,0.17,30,3,1
90.8194,4,0.0,0.07,3,3,0
90.8246,2,0.0,0.03,2,3,1
90.8289,2,0.0,0.3,12,3,1
90.834,0,0.0,0.12,44,3,2
90.8379,2,0.0,0.14,11,3,1
90.8423,2,0.0,0.12,8,3,1
90.8468,2,0.0,0.2,26,3,1
90.8503,2,0.0,0.87,17,1,1
90.8556,2,0.0,0.04,4,3,1
90.861,2,0.0,0.2,8,3,1
90.8648,2,0.0,0.03,2,3,1
90.8689,3,0.0,0.21,24,3,1
90.8753,2,0.0,0.05,8,3,1
90.8806,0,0.0,0.06,28,3,2
90.8848,0,0.0,1.14,27,3,2
90.8889,2,0.0,0.08,4,3,1
90.8933,2,0.0,0.03,19,3,1
90.8979,2,0.0,0.11,10,3,1
90.903,2,0.0,0.19,9,3,1
90.9084,2,0.0,0.43,5,3,1
90.9134,3,0.0,0.16,21,3,1
90.9176,2,0.0,0.3,13,3,1
90.9238,2,0.0,0.27,8,3,1
90.9293,2,0.0,0.05,2,3,1
90.9349,2,0.0,0.11,9,3,1
90.9393,2,0.0,0.03,20,3,1
90.9444,2,0.0,0.15,52,3,1
90.9485,2,0.0,1.32,40,3,1
90.9535,2,27.1,3.69,29,3,1
90.9587,2,0.0,0.07,8,3,1
90.964,2,0.0,0.19,10,3,1
90.9681,2,0.0,0.24,10,3,1
90.9724,2,0.0,0.38,6,3,1
90.9774,2,0.0,0.65,9,3,1
90.9834,2,0.0,0.12,8,3,1
90.9874,3,0.0,0.73,22,3,1
90.9928,2,0.0,3.12,11,3,1
90.997,3,12.3,1.37,19,3,1
91.0019,2,0.0,0.09,6,3,1
91.0061,2,0.0,0.11,6,3,1
91.0119,2,0.0,0.12,6,3,1
91.0168,2,0.0,0.3,11,3,1
91.0204,0,0.0,0.13,29,3,2
91.0256,2,0.0,1.69,13,3,1
91.0309,2,0.0,2.06,46,3,1
91.0353,2,0.0,0.0,10,3,1
91.0393,2,0.0,0.22,2,3,1
91.0443,2,94.4,0.43,22,3,0
91.0492,2,0.0,0.1,8,3,1
91.0535,0,0.0,0.66,28,3,2
91.0583,2,0.0,0.52,15,3,1
91.0632,2,0.0,0.05,8,3,1
91.0672,2,0.0,0.02,3,3,1
91.0706,0,0.0,1.69,28,3,2
91.0763,3,0.0,1.03,22,3,1
91.0807,2,0.0,0.31,25,3,1
91.0853,2,0.0,0.16,6,3,1
91.0893,0,0.9,1.92,32,3,2
91.0957,2,0.0,0.04,1,3,1
91.1002,2,0.0,0.1,14,3,1
91.104,2,0.0,0.18,10,3,1
91.1091,2,0.0,0.08,11,3,1
91.114,2,0.0,0.13,6,3,1
91.117,2,0.0,0.67,49,3,1
91.1213,2,0.0,0.13,8,3,1
91.1274,2,0.0,0.54,11,3,1
91.1307,2,0.0,0.52,30,3,1
92.1504,2,0.0,0.79,46,3,1
92.1594,2,0.0,0.99,15,3,1
92.1686,2,0.0,0.04,3,3,1
92.1772,2,1.9,1.91,21,3,1
92.1833,2,0.0,0.02,3,3,1
92.1897,3,0.0,0.14,6,3,1
92.1949,2,0.0,0.81,9,3,1
92.2003,2,0.0,0.09,3,3,1
92.2084,2,0.0,0.01,2,3,1
92.214,4,0.0,0.42,17,3,0
92.221,2,0.0,0.13,9,3,1
92.2277,2,0.0,0.14,8,3,1
92.2338,2,0.0,0.01,2,3,1
92.2419,2,0.9,3.78,76,3,1
92.25,2,0.0,0.22,23,3,1
92.2564,2,0.0,0.24,12,3,1
92.2611,2,0.0,0.05,5,3,1
92.2654,2,0.0,0.03,1,3,1
92.2686,0,0.0,0.09,28,3,2
92.274,2,0.0,0.01,2,3,1
92.28,1,0.0,0.09,14,3,2
92.2854,2,0.0,0.09,6,3,1
92.2903,2,0.0,0.04,8,3,1
92.2952,2,0.0,0.03,2,3,1
92.3001,2,0.0,0.3,5,3,1
92.3048,3,0.0,0.09,21,3,1
92.3096,2,39.5,2.01,33,3,1
92.314,2,0.0,0.34,24,3,1
92.3196,2,0.0,0.21,7,3,1
92.3252,2,0.0,0.03,2,3,1
92.3307,2,0.0,0.63,60,3,1
92.3345,2,0.0,0.05,5,3,1
92.3441,2,0.0,0.73,31,1,1
92.3514,0,0.0,0.32,29,3,2
92.356,2,0.0,0.26,31,3,1
92.362,2,1.8,0.38,12,3,1
92.3667,2,0.0,0.0,38,1,1
92.3723,2,0.0,0.01,17,3,1
92.3775,2,0.0,0.13,11,3,1
92.3809,2,0.0,0.29,6,3,1
92.3856,2,0.0,0.44,48,3,1
92.3919,2,0.0,0.05,8,3,1
92.3965,2,0.0,0.08,10,3,1
92.401,2,0.0,0.07,24,3,1
92.4051,2,0.0,0.11,6,3,1
92.4103,2,0.0,0.19,2,3,1
92.4148,2,0.0,0.06,7,3,1
92.4188,2,0.0,0.01,17,3,1
92.4231,2,0.0,0.04,2,3,1
92.4282,0,0.0,1.41,29,3,2
92.4319,2,0.0,0.04,3,3,1
92.4373,0,0.0,0.16,29,3,2
92.4421,2,0.0,0.41,28,3,1
92.4475,2,0.0,0.01,2,3,1
92.4511,2,0.0,0.06,9,1,1
92.4562,2,0.0,0.32,20,3,1
92.4606,2,0.0,0.18,14,3,1
92.4649,2,0.0,0.08,3,3,1
92.4679,4,0.0,0.2,15,3,0
92.4722,2,0.0,0.22,6,3,1
92.4772,2,0.0,0.07,2,3,1
92.482,2,0.0,0.95,16,1,1
92.4864,2,0.0,1.13,46,3,1
92.4914,2,0.0,2.51,27,3,1
92.4955,2,0.0,0.19,7,3,1
92.5004,2,0.0,0.03,4,3,1
92.5045,0,0.0,0.08,14,3,2
92.5091,2,0.0,0.07,8,3,1
92.5129,2,0.0,0.17,30,3,1
92.517,4,0.0,0.07,3,3,0
92.5204,2,0.0,0.03,2,3,1
92.5264,2,0.0,0.3,12,3,1
92.5322,0,0.0,0.12,44,3,2
92.5364,2,0.0,0.14,11,3,1
92.5414,2,0.0,0.12,8,3,1
92.5454,2,0.0,0.2,26,3,1
92.5503,2,0.0,0.87,17,1,1
92.5546,2,0.0,0.04,4,3,1
92.5597,2,0.0,0.2,8,3,1
92.564,2,0.0,0.03,2,3,1
92.5691,3,0.0,0.21,24,3,1
92.5781,2,0.0,0.05,8,3,1
92.5844,0,0.0,0.06,28,3,2
92.5913,0,0.0,1.14,27,3,2
92.5969,2,0.0,0.08,4,3,1
92.6014,2,0.0,0.03,19,3,1
92.605,2,0.0,0.11,10,3,1
92.609,2,0.0,0.19,9,3,1
92.6139,2,0.0,0.43,5,3,1
92.618,3,0.0,0.16,21,3,1
92.6232,2,0.0,0.3,13,3,1
92.6284,2,0.0,0.27,8,3,1
92.6333,2,0.0,0.05,2,3,1
92.6372,2,0.0,0.11,9,3,1
92.6424,2,0.0,0.03,20,3,1
92.6469,2,0.0,0.15,52,3,1
92.651,2,0.0,1.32,40,3,1
92.655,2,44.0,3.67,29,3,1
92.6594,2,0.0,0.07,8,3,1
92.664,2,0.0,0.19,10,3,1
92.669,2,0.0,0.24,10,3,1
92.6738,2,0.0,0.38,6,3,1
92.6789,2,0.0,0.65,9,3,1
92.6833,2,0.0,0.12,8,3,1
92.6873,3,0.0,0.73,22,3,1
92.6926,2,0.0,3.12,11,3,1
92.6963,3,10.1,1.37,19,3,1
92.6995,2,0.0,0.09,6,3,1
92.7038,2,0.0,0.11,6,3,1
92.7079,2,0.0,0.12,6,3,1
92.7129,2,0.0,0.3,11,3,1
92.7175,0,0.0,0.13,29,3,2
92.7215,2,0.0,1.69,13,3,1
92.727,2,0.0,2.06,46,3,1
92.7318,2,0.0,0.0,10,3,1
92.736,2,0.0,0.22,2,3,1
92.7418,2,96.3,0.43,22,3,0
92.746,2,0.0,0.1,8,3,1
92.75,0,0.0,0.66,26,3,2
92.754,2,0.0,0.52,15,3,1
92.7597,2,0.0,0.05,8,3,1
92.7646,2,0.0,0.02,3,3,1
92.769,0,0.0,1.69,28,3,2
92.7739,3,0.0,1.03,22,3,1
92.7789,2,0.0,0.31,25,3,1
92.7842,2,0.0,0.16,6,3,1
92.7888,0,0.9,1.92,32,3,2
92.7975,2,0.0,0.04,1,3,1
92.803,2,0.0,0.1,14,3,1
92.8087,2,0.0,0.18,10,3,1
92.8142,2,0.0,0.08,11,3,1
92.819,2,0.0,0.13,6,3,1
92.8233,2,0.0,0.67,49,3,1
92.8287,2,0.0,0.13,8,3,1
92.8322,2,0.0,0.54,11,3,1
92.8371,2,0.0,0.52,30,3,1
93.8523,2,0.0,0.79,46,3,1
93.8595,2,0.0,0.99,15,3,1
93.8672,2,0.0,0.04,3,3,1
93.8759,2,2.8,1.91,21,3,1
93.8841,2,0.0,0.02,4,3,1
93.8915,3,0.0,0.14,6,3,1
93.8969,2,0.0,0.81,9,3,1
93.9013,2,0.0,0.09,3,3,1
93.9056,2,0.0,0.01,2,3,1
93.9113,4,0.0,0.42,17,3,0
93.9169,2,0.0,0.13,9,3,1
93.9214,2,0.0,0.14,8,3,1
93.9275,2,0.0,0.01,2,3,1
93.933,2,0.0,3.78,76,3,1
93.9401,2,0.0,0.22,23,3,1
93.9486,2,0.0,0.24,12,3,1
93.9565,2,0.0,0.05,5,3,1
93.9638,2,0.0,0.03,1,3,1
93.9703,0,0.0,0.09,28,3,2
93.9764,2,0.0,0.01,2,3,1
93.982,1,0.0,0.08,14,3,2
93.9859,2,0.0,0.09,6,3,1
93.9912,2,0.0,0.04,8,3,1
93.9953,2,0.0,0.03,2,3,1
94.0004,2,0.0,0.3,5,3,1
94.0064,3,0.0,0.09,21,3,1
94.0117,2,41.7,2.02,33,3,1
94.0169,2,0.0,0.34,24,3,1
94.0233,2,0.0,0.21,7,3,1
94.0284,2,0.0,0.03,2,3,1
94.0323,2,0.0,0.63,60,3,1
94.0367,2,0.0,0.05,5,3,1
94.0427,2,0.0,0.73,31,1,1
94.0483,0,0.0,0.32,29,3,2
94.0527,2,0.0,0.26,31,3,1
94.0579,2,0.9,0.38,12,3,1
94.063,2,0.0,0.0,38,1,1
94.0677,2,0.0,0.01,17,3,1
94.071,2,0.0,0.13,11,3,1
94.0771,2,0.0,0.29,6,3,1
94.0805,2,0.0,0.44,48,3,1
94.0852,2,0.0,0.05,8,3,1
94.0899,2,0.0,0.08,10,3,1
94.0951,2,0.0,0.07,24,3,1
94.1,2,0.0,0.11,6,3,1
94.1057,2,0.0,0.19,2,3,1
94.1109,2,0.0,0.06,7,3,1
94.1147,2,0.0,0.01,17,3,1
94.1192,2,0.0,0.04,2,3,1
94.1252,0,0.0,1.41,29,3,2
94.1297,2,0.0,0.04,3,3,1
94.1337,0,0.0,0.16,29,3,2
94.1386,2,0.0,0.41,29,3,1
94.1437,2,0.0,0.01,2,3,1
94.1511,2,0.0,0.05,9,1,1
94.1578,2,0.0,0.32,20,3,1
94.1633,2,0.0,0.18,14,3,1
94.1686,2,0.0,0.08,3,3,1
94.1741,4,0.0,0.2,15,3,0
94.1791,2,0.0,0.22,6,3,1
94.1825,2,0.0,0.07,2,3,1
94.1865,2,0.0,0.95,16,1,1
94.1908,2,0.0,1.13,46,3,1
94.1961,2,0.0,2.51,27,3,1
94.1997,2,0.0,0.19,7,3,1
94.205,2,0.0,0.03,4,3,1
94.2101,0,0.0,0.08,14,3,2
94.2149,2,0.0,0.07,8,3,1
94.2204,2,0.0,0.17,30,3,1
94.2255,4,0.0,0.07,3,3,0
94.2297,2,0.0,0.03,2,3,1
94.2344,2,0.0,0.3,12,3,1
94.2375,0,0.0,0.12,44,3,2
94.2426,2,0.0,0.14,11,3,1
94.2472,2,0.0,0.12,8,3,1
94.2519,2,0.0,0.19,26,3,1
94.2564,2,0.0,0.87,17,1,1
94.2622,2,0.0,0.04,4,3,1
94.2663,2,0.0,0.2,8,3,1
94.2706,2,0.0,0.03,2,3,1
94.2762,3,0.0,0.21,24,3,1
94.2822,2,0.0,0.05,8,3,1
94.2887,0,0.0,0.06,28,3,2
94.2947,0,0.0,1.14,27,3,2
94.3011,2,0.0,0.08,4,3,1
94.3074,2,0.0,0.03,19,3,1
94.313,2,0.0,0.11,10,3,1
94.3173,2,0.0,0.19,9,3,1
94.322,2,0.0,0.43,5,3,1
94.3283,3,0.0,0.16,21,3,1
94.339,2,0.0,0.3,13,3,1
94.3476,2,0.0,0.27,8,3,1
94.358,2,0.0,0.05,2,3,1
94.3634,2,0.0,0.11,9,3,1
94.3665,2,0.0,0.03,20,3,1
94.3716,2,0.0,0.15,52,3,1
94.3773,2,0.0,1.32,40,3,1
94.3813,2,40.9,3.69,29,3,1
94.3854,2,0.0,0.07,8,3,1
94.3897,2,0.0,0.19,10,3,1
94.3947,2,0.0,0.24,10,3,1
94.3983,2,0.0,0.38,6,3,1
94.402,2,0.0,0.65,9,3,1
94.4061,2,0.0,0.12,8,3,1
94.4112,3,0.0,0.73,22,3,1
94.4166,2,0.0,3.12,11,3,1
94.421,3,9.9,1.37,19,3,1
94.4263,2,0.0,0.09,6,3,1
94.4304,2,0.0,0.11,6,3,1
94.4341,2,0.0,0.12,6,3,1
94.4382,2,0.0,0.3,11,3,1
94.4422,0,0.0,0.13,29,3,2
94.4462,2,0.0,1.69,13,3,1
94.4505,2,0.0,2.06,46,3,1
94.4545,2,0.0,0.0,10,3,1
94.4598,2,0.0,0.22,2,3,1
94.4649,2,96.3,0.43,22,3,0
94.4691,2,0.0,0.1,8,3,1
94.4735,0,0.0,0.66,26,3,2
94.4785,2,0.0,0.52,15,3,1
94.4836,2,0.0,0.05,8,3,1
94.4877,2,0.0,0.02,3,3,1
94.4928,0,0.0,1.69,28,3,2
94.497,3,0.0,1.03,22,3,1
94.5004,2,0.0,0.31,25,3,1
94.5052,2,0.0,0.16,6,3,1
94.5096,0,0.0,1.92,32,3,2
94.515,2,0.0,0.04,1,3,1
94.5191,2,0.0,0.1,14,3,1
94.5235,2,0.0,0.18,10,3,1
94.529,2,0.0,0.08,11,3,1
94.5328,2,0.0,0.13,6,3,1
94.5372,2,0.0,0.67,49,3,1
94.542,2,0.0,0.13,8,3,1
94.5463,2,0.0,0.54,11,3,1
94.5513,2,0.0,0.52,30,3,1
95.5626,2,0.0,0.79,46,3,1
95.5693,2,0.0,0.99,16,3,1
95.5746,2,0.0,0.04,3,3,1
95.5787,2,2.8,1.91,21,3,1
95.5834,2,0.0,0.02,4,3,1
95.5899,3,0.0,0.14,6,3,1
95.5956,2,0.0,0.81,9,3,1
95.6014,2,0.0,0.09,3,3,1
95.6054,2,0.0,0.01,2,3,1
95.6141,4,0.0,0.42,18,3,0
95.6184,2,0.0,0.13,9,3,1
95.6227,2,0.0,0.14,8,3,1
95.6289,2,0.0,0.01,2,3,1
95.6327,2,0.9,3.78,76,3,1
95.6381,2,0.0,0.22,23,3,1
95.6429,2,0.0,0.24,12,3,1
95.6476,2,0.0,0.05,5,3,1
95.654,2,0.0,0.03,1,3,1
95.6591,0,0.0,0.09,28,3,2
95.6642,2,0.0,0.01,2,3,1
95.669,1,0.0,0.08,14,3,2
95.6746,2,0.0,0.09,6,3,1
95.6799,2,0.0,0.04,8,3,1
95.6848,2,0.0,0.03,2,3,1
95.6886,2,0.0,0.3,5,3,1
95.6939,3,0.0,0.09,21,3,1
95.6976,2,35.2,2.02,33,3,1
95.702,2,0.0,0.34,24,3,1
95.7061,2,0.0,0.21,7,3,1
95.7112,2,0.0,0.03,2,3,1
95.7156,2,0.0,0.63,60,3,1
95.7195,2,0.0,0.05,5,3,1
95.7246,2,0.0,0.73,31,1,1
95.7286,0,0.0,0.32,29,3,2
95.7333,2,0.0,0.26,31,3,1
95.7369,2,0.0,0.38,12,3,1
95.7411,2,0.0,0.0,38,1,1
95.7462,2,0.0,0.01,17,3,1
95.7494,2,0.0,0.13,11,3,1
95.7543,2,0.0,0.29,6,3,1
95.7593,2,0.0,0.44,50,3,1
95.764,2,0.0,0.05,8,3,1
95.7681,2,0.0,0.08,10,3,1
95.7736,2,0.0,0.07,24,3,1
95.7777,2,0.0,0.11,6,3,1
95.782,2,0.0,0.19,2,3,1
95.7855,2,0.0,0.06,7,3,1
95.7905,2,0.0,0.01,17,3,1
95.7946,2,0.0,0.04,2,3,1
95.7998,0,0.0,1.41,29,3,2
95.8034,2,0.0,0.04,3,3,1
95.8094,0,0.0,0.16,29,3,2
95.8142,2,0.0,0.41,29,3,1
95.8184,2,0.0,0.01,2,3,1
95.825,2,0.0,0.05,9,1,1
95.8301,2,0.0,0.32,20,3,1
95.8346,2,0.0,0.18,14,3,1
95.8397,2,0.0,0.08,3,3,1
95.8445,4,0.0,0.2,15,3,0
95.8497,2,0.0,0.22,6,3,1
95.854,2,0.0,0.07,2,3,1
95.86,2,0.0,0.95,16,1,1
95.8647,2,0.0,1.13,46,3,1
95.8687,2,0.0,2.51,27,3,1
95.8743,2,0.0,0.19,7,3,1
95.8794,2,0.0,0.03,4,3,1
95.8837,0,0.0,0.08,14,3,2
95.8869,2,0.0,0.07,8,3,1
95.8918,2,0.0,0.17,30,3,1
95.8971,4,0.0,0.07,3,3,0
95.9016,2,0.0,0.03,2,3,1
95.9068,2,0.0,0.3,12,3,1
95.9121,0,0.0,0.12,44,3,2
95.9162,2,0.0,0.14,11,3,1
95.9205,2,0.0,0.12,8,3,1
95.9273,2,0.0,0.2,26,3,1
95.9321,2,0.0,0.87,17,1,1
95.9374,2,0.0,0.04,4,3,1
95.9422,2,0.0,0.2,8,3,1
95.9474,2,0.0,0.03,2,3,1
95.9521,3,0.0,0.21,24,3,1
95.9577,2,0.0,0.05,8,3,1
95.9633,0,0.0,0.06,28,3,2
95.9674,0,0.0,1.14,27,3,2
95.9727,2,0.0,0.08,4,3,1
95.9777,2,0.0,0.03,19,3,1
95.9822,2,0.0,0.11,10,3,1
95.9869,2,0.0,0.19,9,3,1
95.993,2,0.0,0.43,5,3,1
95.9982,3,0.0,0.16,21,3,1
96.0023,2,0.0,0.3,13,3,1
96.0075,2,0.0,0.27,8,3,1
96.013,2,0.0,0.05,2,3,1
96.0171,2,0.0,0.11,9,3,1
96.0225,2,0.0,0.03,20,3,1
96.0285,2,0.0,0.15,52,3,1
96.0336,2,0.0,1.32,40,3,1
96.0376,2,19.8,3.69,29,3,1
96.0426,2,0.0,0.07,8,3,1
96.0472,2,0.0,0.19,10,3,1
96.0516,2,0.0,0.24,10,3,1
96.0567,2,0.0,0.38,6,3,1
96.0621,2,0.0,0.65,9,3,1
96.0668,2,0.0,0.12,8,3,1
96.0714,3,0.0,0.73,22,3,1
96.0765,2,0.0,3.12,11,3,1
96.0808,3,10.4,1.37,19,3,1
96.0846,2,0.0,0.09,6,3,1
96.0887,2,0.0,0.11,6,3,1
96.0941,2,0.0,0.12,6,3,1
96.0989,2,0.0,0.3,11,3,1
96.103,0,0.0,0.13,29,3,2
96.1092,2,0.0,1.69,13,3,1
96.114,2,0.9,2.06,46,3,1
96.1194,2,0.0,0.0,10,3,1
96.1245,2,0.0,0.22,2,3,1
96.13,2,93.5,0.43,22,3,0
96.1338,2,0.0,0.1,8,3,1
96.1392,0,0.0,0.66,26,3,2
96.1457,2,0.0,0.52,15,3,1
96.1501,2,0.0,0.05,8,3,1
96.154,2,0.0,0.02,3,3,1
96.1588,0,0.0,1.69,28,3,2
96.1638,3,0.0,1.03,22,3,1
96.1679,2,0.0,0.31,25,3,1
96.1718,2,0.0,0.16,7,3,1
96.1769,0,1.9,1.92,32,3,2
96.1814,2,0.0,0.04,1,3,1
96.1851,2,0.0,0.1,14,3,1
96.1906,2,0.0,0.18,10,3,1
96.1957,2,0.0,0.08,11,3,1
96.1997,2,0.0,0.13,6,3,1
96.204,2,0.0,0.67,49,3,1
96.2092,2,0.0,0.13,8,3,1
96.2144,2,0.0,0.55,12,3,1
96.2185,2,0.0,0.52,30,3,1
97.235,2,0.0,0.79,46,3,1
97.2432,2,0.0,0.99,16,3,1
97.2487,2,0.0,0.04,3,3,1
97.2533,2,0.9,1.91,21,3,1
97.2591,2,0.0,0.02,4,3,1
97.2632,3,0.0,0.14,6,3,1
97.2673,2,0.0,0.81,9,3,1
97.2727,2,0.0,0.09,3,3,1
97.2767,2,0.0,0.01,2,3,1
97.281,4,0.0,0.42,18,3,0
97.2846,2,0.0,0.13,9,3,1
97.2886,2,0.0,0.14,8,3,1
97.2937,2,0.0,0.01,2,3,1
97.298,2,0.0,3.78,76,3,1
97.3025,2,0.0,0.22,23,3,1
97.3074,2,0.0,0.24,12,3,1
97.313,2,0.0,0.05,5,3,1
97.3177,2,0.0,0.03,1,3,1
97.3224,0,0.0,0.09,28,3,2
97.3277,2,0.0,0.01,2,3,1
97.3311,1,0.0,0.08,14,3,2
97.3356,2,0.0,0.09,6,3,1
97.3396,2,0.0,0.04,8,3,1
97.3453,2,0.0,0.03,2,3,1
97.35,2,0.0,0.3,5,3,1
97.3547,3,0.0,0.09,21,3,1
97.36,2,37.4,2.02,33,3,1
97.3651,2,0.0,0.34,24,3,1
97.3692,2,0.0,0.21,7,3,1
97.3745,2,0.0,0.03,2,3,1
97.3791,2,0.0,0.63,60,3,1
97.3847,2,0.0,0.05,5,3,1
97.3888,2,0.0,0.73,31,1,1
97.3948,0,0.0,0.32,29,3,2
97.3998,2,0.0,0.26,31,3,1
97.404,2,0.0,0.38,12,3,1
97.4113,2,0.0,0.0,38,1,1
97.4161,2,0.0,0.01,17,3,1
97.4204,2,0.0,0.13,11,3,1
97.4255,2,0.0,0.29,6,3,1
97.4309,2,0.0,0.44,50,3,1
97.4351,2,0.0,0.05,8,3,1
97.4401,2,0.0,0.08,10,3,1
97.4454,2,0.0,0.07,24,3,1
97.4503,2,0.0,0.11,6,3,1
97.4554,2,0.0,0.19,2,3,1
97.4627,2,0.0,0.06,7,3,1
97.4678,2,0.0,0.01,17,3,1
97.4733,2,0.0,0.04,2,3,1
97.4773,0,0.0,1.41,29,3,2
97.4808,2,0.0,0.04,3,3,1
97.4861,0,0.0,0.16,29,3,2
97.4911,2,0.0,0.41,29,3,1
97.4963,2,0.0,0.01,2,3,1
97.5014,2,0.0,0.05,9,1,1
97.506,2,0.0,0.32,20,3,1
97.5112,2,0.0,0.18,14,3,1
97.5159,2,0.0,0.08,3,3,1
97.5204,4,0.0,0.2,15,3,0
97.5255,2,0.0,0.22,6,3,1
97.5291,2,0.0,0.07,2,3,1
97.5336,2,0.0,0.95,16,1,1
97.5376,2,0.0,1.13,46,3,1
97.5436,2,0.0,2.51,27,3,1
97.5478,2,0.0,0.19,7,3,1
97.5516,2,0.0,0.03,4,3,1
97.5566,0,0.0,0.08,14,3,2
97.5597,2,0.0,0.07,8,3,1
97.5646,2,0.0,0.17,30,3,1
97.5686,4,0.0,0.07,3,3,0
97.5729,2,0.0,0.03,2,3,1
97.5779,2,0.0,0.3,12,3,1
97.5822,0,0.0,0.12,44,3,2
97.5866,2,0.0,0.14,11,3,1
97.592,2,0.0,0.12,8,3,1
97.5957,2,0.0,0.19,26,3,1
97.6005,2,0.0,0.87,17,1,1
97.6046,2,0.9,0.04,4,3,1
97.6096,2,0.0,0.2,8,3,1
97.6137,2,0.0,0.03,2,3,1
97.6177,3,0.0,0.21,24,3,1
97.6221,2,0.0,0.05,8,3,1
97.6271,0,0.0,0.06,28,3,2
97.6318,0,0.0,1.14,27,3,2
97.6358,2,0.0,0.08,4,3,1
97.6409,2,0.0,0.03,19,3,1
97.645,2,0.0,0.11,10,3,1
97.6495,2,0.0,0.19,9,3,1
97.6535,2,0.0,0.43,5,3,1
97.6575,3,0.0,0.16,21,3,1
97.6623,2,0.0,0.3,13,3,1
97.6659,2,0.0,0.27,8,3,1
97.6694,2,0.0,0.05,2,3,1
97.6755,2,0.0,0.11,9,3,1
97.6801,2,0.0,0.03,20,3,1
97.6843,2,0.0,0.15,52,3,1
97.6894,2,0.0,1.32,40,3,1
97.6935,2,35.9,3.7,29,3,1
97.6981,2,0.0,0.07,8,3,1
97.7018,2,0.0,0.19,10,3,1
97.7058,2,0.0,0.24,10,3,1
97.7102,2,0.0,0.38,6,3,1
97.7139,2,0.0,0.65,9,3,1
97.7197,2,0.0,0.12,8,3,1
97.7254,3,0.0,0.73,22,3,1
97.7297,2,0.0,3.12,11,3,1
97.7333,3,8.5,1.37,19,3,1
97.7384,2,0.0,0.09,6,3,1
97.7435,2,0.0,0.11,6,3,1
97.7477,2,0.0,0.12,6,3,1
97.751,2,0.0,0.3,11,3,1
97.7561,0,0.0,0.13,29,3,2
97.7605,2,0.0,1.69,13,3,1
97.7655,2,0.0,2.06,46,3,1
97.7703,2,0.0,0.0,10,3,1
97.7756,2,0.0,0.22,2,3,1
97.7809,2,100.0,0.43,22,3,0
97.7851,2,0.0,0.1,8,3,1
97.7901,0,0.0,0.66,26,3,2
97.7947,2,0.0,0.52,15,3,1
97.7996,2,0.0,0.05,8,3,1
97.8037,2,0.0,0.02,3,3,1
97.8087,0,0.0,1.69,28,3,2
97.8142,3,0.0,1.03,22,3,1
97.818,2,0.0,0.31,25,3,1
97.8231,2,0.0,0.16,7,3,1
97.8272,0,0.0,1.92,32,3,2
97.832,2,0.0,0.04,1,3,1
97.8362,2,0.0,0.1,14,3,1
97.8412,2,0.0,0.18,10,3,1
97.8459,2,0.0,0.08,11,3,1
97.8497,2,0.0,0.13,6,3,1
97.8538,2,0.0,0.67,49,3,1
97.8595,2,0.0,0.13,8,3,1
97.8644,2,0.0,0.55,12,3,1
97.8684,2,0.0,0.52,30,3,1
98.8769,2,0.0,0.79,46,3,1
98.8863,2,0.0,0.99,16,3,1
98.8914,2,0.0,0.04,3,3,1
98.8974,2,2.9,1.91,21,3,1
98.905,2,0.0,0.02,4,3,1
98.9096,3,0.0,0.14,6,3,1
98.9145,2,0.0,0.81,9,3,1
98.9195,2,0.0,0.09,3,3,1
98.9249,2,0.0,0.01,2,3,1
98.9306,4,0.0,0.42,18,3,0
98.9364,2,0.0,0.13,9,3,1
98.9424,2,0.0,0.14,8,3,1
98.9491,2,0.0,0.01,2,3,1
98.9559,2,0.0,3.78,77,3,1
98.964,2,0.0,0.22,23,3,1
98.9719,2,0.0,0.24,12,3,1
98.9779,2,0.0,0.05,5,3,1
98.9833,2,0.0,0.03,1,3,1
98.9893,0,0.0,0.09,28,3,2
98.9979,2,0.0,0.01,2,3,1
99.0031,1,0.0,0.08,14,3,2
99.0125,2,0.0,0.09,6,3,1
99.0171,2,0.0,0.04,8,3,1
99.0226,2,0.0,0.03,2,3,1
99.0266,2,0.0,0.3,5,3,1
99.0309,3,0.0,0.09,21,3,1
99.0347,2,38.3,2.02,33,3,1
99.0409,2,0.0,0.34,24,3,1
99.0453,2,0.0,0.21,7,3,1
99.0494,2,0.0,0.03,2,3,1
99.0544,2,0.0,0.63,60,3,1
99.0588,2,0.0,0.05,5,3,1
99.0633,2,0.0,0.73,31,1,1
99.0674,0,0.0,0.32,29,3,2
99.0728,2,0.0,0.26,31,3,1
99.0769,2,0.0,0.38,12,3,1
99.0803,2,0.0,0.0,38,1,1
99.0857,2,0.0,0.01,17,3,1
99.0909,2,0.0,0.13,11,3,1
99.0947,2,0.0,0.29,6,3,1
99.0992,2,0.0,0.44,50,3,1
99.1033,2,0.0,0.05,8,3,1
99.1084,2,0.0,0.08,10,3,1
99.113,2,0.0,0.07,24,3,1
99.117,2,0.0,0.11,6,3,1
99.1215,2,0.0,0.19,2,3,1
99.1255,2,0.0,0.06,7,3,1
99.1309,2,0.0,0.01,17,3,1
99.1356,2,0.0,0.04,2,3,1
99.1411,0,0.0,1.42,29,3,2
99.1462,2,0.0,0.04,3,3,1
99.15,0,0.0,0.16,29,3,2
99.1557,2,0.0,0.41,29,3,1
99.1593,2,0.0,0.01,2,3,1
99.165,2,0.0,0.05,9,1,1
99.169,2,0.0,0.32,20,3,1
99.1733,2,0.0,0.18,14,3,1
99.179,2,0.0,0.08,3,3,1
99.1839,4,0.0,0.2,15,3,0
99.1893,2,0.0,0.22,6,3,1
99.1943,2,0.0,0.07,2,3,1
99.199,2,0.0,0.95,16,1,1
99.2053,2,0.0,1.13,46,3,1
99.2108,2,0.0,2.51,27,3,1
99.2149,2,0.0,0.19,7,3,1
99.2189,2,0.0,0.03,4,3,1
99.2242,0,0.0,0.08,14,3,2
99.2301,2,0.0,0.07,8,3,1
99.2341,2,0.0,0.17,30,3,1
99.2389,4,0.0,0.07,3,3,0
99.2439,2,0.0,0.03,2,3,1
99.2481,2,0.0,0.3,12,3,1
99.2514,0,0.0,0.12,44,3,2
99.2571,2,0.0,0.14,11,3,1
99.2613,2,0.0,0.12,8,3,1
99.2654,2,0.0,0.19,26,3,1
99.2698,2,0.0,0.87,17,1,1
99.2761,2,0.0,0.04,4,3,1
99.2809,2,0.0,0.2,8,3,1
99.2849,2,0.0,0.03,2,3,1
99.2896,3,0.0,0.21,24,3,1
99.2949,2,0.0,0.05,8,3,1
99.2992,0,0.0,0.06,28,3,2
99.3042,2,0.0,0.08,4,3,1
99.3093,2,0.0,0.03,19,3,1
99.3132,2,0.0,0.11,10,3,1
99.3183,2,0.0,0.19,9,3,1
99.3244,2,0.0,0.43,5,3,1
99.3295,3,0.0,0.16,21,3,1
99.3337,2,0.0,0.3,14,3,1
99.3398,2,0.0,0.27,8,3,1
99.3449,2,0.0,0.05,2,3,1
99.3488,2,0.0,0.11,9,3,1
99.3531,2,0.0,0.03,20,3,1
99.3582,2,0.0,0.15,52,3,1
99.363,2,0.0,1.32,40,3,1
99.3681,2,17.8,3.7,29,3,1
99.3741,2,0.0,0.07,8,3,1
99.379,2,0.0,0.19,10,3,1
99.383,2,0.0,0.24,10,3,1
99.3881,2,0.0,0.38,6,3,1
99.3936,2,0.0,0.65,10,3,1
99.3997,2,0.0,0.12,8,3,1
99.4051,3,0.0,0.73,22,3,1
99.4106,2,0.0,3.12,11,3,1
99.4148,3,10.3,1.37,19,3,1
99.4192,2,0.0,0.09,6,3,1
99.4248,2,0.0,0.11,6,3,1
99.4305,2,0.0,0.12,6,3,1
99.4444,2,0.0,0.3,11,3,1
99.4545,0,0.0,0.13,29,3,2
99.4644,2,0.0,1.69,13,3,1
99.4691,2,0.9,2.05,46,3,1
99.4744,2,0.0,0.0,10,3,1
99.4788,2,0.0,0.22,2,3,1
99.4834,2,99.1,0.43,22,3,0
99.4877,2,0.0,0.1,8,3,1
99.4927,0,0.0,0.66,26,3,2
99.497,2,0.0,0.52,15,3,1
99.5007,2,0.0,0.05,8,3,1
99.5068,2,0.0,0.02,3,3,1
99.5112,0,0.0,1.69,28,3,2
99.5141,3,0.0,1.03,22,3,1
99.5186,2,0.0,0.31,25,3,1
99.5227,2,0.0,0.16,7,3,1
99.5267,0,0.0,1.92,32,3,2
99.5313,2,0.0,0.04,1,3,1
99.5357,2,0.0,0.1,14,3,1
99.5406,2,0.0,0.18,10,3,1
99.5448,2,0.0,0.08,11,3,1
99.5494,2,0.0,0.13,6,3,1
99.5523,2,0.0,0.67,49,3,1
99.5574,2,0.0,0.13,8,3,1
99.5624,2,0.0,0.55,12,3,1
99.5661,2,0.0,0.52,30,3,1
100.572,2,0.0,0.79,46,3,1
100.5796,2,0.0,0.99,16,3,1
100.5866,2,0.0,0.04,3,3,1
100.5915,2,1.8,1.91,21,3,1
100.5982,2,0.0,0.02,4,3,1
100.6025,3,0.0,0.14,6,3,1
100.6086,2,0.0,0.81,9,3,1
100.612,2,0.0,0.09,3,3,1
100.616,2,0.0,0.01,2,3,1
100.6208,4,0.0,0.42,18,3,0
100.627,2,0.0,0.13,9,3,1
100.6313,2,0.0,0.14,8,3,1
100.6377,2,0.0,0.01,2,3,1
100.6432,2,0.0,3.78,77,3,1
100.6491,2,0.0,0.22,23,3,1
100.6542,2,0.0,0.24,12,3,1
100.661,2,0.0,0.05,5,3,1
100.6656,2,0.0,0.03,1,3,1
100.6707,0,0.0,0.09,28,3,2
100.6757,2,0.0,0.01,2,3,1
100.6789,1,0.0,0.08,14,3,2
100.6837,2,0.0,0.09,6,3,1
100.6888,2,0.0,0.04,8,3,1
100.6947,2,0.0,0.03,2,3,1
100.7003,2,0.0,0.3,5,3,1
100.707,3,0.0,0.09,21,3,1
100.7124,2,38.3,2.02,33,3,1
100.7173,2,0.0,0.34,24,3,1
100.722,2,0.0,0.21,7,3,1
100.7263,2,0.0,0.03,2,3,1
100.7309,2,0.0,0.63,60,3,1
100.7358,2,0.0,0.05,5,3,1
100.7423,2,0.0,0.73,31,1,1
100.7492,0,0.0,0.32,29,3,2
100.7552,2,0.0,0.26,31,3,1
100.7608,2,0.0,0.38,12,3,1
100.7663,2,0.0,0.0,38,1,1
100.773,2,0.0,0.01,17,3,1
100.7795,2,0.0,0.13,11,3,1
100.7845,2,0.0,0.29,6,3,1
100.79,2,0.0,0.44,50,3,1
100.7948,2,0.0,0.05,8,3,1
100.8006,2,0.0,0.08,10,3,1
100.8058,2,0.0,0.07,24,3,1
100.8097,2,0.0,0.11,6,3,1
100.8151,2,0.0,0.19,2,3,1
100.8191,2,0.0,0.06,7,3,1
100.8245,2,0.0,0.01,17,3,1
100.829,2,0.0,0.04,2,3,1
100.8326,0,0.9,1.42,29,3,2
100.8377,2,0.0,0.04,3,3,1
100.8426,0,0.0,0.16,29,3,2
100.8474,2,0.0,0.41,29,3,1
100.8517,2,0.0,0.01,2,3,1
100.8577,2,0.0,0.05,9,1,1
100.8623,2,0.0,0.32,20,3,1
100.8656,2,0.0,0.18,14,3,1
100.8706,2,0.0,0.08,3,3,1
100.8768,4,0.0,0.2,15,3,0
100.8821,2,0.0,0.22,6,3,1
100.8872,2,0.0,0.07,2,3,1
100.8924,2,0.0,0.95,16,1,1
100.8978,2,0.0,1.13,46,3,1
100.9036,2,0.0,2.51,27,3,1
100.9083,2,0.0,0.19,7,3,1
100.913,2,0.0,0.03,4,3,1
100.9171,0,0.0,0.08,14,3,2
100.9225,2,0.0,0.07,8,3,1
100.9275,2,0.0,0.17,30,3,1
100.9308,4,0.0,0.07,3,3,0
100.9353,2,0.0,0.03,2,3,1
100.9405,2,0.0,0.3,12,3,1
100.9452,0,0.0,0.12,44,3,2
100.9497,2,0.0,0.14,11,3,1
100.9543,2,0.0,0.12,8,3,1
100.9598,2,0.0,0.19,26,3,1
100.9637,2,0.0,0.87,17,1,1
100.9681,2,0.0,0.04,4,3,1
100.9725,2,0.0,0.2,8,3,1
100.9769,2,0.0,0.03,2,3,1
100.982,3,0.0,0.21,24,3,1
100.9864,2,0.0,0.05,8,3,1
100.9928,0,0.0,0.06,28,3,2
100.9971,2,0.0,0.08,4,3,1
101.0012,2,0.0,0.03,19,3,1
101.0062,2,0.0,0.11,10,3,1
101.0114,2,0.0,0.19,9,3,1
101.0154,2,0.0,0.43,5,3,1
101.0184,3,0.0,0.16,21,3,1
101.0237,2,0.0,0.3,14,3,1
101.0288,2,0.0,0.27,8,3,1
101.0327,2,0.0,0.05,2,3,1
101.0379,2,0.0,0.11,9,3,1
101.0431,2,0.0,0.03,20,3,1
101.0472,2,0.0,0.15,52,3,1
101.0518,2,0.0,1.32,40,3,1
101.0563,2,40.7,3.68,29,3,1
101.0612,2,0.0,0.07,8,3,1
101.0653,2,0.0,0.19,10,3,1
101.0694,2,0.0,0.24,10,3,1
101.0748,2,0.0,0.38,6,3,1
101.0788,2,0.0,0.65,10,3,1
101.0841,2,0.0,0.12,8,3,1
101.0889,3,0.0,0.73,22,3,1
101.0943,2,0.0,3.12,11,3,1
101.0978,3,6.5,1.37,19,3,1
101.1018,2,0.0,0.09,6,3,1
101.1069,2,0.0,0.11,6,3,1
101.1111,2,0.0,0.12,6,3,1
101.1156,2,0.0,0.3,11,3,1
101.1201,0,0.0,0.13,29,3,2
101.1254,2,0.0,1.69,13,3,1
101.1298,2,0.9,2.05,46,3,1
101.1346,2,0.0,0.0,10,3,1
101.1399,2,0.0,0.22,2,3,1
101.1445,2,93.4,0.43,22,3,0
101.149,2,0.0,0.1,8,3,1
101.153,0,0.0,0.66,26,3,2
101.1572,2,0.0,0.52,15,3,1
101.1612,2,0.0,0.05,8,3,1
101.1669,2,0.0,0.02,3,3,1
101.1714,0,0.0,1.69,28,3,2
101.1758,3,0.0,1.03,22,3,1
101.1801,2,0.9,0.31,25,3,1
101.1847,2,0.0,0.16,7,3,1
101.1897,0,0.0,1.92,32,3,2
101.194,2,0.0,0.04,1,3,1
101.1983,2,0.0,0.1,14,3,1
101.2016,2,0.0,0.18,10,3,1
101.2066,2,0.0,0.08,11,3,1
101.2112,2,0.0,0.13,6,3,1
101.2151,2,0.0,0.67,49,3,1
101.2196,2,0.0,0.13,8,3,1
101.2254,2,0.0,0.55,12,3,1
101.2291,2,0.0,0.52,30,3,1
102.2447,2,0.0,0.79,46,3,1
102.2533,2,0.0,0.99,16,3,1
102.2586,2,0.0,0.04,3,3,1
102.2667,2,0.9,1.91,21,3,1
102.2734,2,0.0,0.02,4,3,1
102.2806,3,0.0,0.14,6,3,1
102.2902,2,0.0,0.81,9,3,1
102.2979,2,0.0,0.09,3,3,1
102.3054,2,0.0,0.01,2,3,1
102.3094,4,0.0,0.42,18,3,0
102.3164,2,0.0,0.13,9,3,1
102.3221,2,0.0,0.14,8,3,1
102.3276,2,0.0,0.01,2,3,1
102.3319,2,0.9,3.78,77,3,1
102.3364,2,0.0,0.22,23,3,1
102.3414,2,0.0,0.24,12,3,1
102.3455,2,0.0,0.05,5,3,1
102.3504,2,0.0,0.03,1,3,1
102.3574,0,0.0,0.09,28,3,2
102.3644,2,0.0,0.01,2,3,1
102.3718,1,0.0,0.08,14,3,2
102.3786,2,0.0,0.09,6,3,1
102.3845,2,0.0,0.04,8,3,1
102.3938,2,0.0,0.03,2,3,1
102.3976,2,0.0,0.3,5,3,1
102.4016,3,0.0,0.09,21,3,1
102.4069,2,39.5,2.02,33,3,1
102.4115,2,0.0,0.34,24,3,1
102.4159,2,0.0,0.21,7,3,1
102.4211,2,0.0,0.03,2,3,1
102.4262,2,0.0,0.63,60,3,1
102.4304,2,0.0,0.05,5,3,1
102.4336,2,0.0,0.73,31,1,1
102.4391,0,0.0,0.32,29,3,2
102.4433,2,0.0,0.26,31,3,1
102.4463,2,0.0,0.38,12,3,1
102.4512,2,0.0,0.0,38,1,1
102.4571,2,0.0,0.01,17,3,1
102.4624,2,0.0,0.13,11,3,1
102.4671,2,0.0,0.29,6,3,1
102.4727,2,0.0,0.44,50,3,1
102.478,2,0.0,0.05,8,3,1
102.4818,2,0.0,0.08,10,3,1
102.4861,2,0.0,0.07,24,3,1
102.4915,2,0.0,0.11,6,3,1
102.4951,2,0.0,0.19,2,3,1
102.4995,2,0.0,0.06,7,3,1
102.5049,2,0.0,0.01,17,3,1
102.5099,2,0.0,0.04,2,3,1
102.5141,0,0.0,1.42,29,3,2
102.5182,2,0.0,0.04,3,3,1
102.5234,0,0.0,0.16,29,3,2
102.528,2,0.0,0.41,29,3,1
102.5322,2,0.0,0.01,2,3,1
102.5374,2,0.0,0.05,9,1,1
102.5424,2,0.0,0.32,20,3,1
102.5455,2,0.0,0.18,14,3,1
102.5506,2,0.0,0.08,3,3,1
102.5561,4,0.0,0.2,15,3,0
102.5613,2,0.0,0.22,6,3,1
102.566,2,0.0,0.07,2,3,1
102.5704,2,0.0,0.95,16,1,1
102.5756,2,0.0,1.13,45,3,1
102.5799,2,0.0,2.51,27,3,1
102.5837,2,0.0,0.19,7,3,1
102.5902,2,0.0,0.03,4,3,1
102.5945,0,0.0,0.08,14,3,2
102.599,2,0.0,0.07,8,3,1
102.6042,2,0.0,0.17,30,3,1
102.6089,4,0.0,0.07,3,3,0
102.614,2,0.0,0.03,2,3,1
102.618,2,0.0,0.3,12,3,1
102.6232,0,0.0,0.12,44,3,2
102.6272,2,0.0,0.14,11,3,1
102.6308,2,0.0,0.12,8,3,1
102.6365,2,0.0,0.19,26,3,1
102.6419,2,0.0,0.87,17,1,1
102.6466,2,0.0,0.04,4,3,1
102.6515,2,0.0,0.2,8,3,1
102.6583,2,0.0,0.03,2,3,1
102.6639,3,0.0,0.21,24,3,1
102.6693,2,0.0,0.05,8,3,1
102.6742,0,0.0,0.06,28,3,2
102.6786,2,0.0,0.08,4,3,1
102.6826,2,0.0,0.03,19,3,1
102.6868,2,0.0,0.11,10,3,1
102.6913,2,0.0,0.19,9,3,1
102.6971,2,0.0,0.43,5,3,1
102.702,3,0.0,0.16,21,3,1
102.708,2,0.0,0.3,14,3,1
102.7128,2,0.0,0.27,8,3,1
102.7169,2,0.0,0.05,2,3,1
102.7218,2,0.0,0.11,9,3,1
102.727,2,0.0,0.03,20,3,1
102.7323,2,0.0,0.15,52,3,1
102.7372,2,0.0,1.32,40,3,1
102.7434,2,39.8,3.7,29,3,1
102.7479,2,0.0,0.07,8,3,1
102.7535,2,0.0,0.19,10,3,1
102.7587,2,0.0,0.24,10,3,1
102.7639,2,0.0,0.38,6,3,1
102.7694,2,0.0,0.65,10,3,1
102.7756,2,0.0,0.12,8,3,1
102.782,3,0.0,0.73,22,3,1
102.7883,2,0.0,3.12,11,3,1
102.7928,3,14.8,1.37,19,3,1
102.7969,2,0.0,0.09,6,3,1
102.8031,2,0.0,0.11,6,3,1
102.8086,2,0.0,0.12,6,3,1
102.8127,2,0.0,0.3,11,3,1
102.8179,0,0.0,0.13,29,3,2
102.8236,2,0.0,1.69,13,3,1
102.8279,2,0.0,2.05,46,3,1
102.8319,2,0.0,0.0,10,3,1
102.8373,2,0.0,0.22,2,3,1
102.8419,2,92.6,0.43,22,3,0
102.8465,2,0.0,0.1,9,3,1
102.8509,0,0.0,0.66,26,3,2
102.8561,2,0.0,0.52,15,3,1
102.8602,2,0.0,0.05,8,3,1
102.8654,2,0.0,0.02,3,3,1
102.8684,0,0.0,1.69,28,3,2
102.8739,3,0.0,1.03,22,3,1
102.8784,2,0.0,0.31,25,3,1
102.8822,2,0.0,0.16,7,3,1
102.8876,0,0.9,1.92,32,3,2
102.8923,2,0.0,0.04,1,3,1
102.8968,2,0.0,0.1,14,3,1
102.9011,2,0.0,0.18,10,3,1
102.9064,2,0.0,0.08,11,3,1
102.9112,2,0.0,0.13,6,3,1
102.9153,2,0.0,0.67,49,3,1
102.9203,2,0.0,0.13,8,3,1
102.9247,2,0.0,0.55,12,3,1
102.9288,2,0.0,0.52,30,3,1
103.9397,2,0.0,0.79,46,3,1
103.9485,2,0.0,0.99,16,3,1
103.9543,2,0.0,0.04,3,3,1
103.9592,2,0.9,1.91,21,3,1
103.9645,2,0.0,0.02,4,3,1
103.9718,3,0.0,0.14,6,3,1
103.9791,2,0.0,0.81,9,3,1
103.9855,2,0.0,0.09,3,3,1
103.9917,2,0.0,0.01,2,3,1
104.0001,4,0.0,0.42,18,3,0
104.0081,2,0.0,0.13,9,3,1
104.0136,2,0.0,0.14,8,3,1
104.0185,2,0.0,0.01,2,3,1
104.0248,2,0.0,3.78,77,3,1
104.0303,2,0.0,0.22,23,3,1
104.0351,2,0.0,0.24,12,3,1
104.0409,2,0.0,0.05,5,3,1
104.046,2,0.0,0.03,1,3,1
104.0498,0,0.0,0.09,28,3,2
104.0549,2,0.0,0.01,2,3,1
104.0591,1,0.0,0.08,14,3,2
104.0633,2,0.0,0.09,6,3,1
104.0704,2,0.0,0.04,8,3,1
104.0752,2,0.0,0.03,2,3,1
104.079,2,0.0,0.3,5,3,1
104.0834,3,0.0,0.09,21,3,1
104.0899,2,41.1,2.02,33,3,1
104.0939,2,0.0,0.34,24,3,1
104.0982,2,0.0,0.21,7,3,1
104.1025,2,0.0,0.03,2,3,1
104.1078,2,0.0,0.63,60,3,1
104.112,2,0.0,0.05,5,3,1
104.1169,2,0.0,0.73,31,1,1
104.1227,0,0.0,0.32,29,3,2
104.1284,2,0.0,0.26,31,3,1
104.1344,2,0.0,0.38,12,3,1
104.1409,2,0.0,0.0,38,1,1
104.1456,2,0.0,0.01,17,3,1
104.1505,2,0.0,0.13,11,3,1
104.1546,2,0.0,0.29,6,3,1
104.1598,2,0.0,0.44,50,3,1
104.1634,2,0.0,0.05,8,3,1
104.1691,2,0.0,0.08,10,3,1
104.1746,2,0.0,0.07,24,3,1
104.1788,2,0.0,0.11,6,3,1
104.1832,2,0.0,0.19,1,3,1
104.1882,2,0.0,0.06,7,3,1
104.1931,2,0.0,0.01,17,3,1
104.1972,2,0.0,0.04,2,3,1
104.2005,0,0.0,1.42,29,3,2
104.2062,2,0.0,0.04,3,3,1
104.2105,0,0.0,0.16,29,3,2
104.215,2,0.0,0.41,29,3,1
104.2222,2,0.0,0.01,2,3,1
104.2273,2,0.0,0.05,9,1,1
104.232,2,0.0,0.32,20,3,1
104.237,2,0.0,0.18,14,3,1
104.2411,2,0.0,0.08,3,3,1
104.2453,4,0.0,0.2,15,3,0
104.25,2,0.0,0.22,6,3,1
104.2537,2,0.0,0.07,2,3,1
104.2588,2,0.0,0.95,16,1,1
104.2635,2,0.0,1.13,45,3,1
104.2679,2,0.0,2.51,27,3,1
104.2734,2,0.0,0.19,7,3,1
104.2785,2,0.0,0.03,4,3,1
104.2818,0,0.0,0.08,14,3,2
104.2863,2,0.0,0.07,8,3,1
104.2916,2,0.0,0.17,30,3,1
104.2957,4,0.0,0.07,3,3,0
104.2996,2,0.0,0.03,2,3,1
104.3045,2,0.0,0.3,12,3,1
104.3097,0,0.0,0.12,44,3,2
104.3144,2,0.0,0.14,11,3,1
104.3193,2,0.0,0.12,8,3,1
104.3243,2,0.0,0.19,26,3,1
104.3283,2,0.0,0.87,17,1,1
104.3326,2,0.0,0.04,4,3,1
104.3369,2,0.0,0.2,8,3,1
104.3415,2,0.0,0.03,2,3,1
104.3458,3,0.0,0.21,24,3,1
104.3491,2,0.0,0.05,8,3,1
104.3552,0,0.0,0.06,28,3,2
104.3602,2,0.0,0.08,4,3,1
104.3649,2,0.0,0.03,19,3,1
104.37,2,0.0,0.11,10,3,1
104.3743,2,0.0,0.19,9,3,1
104.3783,2,0.0,0.43,4,3,1
104.3825,3,0.0,0.16,21,3,1
104.3879,2,0.0,0.3,14,3,1
104.3922,2,0.0,0.27,8,3,1
104.3959,2,0.0,0.05,2,3,1
104.4,2,0.0,0.11,9,3,1
104.4061,2,0.0,0.03,20,3,1
104.4107,2,0.0,0.15,52,3,1
104.4153,2,0.0,1.32,40,3,1
104.4194,2,16.7,3.68,29,3,1
104.4244,2,0.0,0.07,8,3,1
104.4293,2,0.0,0.19,10,3,1
104.4345,2,0.0,0.24,10,3,1
104.4407,2,0.0,0.38,6,3,1
104.4473,2,0.0,0.65,10,3,1
104.4556,2,0.0,0.12,8,3,1
104.4635,3,0.0,0.73,22,3,1
104.4706,2,0.0,3.12,11,3,1
104.4786,3,9.3,1.37,19,3,1
104.4843,2,0.0,0.09,6,3,1
104.4922,2,0.0,0.11,6,3,1
104.4988,2,0.0,0.12,6,3,1
104.507,2,0.0,0.3,11,3,1
104.5143,0,0.0,0.13,29,3,2
104.5212,2,0.0,1.69,13,3,1
104.5284,2,0.0,2.05,46,3,1
104.5352,2,0.0,0.0,10,3,1
104.5418,2,0.0,0.22,2,3,1
104.5459,2,98.2,0.43,22,3,0
104.549,2,0.0,0.1,8,3,1
104.5543,0,0.0,0.66,26,3,2
104.5586,2,0.0,0.52,15,3,1
104.5622,2,0.0,0.05,8,3,1
104.5673,2,0.0,0.02,3,3,1
104.5719,0,0.0,1.69,28,3,2
104.5845,3,0.0,1.03,22,3,1
104.5992,2,0.0,0.31,25,3,1
104.6073,2,0.0,0.16,7,3,1
104.6159,0,0.0,1.92,32,3,2
104.6234,2,0.0,0.04,1,3,1
104.6287,2,0.0,0.1,14,3,1
104.6327,2,0.0,0.18,10,3,1
104.637,2,0.0,0.08,11,3,1
104.6414,2,0.0,0.13,6,3,1
104.6455,2,0.0,0.67,49,3,1
104.6492,2,0.0,0.13,8,3,1
104.6535,2,0.0,0.55,12,3,1
104.6586,2,0.0,0.52,30,3,1
105.6772,2,0.0,0.79,46,3,1
105.6864,2,0.0,0.99,16,3,1
105.695,2,0.0,0.04,3,3,1
105.7032,2,3.6,1.91,21,3,1
105.7137,2,0.0,0.02,4,3,1
105.723,3,0.0,0.14,6,3,1
105.732,2,0.0,0.81,9,3,1
105.7405,2,0.0,0.09,3,3,1
105.7471,2,0.0,0.01,2,3,1
105.7543,4,0.0,0.42,18,3,0
105.7594,2,0.0,0.13,9,3,1
105.7639,2,0.0,0.14,8,3,1
105.768,2,0.0,0.01,2,3,1
105.7738,2,0.0,3.78,77,3,1
105.7781,2,0.0,0.22,23,3,1
105.7832,2,0.0,0.24,12,3,1
105.7883,2,0.0,0.05,5,3,1
105.7948,2,0.0,0.03,1,3,1
105.8006,0,0.0,0.09,28,3,2
105.8075,2,0.0,0.01,2,3,1
105.8125,1,0.0,0.08,14,3,2
105.8176,2,0.0,0.09,6,3,1
105.8231,2,0.0,0.04,8,3,1
105.8286,2,0.0,0.03,2,3,1
105.8341,2,0.0,0.3,5,3,1
105.8391,3,0.0,0.09,21,3,1
105.8448,2,41.6,2.02,33,3,1
105.8507,2,0.0,0.34,24,3,1
105.8566,2,0.0,0.21,7,3,1
105.8612,2,0.0,0.03,2,3,1
105.8657,2,0.0,0.63,60,3,1
105.8702,2,0.0,0.05,5,3,1
105.8763,2,0.0,0.73,31,1,1
105.8809,0,0.0,0.32,29,3,2
105.885,2,0.0,0.26,31,3,1
105.8904,2,0.0,0.38,12,3,1
105.8945,2,0.0,0.0,38,1,1
105.8995,2,0.0,0.01,17,3,1
105.9048,2,0.0,0.13,11,3,1
105.9095,2,0.0,0.29,6,3,1
105.9155,2,0.0,0.44,50,3,1
105.9196,2,0.0,0.05,8,3,1
105.9256,2,0.0,0.08,10,3,1
105.9305,2,0.0,0.07,24,3,1
105.9364,2,0.0,0.11,6,3,1
105.9406,2,0.0,0.19,2,3,1
105.9449,2,0.0,0.06,7,3,1
105.95,2,0.0,0.01,17,3,1
105.9556,2,0.0,0.04,2,3,1
105.9594,0,0.0,1.42,29,3,2
105.9646,2,0.0,0.04,3,3,1
105.9697,0,0.0,0.16,29,3,2
105.9755,2,0.0,0.41,35,3,1
105.9795,2,0.0,0.01,2,3,1
105.9857,2,0.0,0.05,9,1,1
105.992,2,0.0,0.32,20,3,1
105.9969,2,0.0,0.18,14,3,1
106.0035,2,0.0,0.08,3,3,1
106.0089,4,0.0,0.2,15,3,0
106.0132,2,0.0,0.22,6,3,1
106.0173,2,0.0,0.07,2,3,1
106.0225,2,0.0,0.95,16,1,1
106.027,2,0.0,1.13,45,3,1
106.0323,2,0.0,2.51,27,3,1
106.0374,2,0.0,0.19,7,3,1
106.0413,2,0.0,0.03,4,3,1
106.0454,0,0.0,0.08,14,3,2
106.0501,2,0.0,0.07,8,3,1
106.056,2,0.0,0.17,30,3,1
106.0595,4,0.0,0.07,3,3,0
106.0656,2,0.0,0.03,2,3,1
106.0716,2,0.0,0.3,12,3,1
106.0782,0,0.0,0.12,44,3,2
106.0818,2,0.0,0.14,11,3,1
106.0878,2,0.0,0.12,8,3,1
106.093,2,0.0,0.19,26,3,1
106.0988,2,0.0,0.87,17,1,1
106.1054,2,0.0,0.04,4,3,1
106.1113,2,0.0,0.2,8,3,1
106.1164,2,0.0,0.03,2,3,1
106.1225,3,0.0,0.21,24,3,1
106.1285,2,0.0,0.05,8,3,1
106.133,0,0.0,0.06,28,3,2
106.1385,2,0.0,0.08,4,3,1
106.1432,2,0.0,0.03,19,3,1
106.147,2,0.0,0.11,10,3,1
106.1506,2,0.0,0.19,9,3,1
106.1565,2,0.0,0.43,4,3,1
106.1602,3,0.0,0.16,21,3,1
106.1648,2,0.0,0.3,14,3,1
106.1701,2,0.0,0.27,8,3,1
106.1761,2,0.0,0.05,2,3,1
106.1833,2,0.0,0.11,9,3,1
106.19,2,0.0,0.03,20,3,1
106.1962,2,0.0,0.15,52,3,1
106.2007,2,0.0,1.32,40,3,1
106.2068,2,41.2,3.71,29,3,1
106.2133,2,0.0,0.07,8,3,1
106.219,2,0.0,0.19,10,3,1
106.2243,2,0.0,0.24,10,3,1
106.2312,2,0.0,0.38,6,3,1
106.2358,2,0.0,0.65,10,3,1
106.2408,2,0.0,0.12,8,3,1
106.2459,3,0.0,0.73,22,3,1
106.2504,2,0.0,3.12,11,3,1
106.2551,3,5.3,1.37,19,3,1
106.2592,2,0.0,0.09,6,3,1
106.2643,2,0.0,0.11,6,3,1
106.2691,2,0.0,0.12,6,3,1
106.2746,2,0.0,0.3,11,3,1
106.2793,0,0.0,0.13,29,3,2
106.2846,2,0.0,1.69,13,3,1
106.2908,2,0.0,2.01,46,3,1
106.2978,2,0.0,0.0,10,3,1
106.304,2,0.0,0.22,2,3,1
106.3085,2,99.1,0.43,22,3,0
106.3129,2,0.0,0.1,8,3,1
106.3169,0,0.0,0.66,26,3,2
106.3222,2,0.0,0.52,15,3,1
106.3268,2,0.0,0.05,8,3,1
106.3312,2,0.0,0.02,3,3,1
106.3361,0,0.0,1.69,28,3,2
106.3404,3,0.0,1.03,22,3,1
106.3445,2,0.0,0.31,25,3,1
106.3487,2,0.0,0.16,7,3,1
106.3519,0,0.0,1.92,32,3,2
106.357,2,0.0,0.04,1,3,1
106.3616,2,0.0,0.1,14,3,1
106.3657,2,0.0,0.18,10,3,1
106.3708,2,0.0,0.08,11,3,1
106.3759,2,0.0,0.13,6,3,1
106.3801,2,0.0,0.67,49,3,1
106.3834,2,0.0,0.13,8,3,1
106.3882,2,0.0,0.55,12,3,1
106.3925,2,0.0,0.52,30,3,1
107.4094,2,0.0,0.79,46,3,1
107.4188,2,0.0,0.99,16,3,1
107.4293,2,0.0,0.04,3,3,1
107.4398,2,1.8,1.91,21,3,1
107.4456,2,0.0,0.02,4,3,1
107.452,3,0.0,0.14,6,3,1
107.4561,2,0.0,0.81,9,3,1
107.4607,2,0.0,0.09,3,3,1
107.4638,2,0.0,0.01,2,3,1
107.469,4,0.0,0.42,18,3,0
107.4743,2,0.0,0.13,9,3,1
107.4784,2,0.0,0.14,8,3,1
107.4844,2,0.0,0.01,2,3,1
107.4908,2,0.0,3.78,77,3,1
107.4959,2,0.0,0.22,23,3,1
107.5006,2,0.0,0.24,12,3,1
107.5067,2,0.0,0.05,5,3,1
107.5109,2,0.0,0.03,1,3,1
107.5146,0,0.0,0.09,28,3,2
107.5192,2,0.0,0.01,2,3,1
107.5232,1,0.0,0.08,14,3,2
107.5281,2,0.0,0.09,6,3,1
107.5335,2,0.0,0.04,8,3,1
107.5389,2,0.0,0.03,2,3,1
107.5439,2,0.0,0.3,5,3,1
107.5491,3,0.0,0.09,21,3,1
107.5551,2,40.4,2.02,33,3,1
107.5593,2,0.0,0.34,24,3,1
107.5639,2,0.0,0.21,7,3,1
107.5681,2,0.0,0.03,2,3,1
107.5735,2,0.0,0.63,60,3,1
107.578,2,0.0,0.05,5,3,1
107.5836,2,0.0,0.73,31,1,1
107.5896,0,0.0,0.32,29,3,2
107.5939,2,0.0,0.26,31,3,1
107.5975,2,0.0,0.38,12,3,1
107.6028,2,0.0,0.0,38,1,1
107.607,2,0.0,0.01,17,3,1
107.6111,2,0.0,0.13,11,3,1
107.6166,2,0.0,0.29,6,3,1
107.6226,2,0.0,0.44,50,3,1
107.6294,2,0.0,0.05,8,3,1
107.6361,2,0.0,0.08,10,3,1
107.642,2,0.0,0.07,24,3,1
107.6472,2,0.0,0.11,6,3,1
107.6526,2,0.0,0.19,2,3,1
107.6577,2,0.0,0.06,7,3,1
107.6618,2,0.0,0.01,17,3,1
107.6659,2,0.0,0.04,2,3,1
107.6699,0,0.0,1.42,29,3,2
107.6751,2,0.0,0.04,3,3,1
107.6795,0,0.0,0.16,29,3,2
107.6836,2,0.0,0.41,35,3,1
107.6888,2,0.0,0.01,2,3,1
107.6936,2,0.0,0.05,9,1,1
107.6982,2,0.0,0.32,20,3,1
107.7024,2,0.0,0.18,14,3,1
107.7081,2,0.0,0.08,3,3,1
107.7138,4,0.0,0.2,15,3,0
107.7201,2,0.0,0.22,6,3,1
107.7255,2,0.0,0.07,2,3,1
107.7305,2,0.0,0.95,16,1,1
107.7379,2,0.0,1.13,45,3,1
107.7448,2,0.0,2.51,27,3,1
107.7501,2,0.0,0.19,7,3,1
107.755,2,0.0,0.03,4,3,1
107.7614,0,0.0,0.08,14,3,2
107.7662,2,0.0,0.07,8,3,1
107.7718,2,0.0,0.17,30,3,1
107.7769,4,0.0,0.07,3,3,0
107.7812,2,0.0,0.03,2,3,1
107.7867,2,0.0,0.3,12,3,1
107.7925,0,0.0,0.12,44,3,2
107.7974,2,0.0,0.14,11,3,1
107.8024,2,0.0,0.12,8,3,1
107.8078,2,0.0,0.19,26,3,1
107.8121,2,0.0,0.87,17,1,1
107.8178,2,0.9,0.04,4,3,1
107.8239,2,0.0,0.2,8,3,1
107.8308,2,0.0,0.03,2,3,1
107.8368,3,0.0,0.21,24,3,1
107.8414,2,0.0,0.05,8,3,1
107.8469,0,0.0,0.06,28,3,2
107.8517,2,0.0,0.08,4,3,1
107.8572,2,0.0,0.03,19,3,1
107.8621,2,0.0,0.11,10,3,1
107.8682,2,0.0,0.19,9,3,1
107.8732,2,0.0,0.43,4,3,1
107.8789,3,0.0,0.16,21,3,1
107.8846,2,0.0,0.3,14,3,1
107.8902,2,0.0,0.27,8,3,1
107.8943,2,0.0,0.05,2,3,1
107.899,2,0.0,0.11,9,3,1
107.9042,2,0.0,0.03,20,3,1
107.9088,2,0.0,0.15,52,3,1
107.913,2,0.0,1.32,40,3,1
107.9193,2,20.0,3.72,29,3,1
107.9253,2,0.0,0.07,8,3,1
107.9306,2,0.0,0.19,10,3,1
107.9365,2,0.0,0.24,10,3,1
107.9415,2,0.0,0.38,6,3,1
107.9475,2,0.0,0.65,10,3,1
107.9548,2,0.0,0.12,8,3,1
107.9611,3,0.0,0.73,22,3,1
107.9673,2,0.0,3.12,11,3,1
107.9736,3,7.3,1.37,19,3,1
107.9779,2,0.0,0.09,6,3,1
107.9829,2,0.0,0.11,6,3,1
107.9877,2,0.0,0.12,6,3,1
107.9921,2,0.0,0.3,11,3,1
107.9962,0,0.0,0.13,29,3,2
107.9993,2,0.0,1.69,13,3,1
108.0056,2,0.0,2.01,46,3,1
108.0101,2,0.0,0.0,10,3,1
108.0141,2,0.0,0.22,2,3,1
108.019,2,95.5,0.43,22,3,0
108.023,2,0.0,0.1,8,3,1
108.0274,0,0.0,0.66,26,3,2
108.0307,2,0.0,0.52,15,3,1
108.0348,2,0.0,0.05,8,3,1
108.0401,2,0.0,0.02,3,3,1
108.0433,0,0.0,1.69,28,3,2
108.0481,3,0.0,1.03,22,3,1
108.0535,2,0.0,0.31,25,3,1
108.0578,2,0.0,0.16,7,3,1
108.0622,0,0.0,1.92,32,3,2
108.0674,2,0.0,0.04,1,3,1
108.0793,2,0.0,0.1,14,3,1
108.0922,2,0.0,0.18,10,3,1
108.0996,2,0.0,0.08,11,3,1
108.1086,2,0.0,0.13,6,3,1
108.1136,2,0.0,0.67,49,3,1
108.1183,2,0.0,0.13,8,3,1
108.1238,2,0.0,0.55,12,3,1
108.1276,2,0.0,0.52,30,3,1
109.1445,2,0.0,0.79,46,3,1
109.1518,2,0.0,0.99,16,3,1
109.1581,2,0.0,0.04,3,3,1
109.1645,2,5.5,1.91,21,3,1
109.1708,2,0.0,0.02,4,3,1
109.1753,3,0.0,0.14,6,3,1
109.1798,2,0.0,0.81,9,3,1
109.1845,2,0.0,0.09,3,3,1
109.1902,2,0.0,0.01,2,3,1
109.1934,4,0.0,0.42,18,3,0
109.1982,2,0.0,0.13,9,3,1
109.2035,2,0.0,0.14,8,3,1
109.2076,2,0.0,0.01,2,3,1
109.2124,2,0.0,3.78,77,3,1
109.2166,2,0.0,0.22,23,3,1
109.2219,2,0.0,0.24,12,3,1
109.2277,2,0.0,0.05,5,3,1
109.2326,2,0.0,0.03,1,3,1
109.2378,0,0.0,0.09,28,3,2
109.2437,2,0.0,0.01,2,3,1
109.2485,1,0.0,0.08,14,3,2
109.2547,2,0.0,0.09,6,3,1
109.2588,2,0.0,0.04,8,3,1
109.2625,2,0.0,0.03,2,3,1
109.2666,2,0.0,0.3,5,3,1
109.2719,3,0.0,0.09,21,3,1
109.2769,2,40.0,2.02,33,3,1
109.281,2,0.0,0.34,24,3,1
109.2868,2,0.0,0.21,7,3,1
109.2918,2,0.0,0.03,2,3,1
109.2974,2,0.0,0.63,60,3,1
109.302,2,0.0,0.05,5,3,1
109.3066,2,0.0,0.73,31,1,1
109.3113,0,0.0,0.32,29,3,2
109.3155,2,0.0,0.26,31,3,1
109.3213,2,0.0,0.38,12,3,1
109.3265,2,0.0,0.0,38,1,1
109.3319,2,0.0,0.01,17,3,1
109.3376,2,0.0,0.13,11,3,1
109.3424,2,0.0,0.29,6,3,1
109.347,2,0.0,0.44,50,3,1
109.3518,2,0.0,0.05,8,3,1
109.3562,2,0.0,0.08,10,3,1
109.3611,2,0.0,0.07,24,3,1
109.366,2,0.0,0.11,6,3,1
109.3716,2,0.0,0.19,2,3,1
109.3757,2,0.0,0.06,7,3,1
109.3799,2,0.0,0.01,17,3,1
109.3856,2,0.0,0.04,2,3,1
109.3901,0,0.0,1.42,29,3,2
109.3942,2,0.0,0.04,3,3,1
109.3984,0,0.0,0.16,29,3,2
109.4035,2,0.0,0.41,35,3,1
109.4075,2,0.0,0.01,2,3,1
109.4131,2,0.0,0.05,9,1,1
109.4173,2,0.0,0.32,20,3,1
109.4231,2,0.0,0.18,14,3,1
109.428,2,0.0,0.08,3,3,1
109.4328,4,0.0,0.2,15,3,0
109.4376,2,0.0,0.22,6,3,1
109.4423,2,0.0,0.07,2,3,1
109.4471,2,0.0,0.95,16,1,1
109.4529,2,0.0,1.13,45,3,1
109.4585,2,0.0,2.51,27,3,1
109.464,2,0.0,0.19,7,3,1
109.4693,2,0.0,0.03,4,3,1
109.4739,0,0.0,0.08,14,3,2
109.4792,2,0.0,0.07,8,3,1
109.4829,2,0.0,0.17,30,3,1
109.4882,4,0.0,0.07,3,3,0
109.4926,2,0.0,0.03,2,3,1
109.4972,2,0.0,0.3,12,3,1
109.5026,0,0.0,0.12,44,3,2
109.5071,2,0.0,0.14,11,3,1
109.5122,2,0.0,0.12,8,3,1
109.5196,2,0.0,0.19,26,3,1
109.5246,2,0.0,0.87,17,1,1
109.5302,2,0.0,0.04,4,3,1
109.5351,2,0.0,0.2,8,3,1
109.5389,2,0.0,0.03,2,3,1
109.5432,3,0.0,0.21,24,3,1
109.5479,2,0.0,0.05,8,3,1
109.5527,0,0.0,0.06,28,3,2
109.5569,2,0.0,0.08,4,3,1
109.5602,2,0.0,0.03,19,3,1
109.5643,2,0.0,0.11,10,3,1
109.5689,2,0.0,0.19,9,3,1
109.5744,2,0.0,0.43,4,3,1
109.5792,3,0.0,0.16,21,3,1
109.5832,2,0.0,0.3,14,3,1
109.5893,2,0.0,0.27,8,3,1
109.5938,2,0.0,0.05,2,3,1
109.5981,2,0.0,0.11,9,3,1
109.6036,2,0.0,0.03,20,3,1
109.6078,2,0.0,0.15,52,3,1
109.612,2,0.0,1.32,41,3,1
109.6162,2,42.6,3.69,29,3,1
109.6218,2,0.0,0.07,8,3,1
109.6264,2,0.0,0.19,10,3,1
109.6314,2,0.0,0.24,10,3,1
109.6356,2,0.0,0.38,6,3,1
109.6415,2,0.0,0.65,10,3,1
109.645,2,0.0,0.12,8,3,1
109.6486,3,0.0,0.73,22,3,1
109.6534,2,0.0,3.12,11,3,1
109.6585,3,13.9,1.37,19,3,1
109.6622,2,0.0,0.09,6,3,1
109.6675,2,0.0,0.11,6,3,1
109.6726,2,0.0,0.12,6,3,1
109.6774,2,0.0,0.3,11,3,1
109.682,0,0.0,0.13,29,3,2
109.6865,2,0.0,1.69,13,3,1
109.6914,2,0.0,2.01,46,3,1
109.6955,2,0.0,0.0,10,3,1
109.7013,2,0.0,0.22,2,3,1
109.7073,2,96.3,0.43,22,3,0
109.7131,2,0.0,0.1,8,3,1
109.7189,0,0.0,0.66,26,3,2
109.7247,2,0.0,0.52,15,3,1
109.7293,2,0.0,0.05,8,3,1
109.7362,2,0.0,0.02,3,3,1
109.7427,0,0.0,1.69,28,3,2
109.7482,3,0.0,1.03,22,3,1
109.7532,2,0.0,0.31,25,3,1
109.7582,2,0.0,0.16,7,3,1
109.7627,0,0.0,1.92,32,3,2
109.7681,2,0.0,0.04,1,3,1
109.7736,2,0.0,0.1,14,3,1
109.7799,2,0.0,0.18,10,3,1
109.786,2,0.0,0.08,11,3,1
109.7904,2,0.0,0.13,6,3,1
109.7945,2,0.0,0.67,49,3,1
109.7988,2,0.0,0.13,8,3,1
109.8042,2,0.0,0.55,12,3,1
109.8083,2,0.0,0.52,30,3,1
110.8181,2,0.0,0.79,46,3,1
110.8255,2,0.0,0.99,16,3,1
110.8338,2,0.0,0.04,3,3,1
110.843,2,2.8,1.91,21,3,1
110.8529,2,0.0,0.02,4,3,1
110.8612,3,0.0,0.14,6,3,1
110.8696,2,0.0,0.81,9,3,1
110.8789,2,0.0,0.09,3,3,1
110.8884,2,0.0,0.01,2,3,1
110.8959,4,0.0,0.42,18,3,0
110.9044,2,0.0,0.13,9,3,1
110.9133,2,0.0,0.14,8,3,1
110.9203,2,0.0,0.01,2,3,1
110.9259,2,0.0,3.78,77,3,1
110.9328,2,0.0,0.22,23,3,1
110.938,2,0.0,0.24,12,3,1
110.9444,2,0.0,0.05,5,3,1
110.9506,2,0.0,0.03,1,3,1
110.9575,0,0.0,0.09,28,3,2
110.9625,2,0.0,0.01,2,3,1
110.9675,1,0.0,0.08,14,3,2
110.9721,2,0.0,0.09,6,3,1
110.9787,2,0.0,0.04,8,3,1
110.985,2,0.0,0.03,2,3,1
110.9892,2,0.0,0.3,5,3,1
110.9934,3,0.0,0.09,21,3,1
110.997,2,40.0,2.02,33,3,1
111.0024,2,0.0,0.34,24,3,1
111.007,2,0.0,0.21,7,3,1
111.0113,2,0.0,0.03,2,3,1
111.0151,2,0.0,0.63,60,3,1
111.0198,2,0.0,0.05,5,3,1
111.0256,2,0.0,0.73,31,1,1
111.0301,0,0.0,0.32,29,3,2
111.0344,2,0.0,0.26,31,3,1
111.0394,2,0.0,0.38,12,3,1
111.044,2,0.0,0.0,38,1,1
111.0476,2,0.0,0.01,17,3,1
111.0527,2,0.0,0.13,11,3,1
111.0568,2,0.0,0.29,6,3,1
111.0619,2,0.0,0.44,50,3,1
111.0676,2,0.0,0.05,8,3,1
111.0737,2,0.0,0.08,10,3,1
111.0784,2,0.0,0.07,24,3,1
111.084,2,0.0,0.11,6,3,1
111.0885,2,0.0,0.19,2,3,1
111.0928,2,0.0,0.06,7,3,1
111.0969,2,0.0,0.01,17,3,1
111.1016,2,0.0,0.04,2,3,1
111.1066,0,0.0,1.42,29,3,2
111.1109,2,0.0,0.04,3,3,1
111.1169,0,0.0,0.16,29,3,2
111.1226,2,0.0,0.41,35,3,1
111.1276,2,0.0,0.01,2,3,1
111.1321,2,0.0,0.05,9,1,1
111.1375,2,0.0,0.32,20,3,1
111.143,2,0.0,0.18,14,3,1
111.1474,2,0.0,0.08,3,3,1
111.1537,4,0.0,0.2,15,3,0
111.1597,2,0.0,0.22,6,3,1
111.1661,2,0.0,0.07,2,3,1
111.1718,2,0.0,0.95,16,1,1
111.1783,2,0.0,1.13,45,3,1
111.1847,2,0.0,2.51,27,3,1
111.1887,2,0.0,0.19,7,3,1
111.1931,2,0.0,0.03,4,3,1
111.1972,0,0.0,0.08,14,3,2
111.2011,2,0.0,0.07,8,3,1
111.2057,2,0.0,0.17,30,3,1
111.2105,4,0.0,0.07,3,3,0
111.2145,2,0.0,0.03,2,3,1
111.22,2,0.0,0.3,12,3,1
111.2249,0,0.0,0.12,44,3,2
111.229,2,0.0,0.14,11,3,1
111.2338,2,0.0,0.12,8,3,1
111.2385,2,0.0,0.2,26,3,1
111.2427,2,0.0,0.87,17,1,1
111.2473,2,0.0,0.04,4,3,1
111.2516,2,0.0,0.2,8,3,1
111.2562,2,0.0,0.03,2,3,1
111.2606,3,0.0,0.21,24,3,1
111.2651,2,0.0,0.05,8,3,1
111.2711,0,0.0,0.06,28,3,2
111.2762,2,0.0,0.08,4,3,1
111.2822,2,0.0,0.03,19,3,1
111.2877,2,0.0,0.11,10,3,1
111.2931,2,0.0,0.19,9,3,1
111.2983,2,0.0,0.43,4,3,1
111.3032,3,0.0,0.16,21,3,1
111.3083,2,0.0,0.3,14,3,1
111.3131,2,0.0,0.27,8,3,1
111.3183,2,0.0,0.05,2,3,1
111.324,2,0.0,0.11,9,3,1
111.3284,2,0.0,0.03,20,3,1
111.3328,2,0.0,0.15,52,3,1
111.3384,2,0.0,1.32,41,3,1
111.3427,2,18.9,3.71,29,3,1
111.3457,2,0.0,0.07,8,3,1
111.3511,2,0.0,0.19,10,3,1
111.3552,2,0.0,0.24,10,3,1
111.3605,2,0.0,0.38,6,3,1
111.3662,2,0.0,0.65,10,3,1
111.3724,2,0.0,0.12,8,3,1
111.3772,3,0.0,0.73,22,3,1
111.3819,2,0.0,3.12,11,3,1
111.3867,3,10.0,1.37,19,3,1
111.391,2,0.0,0.09,6,3,1
111.3951,2,0.0,0.11,6,3,1
111.3994,2,0.0,0.12,6,3,1
111.405,2,0.0,0.3,11,3,1
111.4091,0,0.0,0.13,29,3,2
111.413,2,0.0,1.69,13,3,1
111.4194,2,0.0,2.01,46,3,1
111.4243,2,0.0,0.0,10,3,1
111.4285,2,0.0,0.22,2,3,1
111.4345,2,97.3,0.43,22,3,0
111.4391,2,0.0,0.1,8,3,1
111.443,0,0.0,0.66,26,3,2
111.4471,2,0.0,0.52,15,3,1
111.4517,2,0.0,0.05,8,3,1
111.4559,2,0.0,0.02,3,3,1
111.4597,0,0.0,1.69,28,3,2
111.4647,3,0.0,1.03,22,3,1
111.4705,2,0.0,0.31,25,3,1
111.4752,2,0.0,0.16,7,3,1
111.4798,0,0.0,1.92,32,3,2
111.485,2,0.0,0.04,1,3,1
111.489,2,0.0,0.1,14,3,1
111.4931,2,0.0,0.18,10,3,1
111.4973,2,0.0,0.08,11,3,1
111.5029,2,0.0,0.13,6,3,1
111.5069,2,0.0,0.67,49,3,1
111.5118,2,0.0,0.13,8,3,1
111.516,2,0.0,0.55,12,3,1
111.5211,2,0.0,0.52,30,3,1
112.5407,2,0.0,0.79,46,3,1
112.5483,2,0.0,0.99,16,3,1
112.5531,2,0.0,0.04,3,3,1
112.5611,2,0.9,1.91,21,3,1
112.5681,2,0.0,0.02,4,3,1
112.5766,3,0.0,0.14,6,3,1
112.5835,2,0.0,0.81,9,3,1
112.5893,2,0.0,0.09,3,3,1
112.5966,2,0.0,0.01,2,3,1
112.6065,4,0.0,0.42,18,3,0
112.6156,2,0.0,0.13,9,3,1
112.6222,2,0.0,0.14,8,3,1
112.6313,2,0.0,0.01,2,3,1
112.6379,2,0.0,3.78,77,3,1
112.6437,2,0.0,0.22,23,3,1
112.6486,2,0.0,0.24,12,3,1
112.6544,2,0.0,0.05,5,3,1
112.6588,2,0.0,0.03,1,3,1
112.6628,0,0.0,0.09,28,3,2
112.6674,2,0.0,0.01,2,3,1
112.6737,1,0.0,0.08,14,3,2
112.6781,2,0.0,0.09,6,3,1
112.6824,2,0.0,0.04,8,3,1
112.6867,2,0.0,0.03,2,3,1
112.6909,2,0.0,0.3,5,3,1
112.695,3,0.0,0.09,21,3,1
112.7002,2,40.9,2.02,33,3,1
112.7056,2,0.0,0.34,24,3,1
112.7108,2,0.0,0.21,7,3,1
112.7169,2,0.0,0.03,2,3,1
112.7249,2,0.0,0.63,60,3,1
112.7299,2,0.0,0.05,5,3,1
112.7364,2,0.0,0.73,31,1,1
112.7414,0,0.0,0.32,29,3,2
112.747,2,0.0,0.26,31,3,1
112.7526,2,0.0,0.38,12,3,1
112.7576,2,0.0,0.0,38,1,1
112.7634,2,0.0,0.01,17,3,1
112.7696,2,0.0,0.13,11,3,1
112.7758,2,0.0,0.29,6,3,1
112.7814,2,0.0,0.44,50,3,1
112.7864,2,0.0,0.05,8,3,1
112.7911,2,0.0,0.08,10,3,1
112.7953,2,0.0,0.07,24,3,1
112.7996,2,0.0,0.11,6,3,1
112.8043,2,0.0,0.19,2,3,1
112.8084,2,0.0,0.06,7,3,1
112.8132,2,0.0,0.01,17,3,1
112.8187,2,0.0,0.04,2,3,1
112.8232,0,0.0,1.42,29,3,2
112.8283,2,0.0,0.04,3,3,1
112.8333,0,0.0,0.16,29,3,2
112.8384,2,0.0,0.41,35,3,1
112.8416,2,0.0,0.01,2,3,1
112.8457,2,0.0,0.05,9,1,1
112.8517,2,0.0,0.32,20,3,1
112.8573,2,0.0,0.18,14,3,1
112.8631,2,0.0,0.08,3,3,1
112.8701,4,0.0,0.2,15,3,0
112.8768,2,0.0,0.22,6,3,1
112.8803,2,0.0,0.07,2,3,1
112.8853,2,0.0,0.95,16,1,1
112.8898,2,0.0,1.13,45,3,1
112.8945,2,0.0,2.51,27,3,1
112.8984,2,0.0,0.19,7,3,1
112.9039,2,0.0,0.03,4,3,1
112.9079,0,0.0,0.08,14,3,2
112.9136,2,0.0,0.07,8,3,1
112.9185,2,0.0,0.17,30,3,1
112.9225,4,0.0,0.07,3,3,0
112.9269,2,0.0,0.03,2,3,1
112.9313,2,0.0,0.3,12,3,1
112.9366,0,0.0,0.12,44,3,2
112.9399,2,0.0,0.14,11,3,1
112.944,2,0.0,0.12,8,3,1
112.9483,2,0.0,0.19,26,3,1
112.9534,2,0.0,0.87,17,1,1
112.9579,2,0.0,0.04,4,3,1
112.9633,2,0.0,0.2,8,3,1
112.9697,2,0.0,0.03,2,3,1
112.9744,3,0.0,0.21,24,3,1
112.9787,2,0.0,0.05,8,3,1
112.9831,0,0.0,0.06,28,3,2
112.9886,2,0.0,0.08,4,3,1
112.9928,2,0.0,0.03,19,3,1
112.9971,2,0.0,0.11,10,3,1
113.0015,2,0.0,0.19,9,3,1
113.0071,2,0.0,0.43,4,3,1
113.013,3,0.0,0.16,21,3,1
113.0189,2,0.0,0.3,14,3,1
113.024,2,0.0,0.27,8,3,1
113.029,2,0.0,0.05,2,3,1
113.0344,2,0.0,0.11,9,3,1
113.0394,2,0.0,0.03,20,3,1
113.0435,2,0.0,0.15,52,3,1
113.0472,2,0.0,1.32,41,3,1
113.0537,2,31.2,3.71,29,3,1
113.0582,2,0.0,0.07,8,3,1
113.0637,2,0.0,0.19,10,3,1
113.069,2,0.0,0.24,10,3,1
113.0744,2,0.0,0.38,6,3,1
113.0785,2,0.0,0.65,10,3,1
113.0834,2,0.0,0.12,8,3,1
113.0889,3,0.0,0.73,22,3,1
113.0925,2,0.0,3.12,11,3,1
113.0957,3,10.9,1.37,19,3,1
113.1021,2,0.0,0.09,6,3,1
113.1069,2,0.0,0.11,6,3,1
113.1112,2,0.0,0.12,6,3,1
113.117,2,0.0,0.3,11,3,1
113.1223,0,0.0,0.13,29,3,2
113.1264,2,0.0,1.69,13,3,1
113.1307,2,0.0,2.01,46,3,1
113.1354,2,0.0,0.0,10,3,1
113.1397,2,0.0,0.22,2,3,1
113.1438,2,97.3,0.43,22,3,0
113.1482,2,0.0,0.1,8,3,1
113.1543,0,0.0,0.66,26,3,2
113.1582,2,0.0,0.52,15,3,1
113.1625,2,0.0,0.05,8,3,1
113.1676,2,0.0,0.02,3,3,1
113.1726,0,0.0,1.69,28,3,2
113.1776,3,0.0,1.03,22,3,1
113.1821,2,0.0,0.31,25,3,1
113.1887,2,0.0,0.16,7,3,1
113.1954,0,0.0,1.92,32,3,2
113.2029,2,0.0,0.04,1,3,1
113.2096,2,0.0,0.1,14,3,1
113.2141,2,0.0,0.18,10,3,1
113.2194,2,0.0,0.08,11,3,1
113.2247,2,0.0,0.13,6,3,1
113.2301,2,0.0,0.67,49,3,1
113.2355,2,0.0,0.13,8,3,1
113.2399,2,0.0,0.55,12,3,1
113.2438,2,0.9,0.52,30,3,1
114.2585,2,0.0,0.79,46,3,1
114.2657,2,0.0,0.99,16,3,1
114.2728,2,0.0,0.04,3,3,1
114.2807,2,0.0,1.91,21,3,1
114.2914,2,0.0,0.02,4,3,1
114.2999,3,0.0,0.14,6,3,1
114.3098,2,0.0,0.81,9,3,1
114.3152,2,0.0,0.09,3,3,1
114.3215,2,0.0,0.01,2,3,1
114.3256,4,0.0,0.42,18,3,0
114.3298,2,0.0,0.13,9,3,1
114.3353,2,0.0,0.14,8,3,1
114.3405,2,0.0,0.01,2,3,1
114.3455,2,0.0,3.78,77,3,1
114.353,2,0.0,0.22,23,3,1
114.3573,2,0.0,0.24,12,3,1
114.3625,2,0.0,0.05,5,3,1
114.3668,2,0.0,0.03,1,3,1
114.3718,0,0.0,0.09,28,3,2
114.3762,2,0.0,0.01,2,3,1
114.3806,1,0.0,0.08,14,3,2
114.3867,2,0.0,0.09,6,3,1
114.3929,2,0.0,0.04,8,3,1
114.3983,2,0.0,0.03,2,3,1
114.4032,2,0.0,0.3,5,3,1
114.4073,3,0.0,0.09,21,3,1
114.4119,2,40.4,2.03,33,3,1
114.4172,2,0.0,0.34,24,3,1
114.4222,2,0.0,0.21,7,3,1
114.4262,2,0.0,0.03,2,3,1
114.4307,2,0.0,0.63,60,3,1
114.4353,2,0.0,0.05,5,3,1
114.4408,2,0.0,0.73,31,1,1
114.4452,0,0.0,0.32,29,3,2
114.4503,2,0.0,0.26,31,3,1
114.4547,2,0.0,0.38,12,3,1
114.4589,2,0.0,0.0,38,1,1
114.4648,2,0.0,0.01,17,3,1
114.4714,2,0.0,0.13,11,3,1
114.4759,2,0.0,0.29,6,3,1
114.4805,2,0.0,0.44,50,3,1
114.4855,2,0.0,0.05,8,3,1
114.4899,2,0.0,0.08,10,3,1
114.4936,2,0.0,0.07,24,3,1
114.4979,2,0.0,0.11,6,3,1
114.5025,2,0.0,0.19,2,3,1
114.5066,2,0.0,0.06,7,3,1
114.5113,2,0.0,0.01,17,3,1
114.5159,2,0.0,0.04,2,3,1
114.5205,0,0.0,1.42,29,3,2
114.5247,2,0.0,0.04,3,3,1
114.5289,0,0.0,0.16,29,3,2
114.5347,2,0.0,0.41,35,3,1
114.5391,2,0.0,0.01,2,3,1
114.543,2,0.0,0.05,9,1,1
114.5475,2,0.0,0.32,20,3,1
114.5525,2,0.0,0.18,14,3,1
114.5572,2,0.0,0.08,3,3,1
114.561,4,0.0,0.2,15,3,0
114.5659,2,0.0,0.22,6,3,1
114.5711,2,0.0,0.07,2,3,1
114.5756,2,0.0,0.95,16,1,1
114.5809,2,0.0,1.13,45,3,1
114.5864,2,0.0,2.51,27,3,1
114.5912,2,0.0,0.19,7,3,1
114.5956,2,0.0,0.03,4,3,1
114.6014,0,0.0,0.08,14,3,2
114.6065,2,0.0,0.07,8,3,1
114.6113,2,0.0,0.17,30,3,1
114.616,4,0.0,0.07,3,3,0
114.6214,2,0.0,0.03,2,3,1
114.6257,2,0.0,0.3,12,3,1
114.6305,0,0.0,0.12,44,3,2
114.6357,2,0.0,0.14,11,3,1
114.64,2,0.0,0.12,8,3,1
114.644,2,0.0,0.2,26,3,1
114.6485,2,0.0,0.87,17,1,1
114.6541,2,0.0,0.04,4,3,1
114.6582,2,0.0,0.2,8,3,1
114.6624,2,0.0,0.03,2,3,1
114.6665,3,0.0,0.21,24,3,1
114.6711,2,0.0,0.05,8,3,1
114.6751,0,0.0,0.06,28,3,2
114.6795,2,0.0,0.08,4,3,1
114.6857,2,0.0,0.03,19,3,1
114.6902,2,0.0,0.11,10,3,1
114.6943,2,0.0,0.19,9,3,1
114.6981,2,0.0,0.43,4,3,1
114.7021,3,0.0,0.16,21,3,1
114.7071,2,0.0,0.3,14,3,1
114.7122,2,0.0,0.27,8,3,1
114.7182,2,0.0,0.05,2,3,1
114.7232,2,0.0,0.11,9,3,1
114.7278,2,0.0,0.03,20,3,1
114.7328,2,0.0,0.15,52,3,1
114.7382,2,0.0,1.32,41,3,1
114.7432,2,25.0,3.74,29,3,1
114.7472,2,0.0,0.07,8,3,1
114.7522,2,0.0,0.19,10,3,1
114.7579,2,0.0,0.24,10,3,1
114.762,2,0.0,0.38,6,3,1
114.7658,2,0.0,0.65,10,3,1
114.7721,2,0.0,0.12,8,3,1
114.7769,3,0.0,0.73,22,3,1
114.7814,2,0.0,3.12,11,3,1
114.787,3,9.3,1.37,19,3,1
114.7911,2,0.0,0.09,6,3,1
114.7955,2,0.0,0.11,6,3,1
114.8016,2,0.0,0.12,6,3,1
114.8053,2,0.0,0.3,11,3,1
114.8094,0,0.0,0.13,29,3,2
114.8135,2,0.0,1.69,13,3,1
114.8196,2,0.0,2.01,46,3,1
114.8246,2,0.0,0.0,10,3,1
114.8289,2,0.0,0.22,2,3,1
114.8347,2,96.3,0.43,22,3,0
114.839,2,0.0,0.1,8,3,1
114.8432,0,0.0,0.66,26,3,2
114.8472,2,0.0,0.52,15,3,1
114.8521,2,0.0,0.05,8,3,1
114.8562,2,0.0,0.02,3,3,1
114.8604,0,0.0,1.69,28,3,2
114.8653,3,0.0,1.03,22,3,1
114.8707,2,0.0,0.31,25,3,1
114.8755,2,0.0,0.16,7,3,1
114.8798,0,0.9,1.92,32,3,2
114.8843,2,0.0,0.04,1,3,1
114.8884,2,0.0,0.1,14,3,1
114.8926,2,0.0,0.18,10,3,1
114.8963,2,0.0,0.08,11,3,1
114.8999,2,0.0,0.13,6,3,1
114.9044,2,0.0,0.67,49,3,1
114.9089,2,0.0,0.13,8,3,1
114.9133,2,0.0,0.55,12,3,1
114.9188,2,0.0,0.52,30,3,1
115.9368,2,0.0,0.79,46,3,1
115.9449,2,0.0,0.99,16,3,1
115.9508,2,0.0,0.04,3,3,1
115.9553,2,0.0,1.91,21,3,1
115.9596,2,0.0,0.02,4,3,1
115.9638,3,0.0,0.14,6,3,1
115.969,2,0.0,0.81,9,3,1
115.9738,2,0.0,0.09,3,3,1
115.9781,2,0.0,0.01,2,3,1
115.983,4,0.0,0.42,18,3,0
115.9876,2,0.0,0.13,9,3,1
115.9919,2,0.0,0.14,8,3,1
115.9949,2,0.0,0.01,2,3,1
115.9995,2,0.0,3.78,77,3,1
116.0041,2,0.0,0.22,23,3,1
116.0081,2,0.0,0.24,12,3,1
116.0121,2,0.0,0.05,5,3,1
116.0185,2,0.0,0.03,1,3,1
116.024,0,0.0,0.09,28,3,2
116.0281,2,0.0,0.01,2,3,1
116.033,1,0.0,0.08,14,3,2
116.038,2,0.0,0.09,6,3,1
116.0424,2,0.0,0.04,8,3,1
116.0456,2,0.0,0.03,2,3,1
116.0502,2,0.0,0.3,5,3,1
116.0546,3,0.0,0.09,21,3,1
116.0578,2,38.1,2.03,33,3,1
116.063,2,0.0,0.34,24,3,1
116.0686,2,0.0,0.21,7,3,1
116.0735,2,0.0,0.03,2,3,1
116.0775,2,0.0,0.63,60,3,1
116.0808,2,0.0,0.05,5,3,1
116.086,2,0.0,0.73,31,1,1
116.0903,0,0.0,0.32,29,3,2
116.0933,2,0.0,0.26,31,3,1
116.0975,2,0.0,0.38,12,3,1
116.1025,2,0.0,0.0,38,1,1
116.1071,2,0.0,0.01,17,3,1
116.1112,2,0.0,0.13,11,3,1
116.1163,2,0.0,0.29,6,3,1
116.1205,2,0.0,0.44,50,3,1
116.1246,2,0.0,0.05,8,3,1
116.1328,2,0.0,0.08,10,3,1
116.1427,2,0.0,0.07,24,3,1
116.1523,2,0.0,0.11,6,3,1
116.1614,2,0.0,0.19,2,3,1
116.1663,2,0.0,0.06,7,3,1
116.1713,2,0.0,0.01,17,3,1
116.1755,2,0.0,0.04,2,3,1
116.1799,0,0.0,1.42,29,3,2
116.1851,2,0.0,0.04,3,3,1
116.1888,0,0.0,0.16,29,3,2
116.1931,2,0.0,0.41,35,3,1
116.1972,2,0.0,0.01,2,3,1
116.2023,2,0.0,0.05,9,1,1
116.207,2,0.0,0.32,20,3,1
116.2108,2,0.0,0.18,14,3,1
116.2158,2,0.0,0.08,3,3,1
116.2215,4,0.0,0.2,15,3,0
116.2257,2,0.0,0.22,6,3,1
116.2299,2,0.0,0.07,2,3,1
116.235,2,0.0,0.95,16,1,1
116.2391,2,0.9,1.13,45,3,1
116.2434,2,0.0,2.49,27,3,1
116.2481,2,0.0,0.19,7,3,1
116.2528,2,0.0,0.03,4,3,1
116.2568,0,0.0,0.08,14,3,2
116.2607,2,0.0,0.07,8,3,1
116.2654,2,0.0,0.17,30,3,1
116.2709,4,0.0,0.07,3,3,0
116.276,2,0.0,0.03,2,3,1
116.2802,2,0.0,0.3,12,3,1
116.2853,0,0.0,0.12,44,3,2
116.2909,2,0.0,0.14,11,3,1
116.295,2,0.0,0.12,8,3,1
116.2992,2,0.0,0.2,26,3,1
116.3042,2,0.0,0.87,17,1,1
116.3086,2,0.0,0.04,4,3,1
116.3131,2,0.0,0.2,8,3,1
116.3179,2,0.0,0.03,2,3,1
116.3232,3,0.0,0.21,24,3,1
116.3273,2,0.0,0.05,8,3,1
116.3322,0,0.0,0.06,28,3,2
116.3364,2,0.0,0.08,4,3,1
116.3407,2,0.0,0.03,19,3,1
116.3443,2,0.0,0.11,10,3,1
116.3491,2,0.0,0.19,9,3,1
116.3547,2,0.0,0.43,4,3,1
116.3585,3,0.0,0.16,21,3,1
116.3633,2,0.0,0.3,14,3,1
116.3679,2,0.0,0.27,8,3,1
116.3725,2,0.0,0.05,2,3,1
116.377,2,0.0,0.11,9,3,1
116.382,2,0.0,0.03,20,3,1
116.3867,2,0.0,0.15,52,3,1
116.3905,2,0.0,1.32,41,3,1
116.3947,2,28.3,3.71,29,3,1
116.4001,2,0.0,0.07,8,3,1
116.4048,2,0.0,0.19,10,3,1
116.4086,2,0.0,0.24,10,3,1
116.4138,2,0.0,0.38,6,3,1
116.4178,2,0.0,0.65,10,3,1
116.4235,2,0.0,0.12,8,3,1
116.4275,3,0.0,0.73,22,3,1
116.4331,2,0.0,3.12,11,3,1
116.4371,3,10.4,1.37,19,3,1
116.4415,2,0.0,0.09,6,3,1
116.4459,2,0.0,0.11,6,3,1
116.4516,2,0.0,0.12,6,3,1
116.4563,2,0.0,0.3,11,3,1
116.4612,0,0.0,0.13,29,3,2
116.4675,2,0.0,1.69,13,3,1
116.4719,2,0.0,2.01,46,3,1
116.4773,2,0.0,0.0,10,3,1
116.4823,2,0.0,0.22,2,3,1
116.4863,2,99.1,0.43,22,3,0
116.4917,2,0.0,0.1,8,3,1
116.4979,0,0.0,0.66,26,3,2
116.5038,2,0.0,0.52,15,3,1
116.5088,2,0.0,0.05,8,3,1
116.5159,2,0.0,0.02,3,3,1
116.5219,0,0.0,1.69,28,3,2
116.5259,3,0.0,1.03,22,3,1
116.5299,2,0.0,0.31,25,3,1
116.535,2,0.0,0.16,7,3,1
116.5395,0,0.9,1.92,32,3,2
116.5442,2,0.0,0.04,1,3,1
116.5494,2,0.0,0.1,14,3,1
116.5541,2,0.0,0.18,10,3,1
116.5581,2,0.0,0.08,11,3,1
116.5622,2,0.0,0.13,6,3,1
116.5673,2,0.0,0.67,49,3,1
116.5717,2,0.0,0.13,8,3,1
116.5761,2,0.0,0.55,12,3,1
116.5801,2,0.0,0.52,30,3,1
117.5945,2,0.0,0.79,46,3,1
117.6037,2,0.0,0.99,16,3,1
117.6129,2,0.0,0.04,3,3,1
117.6201,2,2.8,1.91,21,3,1
117.6301,2,0.0,0.02,3,3,1
117.6372,3,0.0,0.14,6,3,1
117.6437,2,0.0,0.81,9,3,1
117.6504,2,0.0,0.09,3,3,1
117.656,2,0.0,0.01,2,3,1
117.6604,4,0.0,0.42,18,3,0
117.6649,2,0.0,0.13,9,3,1
117.6693,2,0.0,0.14,8,3,1
117.674,2,0.0,0.01,2,3,1
117.6783,2,0.0,3.78,77,3,1
117.682,2,0.0,0.22,23,3,1
117.6873,2,0.0,0.24,12,3,1
117.6912,2,0.0,0.05,4,3,1
117.6952,2,0.0,0.03,1,3,1
117.6996,0,0.0,0.09,28,3,2
117.7048,2,0.0,0.01,2,3,1
117.7088,1,0.0,0.08,14,3,2
117.7129,2,0.0,0.09,6,3,1
117.7182,2,0.0,0.04,7,3,1
117.7229,2,0.0,0.03,2,3,1
117.7277,2,0.0,0.3,5,3,1
117.7325,3,0.0,0.09,21,3,1
117.7371,2,38.9,2.03,33,3,1
117.7415,2,0.0,0.34,24,3,1
117.7459,2,0.0,0.21,6,3,1
117.7506,2,0.0,0.03,2,3,1
117.7544,2,0.0,0.63,59,3,1
117.7585,2,0.0,0.05,4,3,1
117.763,2,0.0,0.73,31,1,1
117.769,0,0.0,0.32,28,3,2
117.7736,2,0.0,0.26,30,3,1
117.7777,2,0.0,0.38,12,3,1
117.7832,2,0.0,0.0,38,1,1
117.7876,2,0.0,0.01,17,3,1
117.7919,2,0.0,0.13,11,3,1
117.796,2,0.0,0.29,6,3,1
117.8017,2,0.0,0.44,50,3,1
117.8058,2,0.0,0.05,7,3,1
117.8112,2,0.0,0.08,10,3,1
117.818,2,0.0,0.07,23,3,1
117.8228,2,0.0,0.11,6,3,1
117.8278,2,0.0,0.19,2,3,1
117.8326,2,0.0,0.06,7,3,1
117.8376,2,0.0,0.01,17,3,1
117.8439,2,0.0,0.04,1,3,1
117.8505,0,0.0,1.42,29,3,2
117.8558,2,0.0,0.04,3,3,1
117.8612,0,0.0,0.16,29,3,2
117.8664,2,0.0,0.41,35,3,1
117.8716,2,0.0,0.01,2,3,1
117.8799,2,0.0,0.05,9,1,1
117.8866,2,0.0,0.32,20,3,1
117.8917,2,0.0,0.18,14,3,1
117.8978,2,0.0,0.08,3,3,1
117.9035,4,0.0,0.2,15,3,0
117.9095,2,0.0,0.22,5,3,1
117.9179,2,0.0,0.07,1,3,1
117.9259,2,0.0,0.95,16,1,1
117.9346,2,0.0,1.13,45,3,1
117.9408,2,0.0,2.49,27,3,1
117.9487,2,0.0,0.19,7,3,1
117.9564,2,0.0,0.03,4,3,1
117.9644,0,0.0,0.08,14,3,2
117.9716,2,0.0,0.07,8,3,1
117.977,2,0.0,0.17,30,3,1
117.9841,4,0.0,0.07,3,3,0
117.99,2,0.0,0.03,1,3,1
117.9986,2,0.0,0.3,12,3,1
118.0059,0,0.0,0.12,44,3,2
118.0109,2,0.0,0.14,11,3,1
118.0155,2,0.0,0.12,8,3,1
118.0208,2,0.0,0.19,26,3,1
118.0252,2,0.0,0.87,17,1,1
118.0309,2,0.9,0.04,4,3,1
118.0366,2,0.0,0.2,8,3,1
118.0409,2,0.0,0.03,2,3,1
118.045,3,0.0,0.21,24,3,1
118.0492,2,0.0,0.05,7,3,1
118.0542,0,0.0,0.06,27,3,2
118.0591,2,0.0,0.08,3,3,1
118.063,2,0.0,0.03,19,3,1
118.068,2,0.0,0.11,9,3,1
118.0724,2,0.0,0.19,9,3,1
118.0767,2,0.0,0.43,4,3,1
118.0806,3,0.0,0.16,21,3,1
118.0866,2,0.0,0.3,14,3,1
118.091,2,0.0,0.27,8,3,1
118.0946,2,0.0,0.05,1,3,1
118.1,2,0.0,0.11,9,3,1
118.1046,2,0.0,0.03,20,3,1
118.1104,2,0.0,0.15,51,3,1
118.1159,2,0.0,1.32,41,3,1
118.1212,2,21.8,3.73,29,3,1
118.1294,2,0.0,0.07,8,3,1
118.1343,2,0.0,0.19,10,3,1
118.1393,2,0.0,0.24,10,3,1
118.1444,2,0.0,0.38,6,3,1
118.1483,2,0.0,0.65,10,3,1
118.1538,2,0.0,0.12,8,3,1
118.1581,3,0.0,0.73,22,3,1
118.1618,2,0.0,3.12,11,3,1
118.1668,3,7.3,1.37,19,3,1
118.172,2,0.0,0.09,6,3,1
118.1753,2,0.0,0.11,5,3,1
118.1796,2,0.0,0.12,5,3,1
118.1847,2,0.0,0.3,11,3,1
118.1885,0,0.0,0.13,28,3,2
118.1928,2,0.0,1.69,13,3,1
118.1982,2,0.0,2.01,46,3,1
118.2037,2,0.0,0.0,10,3,1
118.2079,2,0.0,0.22,1,3,1
118.2127,2,96.3,0.43,21,3,0
118.2178,2,0.0,0.11,10,3,1
118.2224,0,0.0,0.66,26,3,2
118.2268,2,0.0,0.52,15,3,1
118.2303,2,0.0,0.05,8,3,1
118.2361,2,0.0,0.02,3,3,1
118.2407,0,0.0,1.69,28,3,2
118.2452,3,0.0,1.03,22,3,1
118.2567,2,0.0,0.31,25,3,1
118.2615,2,0.0,0.16,7,3,1
118.2662,0,0.0,1.92,32,3,2
118.2717,2,0.0,0.04,1,3,1
118.2759,2,0.0,0.1,14,3,1
118.2806,2,0.0,0.18,10,3,1
118.2856,2,0.0,0.08,11,3,1
118.2901,2,0.0,0.13,6,3,1
118.2933,2,0.0,0.67,49,3,1
118.2989,2,0.0,0.13,8,3,1
118.3042,2,0.0,0.55,12,3,1
118.3079,2,0.0,0.52,30,3,1
119.3266,2,0.0,0.79,46,3,1
119.3357,2,0.0,0.99,16,3,1
119.3445,2,0.0,0.04,3,3,1
119.3508,2,0.9,1.91,22,3,1
119.3569,2,0.0,0.02,4,3,1
119.3642,3,0.0,0.14,6,3,1
119.3712,2,0.0,0.81,9,3,1
119.3763,2,0.0,0.09,3,3,1
119.3807,2,0.0,0.01,2,3,1
119.3856,4,0.0,0.42,18,3,0
119.3898,2,0.0,0.13,9,3,1
119.3941,2,0.0,0.14,8,3,1
119.3986,2,0.0,0.01,2,3,1
119.4029,2,0.0,3.78,77,3,1
119.4066,2,0.0,0.22,23,3,1
119.4096,2,0.0,0.24,12,3,1
119.4148,2,0.0,0.06,5,3,1
119.4203,2,0.0,0.03,1,3,1
119.4258,0,0.0,0.09,28,3,2
119.4291,2,0.0,0.01,2,3,1
119.4348,1,0.0,0.08,14,3,2
119.4407,2,0.0,0.09,6,3,1
119.4458,2,0.0,0.04,8,3,1
119.4504,2,0.0,0.03,2,3,1
119.4551,2,0.0,0.3,5,3,1
119.461,3,0.0,0.09,21,3,1
119.4673,2,41.4,2.03,33,3,1
119.4728,2,0.0,0.34,24,3,1
119.4773,2,0.0,0.21,6,3,1
119.4807,2,0.0,0.03,2,3,1
119.487,2,0.0,0.63,60,3,1
119.4913,2,0.0,0.05,5,3,1
119.4954,2,0.0,0.73,31,1,1
119.4999,0,0.0,0.32,29,3,2
119.5053,2,0.0,0.26,31,3,1
119.5083,2,0.0,0.38,12,3,1
119.5126,2,0.0,0.0,38,1,1
119.5191,2,0.0,0.01,17,3,1
119.5288,2,0.0,0.13,11,3,1
119.5388,2,0.0,0.29,6,3,1
119.5517,2,0.0,0.44,50,3,1
119.5561,2,0.0,0.05,8,3,1
119.5594,2,0.0,0.08,10,3,1
119.5642,2,0.0,0.07,24,3,1
119.5685,2,0.0,0.11,6,3,1
119.5727,2,0.0,0.19,2,3,1
119.5772,2,0.0,0.06,7,3,1
119.5823,2,0.0,0.01,17,3,1
119.5871,2,0.0,0.04,2,3,1
119.5915,0,0.0,1.42,29,3,2
119.5956,2,0.0,0.04,3,3,1
119.6005,0,0.0,0.16,29,3,2
119.6046,2,0.0,0.41,35,3,1
119.6076,2,0.0,0.01,2,3,1
119.6123,2,0.0,0.05,9,1,1
119.6168,2,0.0,0.32,20,3,1
119.6215,2,0.0,0.18,14,3,1
119.6258,2,0.0,0.08,3,3,1
119.6312,4,0.0,0.2,15,3,0
119.6357,2,0.0,0.22,6,3,1
119.6398,2,0.0,0.07,2,3,1
119.6431,2,0.0,0.95,16,1,1
119.6477,2,0.0,1.13,45,3,1
119.6522,2,0.0,2.5,27,3,1
119.6562,2,0.0,0.19,7,3,1
119.6594,2,0.0,0.03,4,3,1
119.6644,0,0.0,0.08,14,3,2
119.6699,2,0.0,0.07,8,3,1
119.6755,2,0.0,0.17,30,3,1
119.6808,4,0.0,0.07,3,3,0
119.6875,2,0.0,0.03,2,3,1
119.6919,2,0.0,0.3,12,3,1
119.696,0,0.0,0.12,44,3,2
119.7008,2,0.0,0.14,11,3,1
119.7066,2,0.0,0.12,8,3,1
119.7096,2,0.0,0.2,26,3,1
119.7157,2,0.0,0.87,17,1,1
119.7245,2,0.0,0.04,4,3,1
119.7291,2,0.0,0.2,8,3,1
119.7344,2,0.0,0.03,2,3,1
119.7384,3,0.0,0.21,24,3,1
119.7429,2,0.0,0.05,8,3,1
119.7461,0,0.0,0.06,28,3,2
119.7508,2,0.0,0.08,4,3,1
119.7552,2,0.0,0.03,19,3,1
119.7585,2,0.0,0.11,10,3,1
119.7638,2,0.0,0.19,9,3,1
119.7695,2,0.0,0.43,4,3,1
119.774,3,0.0,0.16,21,3,1
119.7782,2,0.0,0.3,14,3,1
119.7841,2,0.0,0.27,8,3,1
119.7891,2,0.0,0.05,2,3,1
119.7927,2,0.0,0.11,9,3,1
119.798,2,0.0,0.03,20,3,1
119.8034,2,0.0,0.15,52,3,1
119.8065,2,0.0,1.32,41,3,1
119.8112,2,30.3,3.75,29,3,1
119.8175,2,0.0,0.07,8,3,1
119.8227,2,0.0,0.19,10,3,1
119.8268,2,0.0,0.24,10,3,1
119.8337,2,0.0,0.38,6,3,1
119.8391,2,0.0,0.65,10,3,1
119.8444,2,0.0,0.12,8,3,1
119.8516,3,0.0,0.73,22,3,1
119.8571,2,0.0,3.12,11,3,1
119.8629,3,10.1,1.37,19,3,1
119.8673,2,0.0,0.09,6,3,1
119.8732,2,0.0,0.11,6,3,1
119.8794,2,0.0,0.12,6,3,1
119.8855,2,0.0,0.3,11,3,1
119.8903,0,0.0,0.13,29,3,2
119.8944,2,0.0,1.69,13,3,1
119.899,2,0.0,2.01,46,3,1
119.9035,2,0.0,0.0,10,3,1
119.9082,2,0.0,0.22,2,3,1
119.9124,2,96.3,0.43,22,3,0
119.9172,2,0.0,0.11,9,3,1
119.9228,0,0.0,0.66,26,3,2
119.9273,2,0.0,0.52,15,3,1
119.9328,2,0.0,0.05,8,3,1
119.9377,2,0.0,0.02,3,3,1
119.942,0,0.0,1.69,28,3,2
119.9461,3,0.0,1.03,22,3,1
119.951,2,0.0,0.31,25,3,1
119.9555,2,0.0,0.16,7,3,1
119.9613,0,0.0,1.92,32,3,2
119.9664,2,0.0,0.04,1,3,1
119.9731,2,0.0,0.1,14,3,1
119.9773,2,0.0,0.18,10,3,1
119.9822,2,0.0,0.08,11,3,1
119.991,2,0.0,0.13,6,3,1
119.9952,2,0.0,0.67,49,3,1
120.0007,2,0.0,0.13,8,3,1
120.0048,2,0.0,0.55,12,3,1
120.0089,2,0.0,0.52,30,3,1
